message,label,processed_message
"Go until jurong point, crazy.. Available only in bugis n great world la e buffet... Cine there got amore wat...",ham,go jurong point crazi avail bugi n great world la e buffet cine got amor wat
Ok lar... Joking wif u oni...,ham,ok lar joke wif u oni
Free entry in 2 a wkly comp to win FA Cup final tkts 21st May 2005. Text FA to 87121 to receive entry question(std txt rate)T&C's apply 08452810075over18's,spam,free entri wkli comp win fa cup final tkt st may text fa receiv entri questionstd txt ratetc appli over
U dun say so early hor... U c already then say...,ham,u dun say earli hor u c alreadi say
"Nah I don't think he goes to usf, he lives around here though",ham,nah dont think goe usf live around though
"FreeMsg Hey there darling it's been 3 week's now and no word back! I'd like some fun you up for it still? Tb ok! XxX std chgs to send, £1.50 to rcv",spam,freemsg hey darl week word back id like fun still tb ok xxx std chg send £ rcv
Even my brother is not like to speak with me. They treat me like aids patent.,ham,even brother like speak treat like aid patent
As per your request 'Melle Melle (Oru Minnaminunginte Nurungu Vettam)' has been set as your callertune for all Callers. Press *9 to copy your friends Callertune,ham,per request mell mell oru minnaminungint nurungu vettam set callertun caller press copi friend callertun
WINNER!! As a valued network customer you have been selected to receivea £900 prize reward! To claim call 09061701461. Claim code KL341. Valid 12 hours only.,spam,winner valu network custom select receivea £ prize reward claim call claim code kl valid hour
Had your mobile 11 months or more? U R entitled to Update to the latest colour mobiles with camera for Free! Call The Mobile Update Co FREE on 08002986030,spam,mobil month u r entitl updat latest colour mobil camera free call mobil updat co free
"I'm gonna be home soon and i don't want to talk about this stuff anymore tonight, k? I've cried enough today.",ham,im gonna home soon dont want talk stuff anymor tonight k ive cri enough today
"SIX chances to win CASH! From 100 to 20,000 pounds txt> CSH11 and send to 87575. Cost 150p/day, 6days, 16+ TsandCs apply Reply HL 4 info",spam,six chanc win cash pound txt csh send cost pday day tsandc appli repli hl info
"URGENT! You have won a 1 week FREE membership in our £100,000 Prize Jackpot! Txt the word: CLAIM to No: 81010 T&C www.dbuk.net LCCLTD POBOX 4403LDNW1A7RW18",spam,urgent week free membership £ prize jackpot txt word claim tc wwwdbuknet lccltd pobox ldnwarw
I've been searching for the right words to thank you for this breather. I promise i wont take your help for granted and will fulfil my promise. You have been wonderful and a blessing at all times.,ham,ive search right word thank breather promis wont take help grant fulfil promis wonder bless time
I HAVE A DATE ON SUNDAY WITH WILL!!,ham,date sunday
"XXXMobileMovieClub: To use your credit, click the WAP link in the next txt message or click here>> http://wap. xxxmobilemovieclub.com?n=QJKGIGHJJGCBL",spam,xxxmobilemovieclub use credit click wap link next txt messag click httpwap xxxmobilemovieclubcomnqjkgighjjgcbl
Oh k...i'm watching here:),ham,oh kim watch
Eh u remember how 2 spell his name... Yes i did. He v naughty make until i v wet.,ham,eh u rememb spell name ye v naughti make v wet
Fine if thats the way u feel. Thats the way its gota b,ham,fine that way u feel that way gota b
"England v Macedonia - dont miss the goals/team news. Txt ur national team to 87077 eg ENGLAND to 87077 Try:WALES, SCOTLAND 4txt/ú1.20 POBOXox36504W45WQ 16+",spam,england v macedonia dont miss goalsteam news txt ur nation team eg england trywal scotland txtú poboxoxwwq
Is that seriously how you spell his name?,ham,serious spell name
I‘m going to try for 2 months ha ha only joking,ham,i‘m go tri month ha ha joke
So ü pay first lar... Then when is da stock comin...,ham,ü pay first lar da stock comin
Aft i finish my lunch then i go str down lor. Ard 3 smth lor. U finish ur lunch already?,ham,aft finish lunch go str lor ard smth lor u finish ur lunch alreadi
Ffffffffff. Alright no way I can meet up with you sooner?,ham,ffffffffff alright way meet sooner
Just forced myself to eat a slice. I'm really not hungry tho. This sucks. Mark is getting worried. He knows I'm sick when I turn down pizza. Lol,ham,forc eat slice im realli hungri tho suck mark get worri know im sick turn pizza lol
Lol your always so convincing.,ham,lol alway convinc
Did you catch the bus ? Are you frying an egg ? Did you make a tea? Are you eating your mom's left over dinner ? Do you feel my Love ?,ham,catch bu fri egg make tea eat mom left dinner feel love
"I'm back &amp; we're packing the car now, I'll let you know if there's room",ham,im back amp pack car ill let know there room
Ahhh. Work. I vaguely remember that! What does it feel like? Lol,ham,ahhh work vagu rememb feel like lol
"Wait that's still not all that clear, were you not sure about me being sarcastic or that that's why x doesn't want to live with us",ham,wait that still clear sure sarcast that x doesnt want live us
Yeah he got in at 2 and was v apologetic. n had fallen out and she was actin like spoilt child and he got caught up in that. Till 2! But we won't go there! Not doing too badly cheers. You? ,ham,yeah got v apologet n fallen actin like spoilt child got caught till wont go badli cheer
K tell me anything about you.,ham,k tell anyth
For fear of fainting with the of all that housework you just did? Quick have a cuppa,ham,fear faint housework quick cuppa
Thanks for your subscription to Ringtone UK your mobile will be charged £5/month Please confirm by replying YES or NO. If you reply NO you will not be charged,spam,thank subscript rington uk mobil charg £month pleas confirm repli ye repli charg
Yup... Ok i go home look at the timings then i msg ü again... Xuhui going to learn on 2nd may too but her lesson is at 8am,ham,yup ok go home look time msg ü xuhui go learn nd may lesson
"Oops, I'll let you know when my roommate's done",ham,oop ill let know roommat done
I see the letter B on my car,ham,see letter b car
Anything lor... U decide...,ham,anyth lor u decid
Hello! How's you and how did saturday go? I was just texting to see if you'd decided to do anything tomo. Not that i'm trying to invite myself or anything!,ham,hello how saturday go text see youd decid anyth tomo im tri invit anyth
Pls go ahead with watts. I just wanted to be sure. Do have a great weekend. Abiola,ham,pl go ahead watt want sure great weekend abiola
"Did I forget to tell you ? I want you , I need you, I crave you ... But most of all ... I love you my sweet Arabian steed ... Mmmmmm ... Yummy",ham,forget tell want need crave love sweet arabian steed mmmmmm yummi
07732584351 - Rodger Burns - MSG = We tried to call you re your reply to our sms for a free nokia mobile + free camcorder. Please call now 08000930705 for delivery tomorrow,spam,rodger burn msg tri call repli sm free nokia mobil free camcord pleas call deliveri tomorrow
WHO ARE YOU SEEING?,ham,see
Great! I hope you like your man well endowed. I am  &lt;#&gt;  inches...,ham,great hope like man well endow ltgt inch
No calls..messages..missed calls,ham,callsmessagesmiss call
Didn't you get hep b immunisation in nigeria.,ham,didnt get hep b immunis nigeria
"Fair enough, anything going on?",ham,fair enough anyth go
"Yeah hopefully, if tyler can't do it I could maybe ask around a bit",ham,yeah hope tyler cant could mayb ask around bit
U don't know how stubborn I am. I didn't even want to go to the hospital. I kept telling Mark I'm not a weak sucker. Hospitals are for weak suckers.,ham,u dont know stubborn didnt even want go hospit kept tell mark im weak sucker hospit weak sucker
What you thinked about me. First time you saw me in class.,ham,think first time saw class
"A gram usually runs like  &lt;#&gt; , a half eighth is smarter though and gets you almost a whole second gram for  &lt;#&gt;",ham,gram usual run like ltgt half eighth smarter though get almost whole second gram ltgt
K fyi x has a ride early tomorrow morning but he's crashing at our place tonight,ham,k fyi x ride earli tomorrow morn he crash place tonight
"Wow. I never realized that you were so embarassed by your accomodations. I thought you liked it, since i was doing the best i could and you always seemed so happy about ""the cave"". I'm sorry I didn't and don't have more to give. I'm sorry i offered. I'm sorry your room was so embarassing.",ham,wow never realiz embarass accomod thought like sinc best could alway seem happi cave im sorri didnt dont give im sorri offer im sorri room embarass
SMS. ac Sptv: The New Jersey Devils and the Detroit Red Wings play Ice Hockey. Correct or Incorrect? End? Reply END SPTV,spam,sm ac sptv new jersey devil detroit red wing play ice hockey correct incorrect end repli end sptv
Do you know what Mallika Sherawat did yesterday? Find out now @  &lt;URL&gt;,ham,know mallika sherawat yesterday find lturlgt
"Congrats! 1 year special cinema pass for 2 is yours. call 09061209465 now! C Suprman V, Matrix3, StarWars3, etc all 4 FREE! bx420-ip4-5we. 150pm. Dont miss out! ",spam,congrat year special cinema pass call c suprman v matrix starwar etc free bxipw pm dont miss
"Sorry, I'll call later in meeting.",ham,sorri ill call later meet
Tell where you reached,ham,tell reach
Yes..gauti and sehwag out of odi series.,ham,yesgauti sehwag odi seri
Your gonna have to pick up a $1 burger for yourself on your way home. I can't even move. Pain is killing me.,ham,gonna pick burger way home cant even move pain kill
Ha ha ha good joke. Girls are situation seekers.,ham,ha ha ha good joke girl situat seeker
Its a part of checking IQ,ham,part check iq
"Sorry my roommates took forever, it ok if I come by now?",ham,sorri roommat took forev ok come
Ok lar i double check wif da hair dresser already he said wun cut v short. He said will cut until i look nice.,ham,ok lar doubl check wif da hair dresser alreadi said wun cut v short said cut look nice
"As a valued customer, I am pleased to advise you that following recent review of your Mob No. you are awarded with a £1500 Bonus Prize, call 09066364589",spam,valu custom pleas advis follow recent review mob award £ bonu prize call
"Today is ""song dedicated day.."" Which song will u dedicate for me? Send this to all ur valuable frnds but first rply me...",ham,today song dedic day song u dedic send ur valuabl frnd first rpli
"Urgent UR awarded a complimentary trip to EuroDisinc Trav, Aco&Entry41 Or £1000. To claim txt DIS to 87121 18+6*£1.50(moreFrmMob. ShrAcomOrSglSuplt)10, LS1 3AJ",spam,urgent ur award complimentari trip eurodisinc trav acoentri £ claim txt di £morefrmmob shracomorsglsuplt ls aj
"Did you hear about the new ""Divorce Barbie""? It comes with all of Ken's stuff!",spam,hear new divorc barbi come ken stuff
I plane to give on this month end.,ham,plane give month end
Wah lucky man... Then can save money... Hee...,ham,wah lucki man save money hee
Finished class where are you.,ham,finish class
HI BABE IM AT HOME NOW WANNA DO SOMETHING? XX,ham,hi babe im home wanna someth xx
K..k:)where are you?how did you performed?,ham,kkwhere youhow perform
U can call me now...,ham,u call
I am waiting machan. Call me once you free.,ham,wait machan call free
Thats cool. i am a gentleman and will treat you with dignity and respect.,ham,that cool gentleman treat digniti respect
I like you peoples very much:) but am very shy pa.,ham,like peopl much shi pa
Does not operate after  &lt;#&gt;  or what,ham,oper ltgt
Its not the same here. Still looking for a job. How much do Ta's earn there.,ham,still look job much ta earn
"Sorry, I'll call later",ham,sorri ill call later
K. Did you call me just now ah? ,ham,k call ah
Ok i am on the way to home hi hi,ham,ok way home hi hi
You will be in the place of that man,ham,place man
Yup next stop.,ham,yup next stop
"I call you later, don't have network. If urgnt, sms me.",ham,call later dont network urgnt sm
For real when u getting on yo? I only need 2 more tickets and one more jacket and I'm done. I already used all my multis.,ham,real u get yo need ticket one jacket im done alreadi use multi
Yes I started to send requests to make it but pain came back so I'm back in bed. Double coins at the factory too. I gotta cash in all my nitros.,ham,ye start send request make pain came back im back bed doubl coin factori gotta cash nitro
I'm really not up to it still tonight babe,ham,im realli still tonight babe
"Ela kano.,il download, come wen ur free..",ham,ela kanoil download come wen ur free
Yeah do! Don‘t stand to close tho- you‘ll catch something!,ham,yeah don‘t stand close tho you‘ll catch someth
Sorry to be a pain. Is it ok if we meet another night? I spent late afternoon in casualty and that means i haven't done any of y stuff42moro and that includes all my time sheets and that. Sorry. ,ham,sorri pain ok meet anoth night spent late afternoon casualti mean havent done stuffmoro includ time sheet sorri
Smile in Pleasure Smile in Pain Smile when trouble pours like Rain Smile when sum1 Hurts U Smile becoz SOMEONE still Loves to see u Smiling!!,ham,smile pleasur smile pain smile troubl pour like rain smile sum hurt u smile becoz someon still love see u smile
Please call our customer service representative on 0800 169 6031 between 10am-9pm as you have WON a guaranteed £1000 cash or £5000 prize!,spam,pleas call custom servic repres ampm guarante £ cash £ prize
Havent planning to buy later. I check already lido only got 530 show in e afternoon. U finish work already?,ham,havent plan buy later check alreadi lido got show e afternoon u finish work alreadi
"Your free ringtone is waiting to be collected. Simply text the password ""MIX"" to 85069 to verify. Get Usher and Britney. FML, PO Box 5249, MK17 92H. 450Ppw 16",spam,free rington wait collect simpli text password mix verifi get usher britney fml po box mk h ppw
Watching telugu movie..wat abt u?,ham,watch telugu moviewat abt u
i see. When we finish we have loads of loans to pay,ham,see finish load loan pay
"Hi. Wk been ok - on hols now! Yes on for a bit of a run. Forgot that i have hairdressers appointment at four so need to get home n shower beforehand. Does that cause prob for u?""",ham,hi wk ok hol ye bit run forgot hairdress appoint four need get home n shower beforehand caus prob u
I see a cup of coffee animation,ham,see cup coffe anim
Please don't text me anymore. I have nothing else to say.,ham,pleas dont text anymor noth els say
Okay name ur price as long as its legal! Wen can I pick them up? Y u ave x ams xx,ham,okay name ur price long legal wen pick u ave x am xx
I'm still looking for a car to buy. And have not gone 4the driving test yet.,ham,im still look car buy gone drive test yet
As per your request 'Melle Melle (Oru Minnaminunginte Nurungu Vettam)' has been set as your callertune for all Callers. Press *9 to copy your friends Callertune,ham,per request mell mell oru minnaminungint nurungu vettam set callertun caller press copi friend callertun
"wow. You're right! I didn't mean to do that. I guess once i gave up on boston men and changed my search location to nyc, something changed. Cuz on my signin page it still says boston.",ham,wow your right didnt mean guess gave boston men chang search locat nyc someth chang cuz signin page still say boston
Umma my life and vava umma love you lot dear,ham,umma life vava umma love lot dear
Thanks a lot for your wishes on my birthday. Thanks you for making my birthday truly memorable.,ham,thank lot wish birthday thank make birthday truli memor
"Aight, I'll hit you up when I get some cash",ham,aight ill hit get cash
How would my ip address test that considering my computer isn't a minecraft server,ham,would ip address test consid comput isnt minecraft server
I know! Grumpy old people. My mom was like you better not be lying. Then again I am always the one to play jokes...,ham,know grumpi old peopl mom like better lie alway one play joke
Dont worry. I guess he's busy.,ham,dont worri guess he busi
What is the plural of the noun research?,ham,plural noun research
Going for dinner.msg you after.,ham,go dinnermsg
I'm ok wif it cos i like 2 try new things. But i scared u dun like mah. Cos u said not too loud.,ham,im ok wif co like tri new thing scare u dun like mah co u said loud
GENT! We are trying to contact you. Last weekends draw shows that you won a £1000 prize GUARANTEED. Call 09064012160. Claim Code K52. Valid 12hrs only. 150ppm,spam,gent tri contact last weekend draw show £ prize guarante call claim code k valid hr ppm
"Wa, ur openin sentence very formal... Anyway, i'm fine too, juz tt i'm eatin too much n puttin on weight...Haha... So anythin special happened?",ham,wa ur openin sentenc formal anyway im fine juz tt im eatin much n puttin weighthaha anythin special happen
"As I entered my cabin my PA said, '' Happy B'day Boss !!''. I felt special. She askd me 4 lunch. After lunch she invited me to her apartment. We went there.",ham,enter cabin pa said happi bday boss felt special askd lunch lunch invit apart went
You are a winner U have been specially selected 2 receive £1000 or a 4* holiday (flights inc) speak to a live operator 2 claim 0871277810910p/min (18+) ,spam,winner u special select receiv £ holiday flight inc speak live oper claim pmin
Goodo! Yes we must speak friday - egg-potato ratio for tortilla needed! ,ham,goodo ye must speak friday eggpotato ratio tortilla need
Hmm...my uncle just informed me that he's paying the school directly. So pls buy food.,ham,hmmmi uncl inform he pay school directli pl buy food
PRIVATE! Your 2004 Account Statement for 07742676969 shows 786 unredeemed Bonus Points. To claim call 08719180248 Identifier Code: 45239 Expires,spam,privat account statement show unredeem bonu point claim call identifi code expir
"URGENT! Your Mobile No. was awarded £2000 Bonus Caller Prize on 5/9/03 This is our final try to contact U! Call from Landline 09064019788 BOX42WR29C, 150PPM",spam,urgent mobil award £ bonu caller prize final tri contact u call landlin boxwrc ppm
here is my new address -apples&pairs&all that malarky,ham,new address applespairsal malarki
Todays Voda numbers ending 7548 are selected to receive a $350 award. If you have a match please call 08712300220 quoting claim code 4041 standard rates app,spam,today voda number end select receiv award match pleas call quot claim code standard rate app
I am going to sao mu today. Will be done only at 12 ,ham,go sao mu today done
Ü predict wat time ü'll finish buying?,ham,ü predict wat time üll finish buy
"Good stuff, will do.",ham,good stuff
"Just so that you know,yetunde hasn't sent money yet. I just sent her a text not to bother sending. So its over, you dont have to involve yourself in anything. I shouldn't have imposed anything on you in the first place so for that, i apologise.",ham,knowyetund hasnt sent money yet sent text bother send dont involv anyth shouldnt impos anyth first place apologis
Are you there in room.,ham,room
HEY GIRL. HOW R U? HOPE U R WELL ME AN DEL R BAK! AGAIN LONG TIME NO C! GIVE ME A CALL SUM TIME FROM LUCYxx,ham,hey girl r u hope u r well del r bak long time c give call sum time lucyxx
K..k:)how much does it cost?,ham,kkhow much cost
I'm home.,ham,im home
"Dear, will call Tmorrow.pls accomodate.",ham,dear call tmorrowpl accomod
First answer my question.,ham,first answer question
Sunshine Quiz Wkly Q! Win a top Sony DVD player if u know which country the Algarve is in? Txt ansr to 82277. £1.50 SP:Tyrone,spam,sunshin quiz wkli q win top soni dvd player u know countri algarv txt ansr £ sptyron
Want 2 get laid tonight? Want real Dogging locations sent direct 2 ur mob? Join the UK's largest Dogging Network bt Txting GRAVEL to 69888! Nt. ec2a. 31p.msg@150p,spam,want get laid tonight want real dog locat sent direct ur mob join uk largest dog network bt txting gravel nt eca pmsgp
I only haf msn. It's yijue@hotmail.com,ham,haf msn yijuehotmailcom
He is there. You call and meet him,ham,call meet
No no. I will check all rooms befor activities,ham,check room befor activ
You'll not rcv any more msgs from the chat svc. For FREE Hardcore services text GO to: 69988 If u get nothing u must Age Verify with yr network & try again,spam,youll rcv msg chat svc free hardcor servic text go u get noth u must age verifi yr network tri
Got c... I lazy to type... I forgot ü in lect... I saw a pouch but like not v nice...,ham,got c lazi type forgot ü lect saw pouch like v nice
"K, text me when you're on the way",ham,k text your way
"Sir, Waiting for your mail.",ham,sir wait mail
"A swt thought: ""Nver get tired of doing little things 4 lovable persons.."" Coz..somtimes those little things occupy d biggest part in their Hearts.. Gud ni8",ham,swt thought nver get tire littl thing lovabl person cozsomtim littl thing occupi biggest part heart gud ni
I know you are. Can you pls open the back?,ham,know pl open back
Yes see ya not on the dot,ham,ye see ya dot
Whats the staff name who is taking class for us?,ham,what staff name take class us
"FreeMsg Why haven't you replied to my text? I'm Randy, sexy, female and live local. Luv to hear from u. Netcollex Ltd 08700621170150p per msg reply Stop to end",spam,freemsg havent repli text im randi sexi femal live local luv hear u netcollex ltd p per msg repli stop end
Ummma.will call after check in.our life will begin from qatar so pls pray very hard.,ham,ummmawil call check inour life begin qatar pl pray hard
K..i deleted my contact that why?,ham,ki delet contact
Sindu got job in birla soft ..,ham,sindu got job birla soft
The wine is flowing and i'm i have nevering..,ham,wine flow im never
Yup i thk cine is better cos no need 2 go down 2 plaza mah.,ham,yup thk cine better co need go plaza mah
Ok... Ur typical reply...,ham,ok ur typic repli
As per your request 'Melle Melle (Oru Minnaminunginte Nurungu Vettam)' has been set as your callertune for all Callers. Press *9 to copy your friends Callertune,ham,per request mell mell oru minnaminungint nurungu vettam set callertun caller press copi friend callertun
"You are everywhere dirt, on the floor, the windows, even on my shirt. And sometimes when i open my mouth, you are all that comes flowing out. I dream of my world without you, then half my chores are out too. A time of joy for me, lots of tv shows i.ll see. But i guess like all things you just must exist, like rain, hail and mist, and when my time here is done, you and i become one.",ham,everywher dirt floor window even shirt sometim open mouth come flow dream world without half chore time joy lot tv show ill see guess like thing must exist like rain hail mist time done becom one
Aaooooright are you at work?,ham,aaooooright work
I'm leaving my house now...,ham,im leav hous
"Hello, my love. What are you doing? Did you get to that interview today? Are you you happy? Are you being a good boy? Do you think of me?Are you missing me ?",ham,hello love get interview today happi good boy think mear miss
Customer service annoncement. You have a New Years delivery waiting for you. Please call 07046744435 now to arrange delivery,spam,custom servic annonc new year deliveri wait pleas call arrang deliveri
You are a winner U have been specially selected 2 receive £1000 cash or a 4* holiday (flights inc) speak to a live operator 2 claim 0871277810810,spam,winner u special select receiv £ cash holiday flight inc speak live oper claim
Keep yourself safe for me because I need you and I miss you already and I envy everyone that see's you in real life,ham,keep safe need miss alreadi envi everyon see real life
New car and house for my parents.:)i have only new job in hand:),ham,new car hous parentsi new job hand
I'm so in love with you. I'm excited each day i spend with you. You make me so happy.,ham,im love im excit day spend make happi
-PLS STOP bootydelious (32/F) is inviting you to be her friend. Reply YES-434 or NO-434 See her: www.SMS.ac/u/bootydelious STOP? Send STOP FRND to 62468,spam,pl stop bootydeli f invit friend repli ye see wwwsmsacubootydeli stop send stop frnd
"BangBabes Ur order is on the way. U SHOULD receive a Service Msg 2 download UR content. If U do not, GoTo wap. bangb. tv on UR mobile internet/service menu",spam,bangbab ur order way u receiv servic msg download ur content u goto wap bangb tv ur mobil internetservic menu
I place all ur points on e cultures module already.,ham,place ur point e cultur modul alreadi
URGENT! We are trying to contact you. Last weekends draw shows that you have won a £900 prize GUARANTEED. Call 09061701939. Claim code S89. Valid 12hrs only,spam,urgent tri contact last weekend draw show £ prize guarante call claim code valid hr
"Hi frnd, which is best way to avoid missunderstding wit our beloved one's?",ham,hi frnd best way avoid missunderstd wit belov one
Great escape. I fancy the bridge but needs her lager. See you tomo ,ham,great escap fanci bridg need lager see tomo
Yes :)it completely in out of form:)clark also utter waste.,ham,ye complet formclark also utter wast
"Sir, I need AXIS BANK account no and bank address.",ham,sir need axi bank account bank address
"Hmmm.. Thk sure got time to hop ard... Ya, can go 4 free abt... Muz call u to discuss liao... ",ham,hmmm thk sure got time hop ard ya go free abt muz call u discuss liao
What time you coming down later? ,ham,time come later
"Bloody hell, cant believe you forgot my surname Mr . Ill give u a clue, its spanish and begins with m... ",ham,bloodi hell cant believ forgot surnam mr ill give u clue spanish begin
"Well, i'm gonna finish my bath now. Have a good...fine night.",ham,well im gonna finish bath goodfin night
Let me know when you've got the money so carlos can make the call,ham,let know youv got money carlo make call
U still going to the mall?,ham,u still go mall
"Turns out my friends are staying for the whole show and won't be back til ~ &lt;#&gt; , so feel free to go ahead and smoke that $ &lt;#&gt;  worth",ham,turn friend stay whole show wont back til ltgt feel free go ahead smoke ltgt worth
Text her. If she doesnt reply let me know so i can have her log in,ham,text doesnt repli let know log
Hi! You just spoke to MANEESHA V. We'd like to know if you were satisfied with the experience. Reply Toll Free with Yes or No.,ham,hi spoke maneesha v wed like know satisfi experi repli toll free ye
You lifted my hopes with the offer of money. I am in need. Especially when the end of the month approaches and it hurts my studying. Anyways have a gr8 weekend,ham,lift hope offer money need especi end month approach hurt studi anyway gr weekend
Lol no. U can trust me.,ham,lol u trust
ok. I am a gentleman and will treat you with dignity and respect.,ham,ok gentleman treat digniti respect
"He will, you guys close?",ham,guy close
Going on nothing great.bye,ham,go noth greatby
Hello handsome ! Are you finding that job ? Not being lazy ? Working towards getting back that net for mummy ? Where's my boytoy now ? Does he miss me ?,ham,hello handsom find job lazi work toward get back net mummi where boytoy miss
"Haha awesome, be there in a minute",ham,haha awesom minut
Please call our customer service representative on FREEPHONE 0808 145 4742 between 9am-11pm as you have WON a guaranteed £1000 cash or £5000 prize!,spam,pleas call custom servic repres freephon ampm guarante £ cash £ prize
Have you got Xmas radio times. If not i will get it now,ham,got xma radio time get
I jus reached home. I go bathe first. But my sis using net tell u when she finishes k...,ham,ju reach home go bath first si use net tell u finish k
Are you unique enough? Find out from 30th August. www.areyouunique.co.uk,spam,uniqu enough find th august wwwareyouuniquecouk
I'm sorry. I've joined the league of people that dont keep in touch. You mean a great deal to me. You have been a friend at all times even at great personal cost. Do have a great week.|,ham,im sorri ive join leagu peopl dont keep touch mean great deal friend time even great person cost great week
Hi :)finally i completed the course:),ham,hi final complet cours
It will stop on itself. I however suggest she stays with someone that will be able to give ors for every stool.,ham,stop howev suggest stay someon abl give or everi stool
How are you doing? Hope you've settled in for the new school year. Just wishin you a gr8 day,ham,hope youv settl new school year wishin gr day
Gud mrng dear hav a nice day,ham,gud mrng dear hav nice day
Did u got that persons story,ham,u got person stori
is your hamster dead? Hey so tmr i meet you at 1pm orchard mrt? ,ham,hamster dead hey tmr meet pm orchard mrt
Hi its Kate how is your evening? I hope i can see you tomorrow for a bit but i have to bloody babyjontet! Txt back if u can. :) xxx,ham,hi kate even hope see tomorrow bit bloodi babyjontet txt back u xxx
"Found it, ENC  &lt;#&gt; , where you at?",ham,found enc ltgt
I sent you  &lt;#&gt;  bucks,ham,sent ltgt buck
Hello darlin ive finished college now so txt me when u finish if u can love Kate xxx,ham,hello darlin ive finish colleg txt u finish u love kate xxx
Your account has been refilled successfully by INR  &lt;DECIMAL&gt; . Your KeralaCircle prepaid account balance is Rs  &lt;DECIMAL&gt; . Your Transaction ID is KR &lt;#&gt; .,ham,account refil success inr ltdecimalgt keralacircl prepaid account balanc rs ltdecimalgt transact id kr ltgt
Goodmorning sleeping ga.,ham,goodmorn sleep ga
U call me alter at 11 ok.,ham,u call alter ok
Ü say until like dat i dun buy ericsson oso cannot oredi lar...,ham,ü say like dat dun buy ericsson oso cannot oredi lar
"As I entered my cabin my PA said, '' Happy B'day Boss !!''. I felt special. She askd me 4 lunch. After lunch she invited me to her apartment. We went there.",ham,enter cabin pa said happi bday boss felt special askd lunch lunch invit apart went
"Aight yo, dats straight dogg",ham,aight yo dat straight dogg
You please give us connection today itself before  &lt;DECIMAL&gt;  or refund the bill,ham,pleas give us connect today ltdecimalgt refund bill
Both :) i shoot big loads so get ready!,ham,shoot big load get readi
"What's up bruv, hope you had a great break. Do have a rewarding semester.",ham,what bruv hope great break reward semest
Home so we can always chat,ham,home alway chat
K:)k:)good:)study well.,ham,kkgoodstudi well
Yup... How ü noe leh...,ham,yup ü noe leh
Sounds great! Are you home now?,ham,sound great home
Finally the match heading towards draw as your prediction.,ham,final match head toward draw predict
Tired. I haven't slept well the past few nights.,ham,tire havent slept well past night
Easy ah?sen got selected means its good..,ham,easi ahsen got select mean good
I have to take exam with march 3,ham,take exam march
Yeah you should. I think you can use your gt atm now to register. Not sure but if there's anyway i can help let me know. But when you do be sure you are ready.,ham,yeah think use gt atm regist sure there anyway help let know sure readi
Ok no prob. Take ur time.,ham,ok prob take ur time
There is os called ubandu which will run without installing in hard disk...you can use that os to copy the important files in system and give it to repair shop..,ham,os call ubandu run without instal hard diskyou use os copi import file system give repair shop
"Sorry, I'll call later",ham,sorri ill call later
U say leh... Of course nothing happen lar. Not say v romantic jus a bit only lor. I thk e nite scenery not so nice leh.,ham,u say leh cours noth happen lar say v romant ju bit lor thk e nite sceneri nice leh
"500 New Mobiles from 2004, MUST GO! Txt: NOKIA to No: 89545 & collect yours today!From ONLY £1 www.4-tc.biz 2optout 087187262701.50gbp/mtmsg18",spam,new mobil must go txt nokia collect todayfrom £ wwwtcbiz optout gbpmtmsg
Would really appreciate if you call me. Just need someone to talk to.,ham,would realli appreci call need someon talk
"Will u meet ur dream partner soon? Is ur career off 2 a flyng start? 2 find out free, txt HORO followed by ur star sign, e. g. HORO ARIES",spam,u meet ur dream partner soon ur career flyng start find free txt horo follow ur star sign e g horo ari
Hey company elama po mudyadhu.,ham,hey compani elama po mudyadhu
"Life is more strict than teacher... Bcoz Teacher teaches lesson &amp; then conducts exam, But Life first conducts Exam &amp; then teaches Lessons. Happy morning. . .",ham,life strict teacher bcoz teacher teach lesson amp conduct exam life first conduct exam amp teach lesson happi morn
Dear good morning now only i am up,ham,dear good morn
Get down in gandhipuram and walk to cross cut road. Right side &lt;#&gt; street road and turn at first right.,ham,get gandhipuram walk cross cut road right side ltgt street road turn first right
Dear we are going to our rubber place,ham,dear go rubber place
"Sorry battery died, yeah I'm here",ham,sorri batteri die yeah im
Yes:)here tv is always available in work place..,ham,yesher tv alway avail work place
Text & meet someone sexy today. U can find a date or even flirt its up to U. Join 4 just 10p. REPLY with NAME & AGE eg Sam 25. 18 -msg recd@thirtyeight pence,spam,text meet someon sexi today u find date even flirt u join p repli name age eg sam msg recdthirtyeight penc
I have printed it oh. So  &lt;#&gt;  come upstairs,ham,print oh ltgt come upstair
Or ill be a little closer like at the bus stop on the same street,ham,ill littl closer like bu stop street
Where are you?when wil you reach here?,ham,youwhen wil reach
"New Theory: Argument wins d SITUATION, but loses the PERSON. So dont argue with ur friends just.. . . . kick them &amp; say, I'm always correct.!",ham,new theori argument win situat lose person dont argu ur friend kick amp say im alway correct
U 447801259231 have a secret admirer who is looking 2 make contact with U-find out who they R*reveal who thinks UR so special-call on 09058094597,spam,u secret admir look make contact ufind rreveal think ur specialcal
Tomarrow final hearing on my laptop case so i cant.,ham,tomarrow final hear laptop case cant
PLEASSSSSSSEEEEEE TEL ME V AVENT DONE SPORTSx,ham,pleassssssseeeee tel v avent done sportsx
"Okay. No no, just shining on. That was meant to be signing, but that sounds better.",ham,okay shine meant sign sound better
"Although i told u dat i'm into baig face watches now but i really like e watch u gave cos it's fr u. Thanx 4 everything dat u've done today, i'm touched...",ham,although told u dat im baig face watch realli like e watch u gave co fr u thanx everyth dat uve done today im touch
U don't remember that old commercial?,ham,u dont rememb old commerci
Too late. I said i have the website. I didn't i have or dont have the slippers,ham,late said websit didnt dont slipper
I asked you to call him now ok,ham,ask call ok
Kallis wont bat in 2nd innings.,ham,kalli wont bat nd inning
It didnt work again oh. Ok goodnight then. I.ll fix and have it ready by the time you wake up. You are very dearly missed have a good night sleep.,ham,didnt work oh ok goodnight ill fix readi time wake dearli miss good night sleep
Congratulations ur awarded 500 of CD vouchers or 125gift guaranteed & Free entry 2 100 wkly draw txt MUSIC to 87066 TnCs www.Ldew.com1win150ppmx3age16,spam,congratul ur award cd voucher gift guarante free entri wkli draw txt music tnc wwwldewcomwinppmxag
Ranjith cal drpd Deeraj and deepak 5min hold,ham,ranjith cal drpd deeraj deepak min hold
"Wen ur lovable bcums angry wid u, dnt take it seriously.. Coz being angry is d most childish n true way of showing deep affection, care n luv!.. kettoda manda... Have nice day da.",ham,wen ur lovabl bcum angri wid u dnt take serious coz angri childish n true way show deep affect care n luv kettoda manda nice day da
What you doing?how are you?,ham,doinghow
"Ups which is 3days also, and the shipping company that takes 2wks. The other way is usps which takes a week but when it gets to lag you may have to bribe nipost to get your stuff.",ham,up day also ship compani take wk way usp take week get lag may bribe nipost get stuff
"I'm back, lemme know when you're ready",ham,im back lemm know your readi
Don't necessarily expect it to be done before you get back though because I'm just now headin out,ham,dont necessarili expect done get back though im headin
Mmm so yummy babe ... Nice jolt to the suzy,ham,mmm yummi babe nice jolt suzi
Where are you lover ? I need you ...,ham,lover need
We tried to contact you re your reply to our offer of a Video Handset? 750 anytime networks mins? UNLIMITED TEXT? Camcorder? Reply or call 08000930705 NOW,spam,tri contact repli offer video handset anytim network min unlimit text camcord repli call
I‘m parked next to a MINI!!!! When are you coming in today do you think?,ham,i‘m park next mini come today think
Yup,ham,yup
Anyway i'm going shopping on my own now. Cos my sis not done yet. Dun disturb u liao.,ham,anyway im go shop co si done yet dun disturb u liao
MY NO. IN LUTON 0125698789 RING ME IF UR AROUND! H*,ham,luton ring ur around h
Hey I am really horny want to chat or see me naked text hot to 69698 text charged at 150pm to unsubscribe text stop 69698,spam,hey realli horni want chat see nake text hot text charg pm unsubscrib text stop
Why you Dint come with us.,ham,dint come us
Same. Wana plan a trip sometme then,ham,wana plan trip sometm
"Not sure yet, still trying to get a hold of him",ham,sure yet still tri get hold
Ur ringtone service has changed! 25 Free credits! Go to club4mobiles.com to choose content now! Stop? txt CLUB STOP to 87070. 150p/wk Club4 PO Box1146 MK45 2WT,spam,ur rington servic chang free credit go clubmobilescom choos content stop txt club stop pwk club po box mk wt
The evo. I just had to download flash. Jealous?,ham,evo download flash jealou
Ringtone Club: Get the UK singles chart on your mobile each week and choose any top quality ringtone! This message is free of charge.,spam,rington club get uk singl chart mobil week choos top qualiti rington messag free charg
"Come to mu, we're sorting out our narcotics situation",ham,come mu sort narcot situat
"Night has ended for another day, morning has come in a special way. May you smile like the sunny rays and leaves your worries at the blue blue bay.",ham,night end anoth day morn come special way may smile like sunni ray leav worri blue blue bay
HMV BONUS SPECIAL 500 pounds of genuine HMV vouchers to be won. Just answer 4 easy questions. Play Now! Send HMV to 86688 More info:www.100percent-real.com,spam,hmv bonu special pound genuin hmv voucher answer easi question play send hmv infowwwpercentrealcom
"Usf I guess, might as well take 1 car",ham,usf guess might well take car
No objection. My bf not coming.,ham,object bf come
Thanx...,ham,thanx
Tell rob to mack his gf in the theater,ham,tell rob mack gf theater
"Awesome, I'll see you in a bit",ham,awesom ill see bit
Just sent it. So what type of food do you like?,ham,sent type food like
All done? All handed in? Celebrations in full swing yet?,ham,done hand celebr full swing yet
You got called a tool?,ham,got call tool
"Wen u miss someone, the person is definitely special for u..... But if the person is so special, why to miss them, just Keep-in-touch gdeve..",ham,wen u miss someon person definit special u person special miss keepintouch gdeve
Ok. I asked for money how far,ham,ok ask money far
Okie...,ham,oki
"Yeah I think my usual guy's still passed out from last night, if you get ahold of anybody let me know and I'll throw down",ham,yeah think usual guy still pass last night get ahold anybodi let know ill throw
"K, I might come by tonight then if my class lets out early",ham,k might come tonight class let earli
Ok..,ham,ok
hi baby im cruisin with my girl friend what r u up 2? give me a call in and hour at home if thats alright or fone me on this fone now love jenny xxx,ham,hi babi im cruisin girl friend r u give call hour home that alright fone fone love jenni xxx
"My life Means a lot to me, Not because I love my life, But because I love the people in my life, The world calls them friends, I call them my World:-).. Ge:-)..",ham,life mean lot love life love peopl life world call friend call world ge
"Dear,shall mail tonite.busy in the street,shall update you tonite.things are looking ok.varunnathu edukkukayee raksha ollu.but a good one in real sense.",ham,dearshal mail tonitebusi streetshal updat toniteth look okvarunnathu edukkukaye raksha ollubut good one real sens
Hey you told your name to gautham ah?,ham,hey told name gautham ah
Haf u found him? I feel so stupid da v cam was working.,ham,haf u found feel stupid da v cam work
Oops. 4 got that bit.,ham,oop got bit
Are you this much buzy,ham,much buzi
I accidentally deleted the message. Resend please.,ham,accident delet messag resend pleas
T-Mobile customer you may now claim your FREE CAMERA PHONE upgrade & a pay & go sim card for your loyalty. Call on 0845 021 3680.Offer ends 28thFeb.T&C's apply,spam,tmobil custom may claim free camera phone upgrad pay go sim card loyalti call offer end thfebtc appli
Unless it's a situation where YOU GO GURL would be more appropriate,ham,unless situat go gurl would appropri
Hurt me... Tease me... Make me cry... But in the end of my life when i die plz keep one rose on my grave and say STUPID I MISS U.. HAVE A NICE DAY BSLVYL,ham,hurt teas make cri end life die plz keep one rose grave say stupid miss u nice day bslvyl
I cant pick the phone right now. Pls send a message,ham,cant pick phone right pl send messag
Need a coffee run tomo?Can't believe it's that time of week already,ham,need coffe run tomoc believ time week alreadi
"Awesome, I remember the last time we got somebody high for the first time with diesel :V",ham,awesom rememb last time got somebodi high first time diesel v
"Shit that is really shocking and scary, cant imagine for a second. Def up for night out. Do u think there is somewhere i could crash for night, save on taxi?",ham,shit realli shock scari cant imagin second def night u think somewher could crash night save taxi
Oh and by the way you do have more food in your fridge! Want to go out for a meal tonight? ,ham,oh way food fridg want go meal tonight
He is a womdarfull actor,ham,womdarful actor
"SMS. ac Blind Date 4U!: Rodds1 is 21/m from Aberdeen, United Kingdom. Check Him out http://img. sms. ac/W/icmb3cktz8r7!-4 no Blind Dates send HIDE",spam,sm ac blind date u rodd aberdeen unit kingdom check httpimg sm acwicmbcktzr blind date send hide
Yup... From what i remb... I think should be can book... ,ham,yup remb think book
Jos ask if u wana meet up?,ham,jo ask u wana meet
Lol yes. Our friendship is hanging on a thread cause u won't buy stuff.,ham,lol ye friendship hang thread caus u wont buy stuff
"TheMob> Check out our newest selection of content, Games, Tones, Gossip, babes and sport, Keep your mobile fit and funky text WAP to 82468",spam,themob check newest select content game tone gossip babe sport keep mobil fit funki text wap
Where are the garage keys? They aren't on the bookshelf,ham,garag key arent bookshelf
Today is ACCEPT DAY..U Accept me as? Brother Sister Lover Dear1 Best1 Clos1 Lvblefrnd Jstfrnd Cutefrnd Lifpartnr Belovd Swtheart Bstfrnd No rply means enemy,ham,today accept dayu accept brother sister lover dear best clo lvblefrnd jstfrnd cutefrnd lifpartnr belovd swtheart bstfrnd rpli mean enemi
"Think ur smart ? Win £200 this week in our weekly quiz, text PLAY to 85222 now!T&Cs WinnersClub PO BOX 84, M26 3UZ. 16+. GBP1.50/week",spam,think ur smart win £ week weekli quiz text play nowtc winnersclub po box uz gbpweek
He says he'll give me a call when his friend's got the money but that he's definitely buying before the end of the week,ham,say hell give call friend got money he definit buy end week
"Hi the way I was with u 2day, is the normal way&this is the real me. UR unique&I hope I know u 4 the rest of mylife. Hope u find wot was lost.",ham,hi way u day normal waythi real ur uniquei hope know u rest mylif hope u find wot lost
You made my day. Do have a great day too.,ham,made day great day
K.k:)advance happy pongal.,ham,kkadvanc happi pongal
"Hmmm... Guess we can go 4 kb n power yoga... Haha, dunno we can tahan power yoga anot... Thk got lo oso, forgot liao...",ham,hmmm guess go kb n power yoga haha dunno tahan power yoga anot thk got lo oso forgot liao
"Not really dude, have no friends i'm afraid :(",ham,realli dude friend im afraid
December only! Had your mobile 11mths+? You are entitled to update to the latest colour camera mobile for Free! Call The Mobile Update Co FREE on 08002986906,spam,decemb mobil mth entitl updat latest colour camera mobil free call mobil updat co free
"Coffee cake, i guess...",ham,coffe cake guess
"Merry Christmas to you too babe, i love ya *kisses*",ham,merri christma babe love ya kiss
Hey... Why dont we just go watch x men and have lunch... Haha ,ham,hey dont go watch x men lunch haha
cud u tell ppl im gona b a bit l8 cos 2 buses hav gon past cos they were full & im still waitin 4 1. Pete x,ham,cud u tell ppl im gona b bit l co buse hav gon past co full im still waitin pete x
That would be great. We'll be at the Guild. Could meet on Bristol road or somewhere - will get in touch over weekend. Our plans take flight! Have a good week,ham,would great well guild could meet bristol road somewher get touch weekend plan take flight good week
No problem. How are you doing?,ham,problem
No calls..messages..missed calls,ham,callsmessagesmiss call
Hi da:)how is the todays class?,ham,hi dahow today class
"I'd say that's a good sign but, well, you know my track record at reading women",ham,id say that good sign well know track record read women
"Cool, text me when you're parked",ham,cool text your park
I'm reading the text i just sent you. Its meant to be a joke. So read it in that light,ham,im read text sent meant joke read light
K.k:)apo k.good movie.,ham,kkapo kgood movi
Maybe i could get book out tomo then return it immediately ..? Or something.,ham,mayb could get book tomo return immedi someth
Call Germany for only 1 pence per minute! Call from a fixed line via access number 0844 861 85 85. No prepayment. Direct access!,spam,call germani penc per minut call fix line via access number prepay direct access
Any chance you might have had with me evaporated as soon as you violated my privacy by stealing my phone number from your employer's paperwork. Not cool at all. Please do not contact me again or I will report you to your supervisor.,ham,chanc might evapor soon violat privaci steal phone number employ paperwork cool pleas contact report supervisor
Valentines Day Special! Win over £1000 in our quiz and take your partner on the trip of a lifetime! Send GO to 83600 now. 150p/msg rcvd. CustCare:08718720201.,spam,valentin day special win £ quiz take partner trip lifetim send go pmsg rcvd custcar
"Ta-Daaaaa! I am home babe, are you still up ?",ham,tadaaaaa home babe still
Cool. So how come you havent been wined and dined before?,ham,cool come havent wine dine
Just sleeping..and surfing,ham,sleepingand surf
"Sorry, I'll call later",ham,sorri ill call later
U calling me right? Call my hand phone...,ham,u call right call hand phone
Ok that's great thanx a lot.,ham,ok that great thanx lot
I take it the post has come then! You must have 1000s of texts now! Happy reading. My one from wiv hello caroline at the end is my favourite. Bless him,ham,take post come must text happi read one wiv hello carolin end favourit bless
Where u been hiding stranger?,ham,u hide stranger
Am not interested to do like that.,ham,interest like
My sister cleared two round in birla soft yesterday.,ham,sister clear two round birla soft yesterday
Gudnite....tc...practice going on,ham,gudnitetcpractic go
Dis is yijue. I jus saw ur mail. In case huiming havent sent u my num. Dis is my num.,ham,di yiju ju saw ur mail case huim havent sent u num di num
One small prestige problem now.,ham,one small prestig problem
Fancy a shag? I do.Interested? sextextuk.com txt XXUK SUZY to 69876. Txts cost 1.50 per msg. TnCs on website. X,spam,fanci shag dointerest sextextukcom txt xxuk suzi txt cost per msg tnc websit x
Just checking in on you. Really do miss seeing Jeremiah. Do have a great month,ham,check realli miss see jeremiah great month
"Nah can't help you there, I've never had an iphone",ham,nah cant help ive never iphon
If you're not in my car in an hour and a half I'm going apeshit,ham,your car hour half im go apeshit
"TODAY is Sorry day.! If ever i was angry with you, if ever i misbehaved or hurt you? plz plz JUST SLAP URSELF Bcoz, Its ur fault, I'm basically GOOD",ham,today sorri day ever angri ever misbehav hurt plz plz slap urself bcoz ur fault im basic good
Yo you guys ever figure out how much we need for alcohol? Jay and I are trying to figure out how much we can safely spend on weed,ham,yo guy ever figur much need alcohol jay tri figur much safe spend weed
&lt;#&gt; ISH MINUTES WAS 5 MINUTES AGO. WTF.,ham,ltgt ish minut minut ago wtf
"Thank You for calling.Forgot to say Happy Onam to you Sirji.I am fine here and remembered you when i met an insurance person.Meet You in Qatar Insha Allah.Rakhesh, ex Tata AIG who joined TISSCO,Tayseer.",ham,thank callingforgot say happi onam sirjii fine rememb met insur personmeet qatar insha allahrakhesh ex tata aig join tisscotays
Congratulations ur awarded 500 of CD vouchers or 125gift guaranteed & Free entry 2 100 wkly draw txt MUSIC to 87066 TnCs www.Ldew.com1win150ppmx3age16,spam,congratul ur award cd voucher gift guarante free entri wkli draw txt music tnc wwwldewcomwinppmxag
Ur cash-balance is currently 500 pounds - to maximize ur cash-in now send CASH to 86688 only 150p/msg. CC: 08708800282 HG/Suite342/2Lands Row/W1J6HL,spam,ur cashbal current pound maxim ur cashin send cash pmsg cc hgsuiteland rowwjhl
"I'm an actor. When i work, i work in the evening and sleep late. Since i'm unemployed at the moment, i ALWAYS sleep late. When you're unemployed, every day is saturday.",ham,im actor work work even sleep late sinc im unemploy moment alway sleep late your unemploy everi day saturday
"Hello! Just got here, st andrews-boy its a long way! Its cold. I will keep you posted",ham,hello got st andrewsboy long way cold keep post
Ha ha cool cool chikku chikku:-):-DB-),ham,ha ha cool cool chikku chikkudb
Oh ok no prob..,ham,oh ok prob
Check audrey's status right now,ham,check audrey statu right
Busy here. Trying to finish for new year. I am looking forward to finally meeting you...,ham,busi tri finish new year look forward final meet
"Good afternoon sunshine! How dawns that day ? Are we refreshed and happy to be alive? Do we breathe in the air and smile ? I think of you, my love ... As always",ham,good afternoon sunshin dawn day refresh happi aliv breath air smile think love alway
Well i know Z will take care of me. So no worries.,ham,well know z take care worri
"Update_Now - Xmas Offer! Latest Motorola, SonyEricsson & Nokia & FREE Bluetooth! Double Mins & 1000 Txt on Orange. Call MobileUpd8 on 08000839402 or call2optout/F4Q=",spam,updatenow xma offer latest motorola sonyericsson nokia free bluetooth doubl min txt orang call mobileupd calloptoutfq
Here is your discount code RP176781. To stop further messages reply stop. www.regalportfolio.co.uk. Customer Services 08717205546,spam,discount code rp stop messag repli stop wwwregalportfoliocouk custom servic
Wat uniform? In where get?,ham,wat uniform get
"Cool, text me when you're ready",ham,cool text your readi
"Hello my boytoy ... Geeee I miss you already and I just woke up. I wish you were here in bed with me, cuddling me. I love you ...",ham,hello boytoy geeee miss alreadi woke wish bed cuddl love
I will spoil you in bed as well :),ham,spoil bed well
I'm going for bath will msg you next  &lt;#&gt;  min..,ham,im go bath msg next ltgt min
I cant keep talking to people if am not sure i can pay them if they agree to price. So pls tell me what you want to really buy and how much you are willing to pay,ham,cant keep talk peopl sure pay agre price pl tell want realli buy much will pay
"Thanks for your Ringtone Order, Reference T91. You will be charged GBP 4 per week. You can unsubscribe at anytime by calling customer services on 09057039994",spam,thank rington order refer charg gbp per week unsubscrib anytim call custom servic
Can you say what happen,ham,say happen
You could have seen me..i did't recognise you Face.:),ham,could seen mei didt recognis face
Well there's not a lot of things happening in Lindsay on New years *sighs* Some bars in Ptbo and the blue heron has something going,ham,well there lot thing happen lindsay new year sigh bar ptbo blue heron someth go
Keep my payasam there if rinu brings,ham,keep payasam rinu bring
I taught that Ranjith sir called me. So only i sms like that. Becaus hes verifying about project. Prabu told today so only pa dont mistake me..,ham,taught ranjith sir call sm like becau he verifi project prabu told today pa dont mistak
"I guess that's why you re worried. You must know that there's a way the body repairs itself. And i'm quite sure you shouldn't worry. We'll take it slow. First the tests, they will guide when your ovulation is then just relax. Nothing you've said is a reason to worry but i.ll keep on followin you up.",ham,guess that worri must know there way bodi repair im quit sure shouldnt worri well take slow first test guid ovul relax noth youv said reason worri ill keep followin
"Yeah sure, give me a couple minutes to track down my wallet",ham,yeah sure give coupl minut track wallet
Hey leave it. not a big deal:-) take care.,ham,hey leav big deal take care
Hey i will be late ah... Meet you at 945+,ham,hey late ah meet
"Double mins and txts 4 6months FREE Bluetooth on Orange. Available on Sony, Nokia Motorola phones. Call MobileUpd8 on 08000839402 or call2optout/N9DX",spam,doubl min txt month free bluetooth orang avail soni nokia motorola phone call mobileupd calloptoutndx
It took Mr owl 3 licks,ham,took mr owl lick
Customer place i will call you.,ham,custom place call
Mm that time you dont like fun,ham,mm time dont like fun
4mths half price Orange line rental & latest camera phones 4 FREE. Had your phone 11mths ? Call MobilesDirect free on 08000938767 to update now! or2stoptxt,spam,mth half price orang line rental latest camera phone free phone mth call mobilesdirect free updat orstoptxt
Yup having my lunch buffet now.. U eat already?,ham,yup lunch buffet u eat alreadi
Huh so late... Fr dinner?,ham,huh late fr dinner
Hey so this sat are we going for the intro pilates only? Or the kickboxing too? ,ham,hey sat go intro pilat kickbox
Morning only i can ok.,ham,morn ok
Yes i think so. I am in office but my lap is in room i think thats on for the last few days. I didnt shut that down,ham,ye think offic lap room think that last day didnt shut
Pick you up bout 7.30ish? What time are  and that going?,ham,pick bout ish time go
From here after The performance award is calculated every two month.not for current one month period..,ham,perform award calcul everi two monthnot current one month period
Was actually sleeping and still might when u call back. So a text is gr8. You rock sis. Will send u a text wen i wake.,ham,actual sleep still might u call back text gr rock si send u text wen wake
"You are always putting your business out there. You put pictures of your ass on facebook. You are one of the most open people i've ever met. Why would i think a picture of your room would hurt you, make you feel violated.",ham,alway put busi put pictur ass facebook one open peopl ive ever met would think pictur room would hurt make feel violat
"Good evening Sir, Al Salam Wahleykkum.sharing a happy news.By the grace of God, i got an offer from Tayseer,TISSCO and i joined.Hope you are fine.Inshah Allah,meet you sometime.Rakhesh,visitor from India.",ham,good even sir al salam wahleykkumshar happi newsbi grace god got offer tayseertissco joinedhop fineinshah allahmeet sometimerakheshvisitor india
Hmmm...k...but i want to change the field quickly da:-)i wanna get system administrator or network administrator..,ham,hmmmkbut want chang field quickli dai wanna get system administr network administr
"FREE RINGTONE text FIRST to 87131 for a poly or text GET to 87131 for a true tone! Help? 0845 2814032 16 after 1st free, tones are 3x£150pw to e£nd txt stop",spam,free rington text first poli text get true tone help st free tone x£pw e£nd txt stop
Dear how is chechi. Did you talk to her,ham,dear chechi talk
The hair cream has not been shipped.,ham,hair cream ship
None of that's happening til you get here though,ham,none that happen til get though
"Yep, the great loxahatchee xmas tree burning of  &lt;#&gt;  starts in an hour",ham,yep great loxahatche xma tree burn ltgt start hour
"Haha get used to driving to usf man, I know a lot of stoners",ham,haha get use drive usf man know lot stoner
All was well until slightly disastrous class this pm with my fav darlings! Hope day off ok. Coffee wld be good as can't stay late tomorrow. Same time + place as always?,ham,well slightli disastr class pm fav darl hope day ok coffe wld good cant stay late tomorrow time place alway
Hello! Good week? Fancy a drink or something later?,ham,hello good week fanci drink someth later
Headin towards busetop,ham,headin toward busetop
Message:some text missing* Sender:Name Missing* *Number Missing *Sent:Date missing *Missing U a lot thats y everything is missing sent via fullonsms.com,ham,messagesom text miss sendernam miss number miss sentdat miss miss u lot that everyth miss sent via fullonsmscom
Come by our room at some point so we can iron out the plan for this weekend,ham,come room point iron plan weekend
Cos i want it to be your thing,ham,co want thing
"Okies... I'll go yan jiu too... We can skip ard oso, go cine den go mrt one, blah blah blah... ",ham,oki ill go yan jiu skip ard oso go cine den go mrt one blah blah blah
Bring home some Wendy =D,ham,bring home wendi
100 dating service cal;l 09064012103 box334sk38ch,spam,date servic call boxskch
Whatsup there. Dont u want to sleep,ham,whatsup dont u want sleep
Alright i have a new goal now,ham,alright new goal
FREE entry into our £250 weekly competition just text the word WIN to 80086 NOW. 18 T&C www.txttowin.co.uk,spam,free entri £ weekli competit text word win tc wwwtxttowincouk
"Alright, I'll head out in a few minutes, text me where to meet you",ham,alright ill head minut text meet
Send a logo 2 ur lover - 2 names joined by a heart. Txt LOVE NAME1 NAME2 MOBNO eg LOVE ADAM EVE 07123456789 to 87077 Yahoo! POBox36504W45WQ TxtNO 4 no ads 150p,spam,send logo ur lover name join heart txt love name name mobno eg love adam eve yahoo poboxwwq txtno ad p
Yes:)from last week itself i'm taking live call.,ham,yesfrom last week im take live call
Someone has contacted our dating service and entered your phone because they fancy you! To find out who it is call from a landline 09111032124 . PoBox12n146tf150p,spam,someon contact date servic enter phone fanci find call landlin poboxntfp
Siva is in hostel aha:-.,ham,siva hostel aha
URGENT! Your Mobile number has been awarded with a £2000 prize GUARANTEED. Call 09058094455 from land line. Claim 3030. Valid 12hrs only,spam,urgent mobil number award £ prize guarante call land line claim valid hr
Send this to ur friends and receive something about ur voice..... How is my speaking expression? 1.childish 2.naughty 3.Sentiment 4.rowdy 5.ful of attitude 6.romantic 7.shy 8.Attractive 9.funny  &lt;#&gt; .irritating  &lt;#&gt; .lovable. reply me..,ham,send ur friend receiv someth ur voic speak express childish naughti sentiment rowdi ful attitud romant shi attract funni ltgt irrit ltgt lovabl repli
Ok. She'll be ok. I guess,ham,ok shell ok guess
aathi..where are you dear..,ham,aathiwher dear
Any pain on urination any thing else?,ham,pain urin thing els
7 at esplanade.. Do ü mind giving me a lift cos i got no car today..,ham,esplanad ü mind give lift co got car today
I wnt to buy a BMW car urgently..its vry urgent.but hv a shortage of  &lt;#&gt; Lacs.there is no source to arng dis amt. &lt;#&gt; lacs..thats my prob,ham,wnt buy bmw car urgentlyit vri urgentbut hv shortag ltgt lacsther sourc arng di amt ltgt lacsthat prob
At home watching tv lor.,ham,home watch tv lor
Does she usually take fifteen fucking minutes to respond to a yes or no question,ham,usual take fifteen fuck minut respond ye question
Congrats! Nokia 3650 video camera phone is your Call 09066382422 Calls cost 150ppm Ave call 3mins vary from mobiles 16+ Close 300603 post BCM4284 Ldn WC1N3XX,spam,congrat nokia video camera phone call call cost ppm ave call min vari mobil close post bcm ldn wcnxx
Booked ticket for pongal?,ham,book ticket pongal
You available now? I'm like right around hillsborough &amp;  &lt;#&gt; th,ham,avail im like right around hillsborough amp ltgt th
The message sent is askin for  &lt;#&gt; dollars. Shoul i pay  &lt;#&gt;  or  &lt;#&gt; ?,ham,messag sent askin ltgt dollar shoul pay ltgt ltgt
"Ask g or iouri, I've told the story like ten times already",ham,ask g iouri ive told stori like ten time alreadi
How long does applebees fucking take,ham,long applebe fuck take
"Hi hope u get this txt~journey hasnt been gd,now about 50 mins late I think.",ham,hi hope u get txtjourney hasnt gdnow min late think
But i have to. I like to have love and arrange.,ham,like love arrang
Yes..he is really great..bhaji told kallis best cricketer after sachin in world:).very tough to get out.,ham,yesh realli greatbhaji told kalli best cricket sachin worldveri tough get
You were supposed to wake ME up &gt;:(,ham,suppos wake gt
Oic... I saw him too but i tot he din c me... I found a group liao...,ham,oic saw tot din c found group liao
"Sorry, I'll call later",ham,sorri ill call later
"HEY HEY WERETHE MONKEESPEOPLE SAY WE MONKEYAROUND! HOWDY GORGEOUS, HOWU DOIN? FOUNDURSELF A JOBYET SAUSAGE?LOVE JEN XXX",ham,hey hey wereth monkeespeopl say monkeyaround howdi gorgeou howu doin foundurself jobyet sausagelov jen xxx
"Sorry, my battery died, I can come by but I'm only getting a gram for now, where's your place?",ham,sorri batteri die come im get gram where place
"Well done, blimey, exercise, yeah, i kinda remember wot that is, hmm. ",ham,well done blimey exercis yeah kinda rememb wot hmm
I wont get concentration dear you know you are my mind and everything :-),ham,wont get concentr dear know mind everyth
LOL ... Have you made plans for new years?,ham,lol made plan new year
10 min later k...,ham,min later k
hanks lotsly!,ham,hank lotsli
Thanks for this hope you had a good day today,ham,thank hope good day today
K:)k:)what are detail you want to transfer?acc no enough?,ham,kkwhat detail want transferacc enough
Ok i will tell her to stay out. Yeah its been tough but we are optimistic things will improve this month.,ham,ok tell stay yeah tough optimist thing improv month
"Loan for any purpose £500 - £75,000. Homeowners + Tenants welcome. Have you been previously refused? We can still help. Call Free 0800 1956669 or text back 'help'",spam,loan purpos £ £ homeown tenant welcom previous refus still help call free text back help
Si si. I think ill go make those oreo truffles.,ham,si si think ill go make oreo truffl
"LOOK AT AMY URE A BEAUTIFUL, INTELLIGENT WOMAN AND I LIKE U A LOT. I KNOW U DONT LIKE ME LIKE THAT SO DONT WORRY.",ham,look ami ure beauti intellig woman like u lot know u dont like like dont worri
I hope you that's the result of being consistently intelligent and kind. Start asking him about practicum links and keep your ears open and all the best. ttyl,ham,hope that result consist intellig kind start ask practicum link keep ear open best ttyl
"1.20 that call cost. Which i guess isnt bad. Miss ya, need ya, want ya, love ya",ham,call cost guess isnt bad miss ya need ya want ya love ya
Going thru a very different feeling.wavering decisions and coping up with the same is the same individual.time will heal everything i believe.,ham,go thru differ feelingwav decis cope individualtim heal everyth believ
Where did u go? My phone is gonna die you have to stay in here,ham,u go phone gonna die stay
Great. Never been better. Each day gives even more reasons to thank God,ham,great never better day give even reason thank god
"UpgrdCentre Orange customer, you may now claim your FREE CAMERA PHONE upgrade for your loyalty. Call now on 0207 153 9153. Offer ends 26th July. T&C's apply. Opt-out available",spam,upgrdcentr orang custom may claim free camera phone upgrad loyalti call offer end th juli tc appli optout avail
"Sorry, I'll call later ok bye",ham,sorri ill call later ok bye
Ok i am on the way to railway,ham,ok way railway
great princess! I love giving and receiving oral. Doggy style is my fave position. How about you? I enjoy making love  &lt;#&gt;  times per night :),ham,great princess love give receiv oral doggi style fave posit enjoy make love ltgt time per night
They don't put that stuff on the roads to keep it from getting slippery over there?,ham,dont put stuff road keep get slipperi
When are you going to ride your bike?,ham,go ride bike
"Yup, no need. I'll jus wait 4 e rain 2 stop.",ham,yup need ill ju wait e rain stop
There are many company. Tell me the language.,ham,mani compani tell languag
okmail: Dear Dave this is your final notice to collect your 4* Tenerife Holiday or #5000 CASH award! Call 09061743806 from landline. TCs SAE Box326 CW25WX 150ppm,spam,okmail dear dave final notic collect tenerif holiday cash award call landlin tc sae box cwwx ppm
"How long has it been since you screamed, princess?",ham,long sinc scream princess
"Nothing. I meant that once the money enters your account here, the bank will remove its flat rate. Someone transfered  &lt;#&gt;  to my account and  &lt;#&gt; dollars got removed. So the banks differ and charges also differ.be sure you trust the 9ja person you are sending account details to cos...",ham,noth meant money enter account bank remov flat rate someon transfer ltgt account ltgt dollar got remov bank differ charg also differb sure trust ja person send account detail co
Want 2 get laid tonight? Want real Dogging locations sent direct 2 ur Mob? Join the UK's largest Dogging Network by txting MOAN to 69888Nyt. ec2a. 31p.msg@150p,spam,want get laid tonight want real dog locat sent direct ur mob join uk largest dog network txting moan nyt eca pmsgp
Nice line said by a broken heart- Plz don't cum 1 more times infront of me... Other wise once again I ll trust U... Good 9t:),ham,nice line said broken heart plz dont cum time infront wise trust u good
Ok I'm gonna head up to usf in like fifteen minutes,ham,ok im gonna head usf like fifteen minut
Love you aathi..love u lot..,ham,love aathilov u lot
Tension ah?what machi?any problem?,ham,tension ahwhat machiani problem
"K, can I pick up another 8th when you're done?",ham,k pick anoth th your done
When're you guys getting back? G said you were thinking about not staying for mcr,ham,whenr guy get back g said think stay mcr
"Almost there, see u in a sec",ham,almost see u sec
"Yo carlos, a few friends are already asking me about you, you working at all this weekend?",ham,yo carlo friend alreadi ask work weekend
Watching tv lor...,ham,watch tv lor
Thank you baby! I cant wait to taste the real thing...,ham,thank babi cant wait tast real thing
You should change your fb to jaykwon thuglyfe falconerf,ham,chang fb jaykwon thuglyf falconerf
If we win its really no 1 side for long time.,ham,win realli side long time
"FREE MESSAGE Activate your 500 FREE Text Messages by replying to this message with the word FREE For terms & conditions, visit www.07781482378.com",spam,free messag activ free text messag repli messag word free term condit visit wwwcom
Dear reached railway. What happen to you,ham,dear reach railway happen
"Depends on quality. If you want the type i sent boye, faded glory, then about 6. If you want ralphs maybe 2",ham,depend qualiti want type sent boy fade glori want ralph mayb
I think i've fixed it can you send a test message?,ham,think ive fix send test messag
"Sorry man my account's dry or I would, if you want we could trade back half or I could buy some shit with my credit card",ham,sorri man account dri would want could trade back half could buy shit credit card
"Congrats! 1 year special cinema pass for 2 is yours. call 09061209465 now! C Suprman V, Matrix3, StarWars3, etc all 4 FREE! bx420-ip4-5we. 150pm. Dont miss out!",spam,congrat year special cinema pass call c suprman v matrix starwar etc free bxipw pm dont miss
"Sorry,in meeting I'll call later",ham,sorryin meet ill call later
What class of  &lt;#&gt;  reunion?,ham,class ltgt reunion
Are you free now?can i call now?,ham,free nowcan call
Got meh... When?,ham,got meh
Nope... Think i will go for it on monday... Sorry i replied so late,ham,nope think go monday sorri repli late
Some of them told accenture is not confirm. Is it true.,ham,told accentur confirm true
"Kate jackson rec center before 7ish, right?",ham,kate jackson rec center ish right
Dear i have reache room,ham,dear reach room
"Fighting with the world is easy, u either win or lose bt fightng with some1 who is close to u is dificult if u lose - u lose if u win - u still lose.",ham,fight world easi u either win lose bt fightng close u dificult u lose u lose u win u still lose
When can ü come out?,ham,ü come
Check with nuerologist.,ham,check nuerologist
Lolnice. I went from a fish to ..water.?,ham,lolnic went fish water
+123 Congratulations - in this week's competition draw u have won the £1450 prize to claim just call 09050002311 b4280703. T&Cs/stop SMS 08718727868. Over 18 only 150ppm,spam,congratul week competit draw u £ prize claim call b tcsstop sm ppm
No it's waiting in e car dat's bored wat. Cos wait outside got nothing 2 do. At home can do my stuff or watch tv wat.,ham,wait e car dat bore wat co wait outsid got noth home stuff watch tv wat
"Maybe westshore or hyde park village, the place near my house?",ham,mayb westshor hyde park villag place near hous
You should know now. So how's anthony. Are you bringing money. I've school fees to pay and rent and stuff like that. Thats why i need your help. A friend in need....|,ham,know how anthoni bring money ive school fee pay rent stuff like that need help friend need
What's the significance?,ham,what signific
Your opinion about me? 1. Over 2. Jada 3. Kusruthi 4. Lovable 5. Silent 6. Spl character 7. Not matured 8. Stylish 9. Simple Pls reply..,ham,opinion jada kusruthi lovabl silent spl charact matur stylish simpl pl repli
"8 at the latest, g's still there if you can scrounge up some ammo and want to give the new ak a try",ham,latest gs still scroung ammo want give new ak tri
Prabha..i'm soryda..realy..frm heart i'm sory,ham,prabhaim sorydarealyfrm heart im sori
Lol ok your forgiven :),ham,lol ok forgiven
No..jst change tat only..,ham,nojst chang tat
"You are guaranteed the latest Nokia Phone, a 40GB iPod MP3 player or a £500 prize! Txt word: COLLECT to No: 83355! IBHltd LdnW15H 150p/Mtmsgrcvd18+",spam,guarante latest nokia phone gb ipod mp player £ prize txt word collect ibhltd ldnwh pmtmsgrcvd
S:)no competition for him.,ham,sno competit
Boltblue tones for 150p Reply POLY# or MONO# eg POLY3 1. Cha Cha Slide 2. Yeah 3. Slow Jamz 6. Toxic 8. Come With Me or STOP 4 more tones txt MORE,spam,boltblu tone p repli poli mono eg poli cha cha slide yeah slow jamz toxic come stop tone txt
Your credits have been topped up for http://www.bubbletext.com Your renewal Pin is tgxxrz,spam,credit top httpwwwbubbletextcom renew pin tgxxrz
"That way transport is less problematic than on sat night. By the way, if u want to ask  n  to join my bday, feel free. But need to know definite nos as booking on fri. ",ham,way transport less problemat sat night way u want ask n join bday feel free need know definit no book fri
Usually the person is unconscious that's in children but in adults they may just behave abnormally. I.ll call you now,ham,usual person unconsci that children adult may behav abnorm ill call
But that's on ebay it might be less elsewhere.,ham,that ebay might less elsewher
Shall i come to get pickle,ham,shall come get pickl
Were gonna go get some tacos,ham,gonna go get taco
"That's very rude, you on campus?",ham,that rude campu
"URGENT!: Your Mobile No. was awarded a £2,000 Bonus Caller Prize on 02/09/03! This is our 2nd attempt to contact YOU! Call 0871-872-9755 BOX95QU",spam,urgent mobil award £ bonu caller prize nd attempt contact call boxqu
Hi i won't b ard 4 christmas. But do enjoy n merry x'mas.,ham,hi wont b ard christma enjoy n merri xma
"Today's Offer! Claim ur £150 worth of discount vouchers! Text YES to 85023 now! SavaMob, member offers mobile! T Cs 08717898035. £3.00 Sub. 16 . Unsub reply X",spam,today offer claim ur £ worth discount voucher text ye savamob member offer mobil cs £ sub unsub repli x
Yes! How is a pretty lady like you single?,ham,ye pretti ladi like singl
You will recieve your tone within the next 24hrs. For Terms and conditions please see Channel U Teletext Pg 750,spam,reciev tone within next hr term condit pleas see channel u teletext pg
Jay says that you're a double-faggot,ham,jay say your doublefaggot
PRIVATE! Your 2003 Account Statement for 07815296484 shows 800 un-redeemed S.I.M. points. Call 08718738001 Identifier Code 41782 Expires 18/11/04 ,spam,privat account statement show unredeem sim point call identifi code expir
What Today-sunday..sunday is holiday..so no work..,ham,todaysundaysunday holidayso work
Gudnite....tc...practice going on,ham,gudnitetcpractic go
I'll be late...,ham,ill late
"I've not called you in a while. This is hoping it was l8r malaria and that you know that we miss you guys. I miss Bani big, so pls give her my love especially. Have a great day.",ham,ive call hope lr malaria know miss guy miss bani big pl give love especi great day
"Good afternoon, my love! How goes that day ? I hope maybe you got some leads on a job. I think of you, boytoy and send you a passionate kiss from across the sea",ham,good afternoon love goe day hope mayb got lead job think boytoy send passion kiss across sea
"Probably gonna be here for a while, see you later tonight &lt;)",ham,probabl gonna see later tonight lt
Or maybe my fat fingers just press all these buttons and it doesn't know what to do.,ham,mayb fat finger press button doesnt know
Ummmmmaah Many many happy returns of d day my dear sweet heart.. HAPPY BIRTHDAY dear,ham,ummmmmaah mani mani happi return day dear sweet heart happi birthday dear
"I am in tirupur da, once you started from office call me.",ham,tirupur da start offic call
from www.Applausestore.com MonthlySubscription@50p/msg max6/month T&CsC web age16 2stop txt stop,spam,wwwapplausestorecom monthlysubscriptionpmsg maxmonth tcsc web age stop txt stop
"A famous quote : when you develop the ability to listen to 'anything' unconditionally without losing your temper or self confidence, it means you are ......... 'MARRIED'",ham,famou quot develop abil listen anyth uncondit without lose temper self confid mean marri
But am going to college pa. What to do. are else ill come there it self. Pa.,ham,go colleg pa els ill come self pa
4 oclock at mine. Just to bash out a flat plan.,ham,oclock mine bash flat plan
This girl does not stay in bed. This girl doesn't need recovery time. Id rather pass out while having fun then be cooped up in bed,ham,girl stay bed girl doesnt need recoveri time id rather pass fun coop bed
Then any special there?,ham,special
I know but you need to get hotel now. I just got my invitation but i had to apologise. Cali is to sweet for me to come to some english bloke's weddin,ham,know need get hotel got invit apologis cali sweet come english bloke weddin
"Sorry that took so long, omw now",ham,sorri took long omw
Wait  &lt;#&gt;  min..,ham,wait ltgt min
Ok give me 5 minutes I think I see her. BTW you're my alibi. You were cutting my hair the whole time.,ham,ok give minut think see btw your alibi cut hair whole time
"Imagine you finally get to sink into that bath after I have put you through your paces, maybe even having you eat me for a while before I left ... But also imagine the feel of that cage on your cock surrounded by the bath water, reminding you always who owns you ... Enjoy, my cuck",ham,imagin final get sink bath put pace mayb even eat left also imagin feel cage cock surround bath water remind alway own enjoy cuck
"Hurry up, I've been weed-deficient for like three days",ham,hurri ive weeddefici like three day
"Sure, if I get an acknowledgement from you that it's astoundingly tactless and generally faggy to demand a blood oath fo",ham,sure get acknowledg astoundingli tactless gener faggi demand blood oath fo
Ok. Every night take a warm bath drink a cup of milk and you'll see a work of magic. You still need to loose weight. Just so that you know,ham,ok everi night take warm bath drink cup milk youll see work magic still need loos weight know
I‘ll have a look at the frying pan in case it‘s cheap or a book perhaps. No that‘s silly a frying pan isn‘t likely to be a book,ham,i‘ll look fri pan case it‘ cheap book perhap that‘ silli fri pan isn‘t like book
O. Well uv causes mutations. Sunscreen is like essential thesedays,ham,well uv caus mutat sunscreen like essenti theseday
Having lunch:)you are not in online?why?,ham,lunchyou onlinewhi
I know that my friend already told that.,ham,know friend alreadi told
Hi Princess! Thank you for the pics. You are very pretty. How are you?,ham,hi princess thank pic pretti
"Aiyo... U always c our ex one... I dunno abt mei, she haven reply... First time u reply so fast... Y so lucky not workin huh, got bao by ur sugardad ah...gee.. ",ham,aiyo u alway c ex one dunno abt mei repli first time u repli fast lucki workin huh got bao ur sugardad ahge
Hi msg me:)i'm in office..,ham,hi msg meim offic
Thanx 4 e brownie it's v nice...,ham,thanx e browni v nice
Geeeee ... I love you so much I can barely stand it,ham,geeeee love much bare stand
GENT! We are trying to contact you. Last weekends draw shows that you won a £1000 prize GUARANTEED. Call 09064012160. Claim Code K52. Valid 12hrs only. 150ppm ,spam,gent tri contact last weekend draw show £ prize guarante call claim code k valid hr ppm
"Fuck babe ... I miss you already, you know ? Can't you let me send you some money towards your net ? I need you ... I want you ... I crave you ...",ham,fuck babe miss alreadi know cant let send money toward net need want crave
"Ill call u 2mrw at ninish, with my address that icky American freek wont stop callin me 2 bad Jen k eh?",ham,ill call u mrw ninish address icki american freek wont stop callin bad jen k eh
Oooh bed ridden ey? What are YOU thinking of?,ham,oooh bed ridden ey think
"So anyways, you can just go to your gym or whatever, my love *smiles* I hope your ok and having a good day babe ... I miss you so much already",ham,anyway go gym whatev love smile hope ok good day babe miss much alreadi
Love it! Daddy will make you scream with pleasure! I am going to slap your ass with my dick!,ham,love daddi make scream pleasur go slap ass dick
WOT U WANNA DO THEN MISSY?,ham,wot u wanna missi
Yar lor wait 4 my mum 2 finish sch then have lunch lor... I whole morning stay at home clean my room now my room quite clean... Hee...,ham,yar lor wait mum finish sch lunch lor whole morn stay home clean room room quit clean hee
Do you know where my lab goggles went,ham,know lab goggl went
Can you open the door?,ham,open door
Waiting for your call.,ham,wait call
Nope i waiting in sch 4 daddy... ,ham,nope wait sch daddi
"You have won ?1,000 cash or a ?2,000 prize! To claim, call09050000327",spam,cash prize claim call
"I'm tired of arguing with you about this week after week. Do what you want and from now on, i'll do the same.",ham,im tire argu week week want ill
Ü wait 4 me in sch i finish ard 5..,ham,ü wait sch finish ard
"our mobile number has won £5000, to claim calls us back or ring the claims hot line on 09050005321.",spam,mobil number £ claim call us back ring claim hot line
"Arngd marriage is while u r walkin unfortuntly a snake bites u. bt love marriage is dancing in frnt of d snake &amp; sayin Bite me, bite me.",ham,arngd marriag u r walkin unfortuntli snake bite u bt love marriag danc frnt snake amp sayin bite bite
Huh so early.. Then ü having dinner outside izzit?,ham,huh earli ü dinner outsid izzit
Ok anyway no need to change with what you said,ham,ok anyway need chang said
We tried to contact you re your reply to our offer of 750 mins 150 textand a new video phone call 08002988890 now or reply for free delivery tomorrow,spam,tri contact repli offer min textand new video phone call repli free deliveri tomorrow
my ex-wife was not able to have kids. Do you want kids one day?,ham,exwif abl kid want kid one day
So how's scotland. Hope you are not over showing your JJC tendencies. Take care. Live the dream,ham,how scotland hope show jjc tendenc take care live dream
Tell them u have a headache and just want to use 1 hour of sick time.,ham,tell u headach want use hour sick time
"I dun thk i'll quit yet... Hmmm, can go jazz ? Yogasana oso can... We can go meet em after our lessons den... ",ham,dun thk ill quit yet hmmm go jazz yogasana oso go meet em lesson den
Pete can you please ring meive hardly gotany credit,ham,pete pleas ring meiv hardli gotani credit
Ya srsly better than yi tho,ham,ya srsli better yi tho
"I'm in a meeting, call me later at",ham,im meet call later
"For ur chance to win a £250 wkly shopping spree TXT: SHOP to 80878. T's&C's www.txt-2-shop.com custcare 08715705022, 1x150p/wk",spam,ur chanc win £ wkli shop spree txt shop tsc wwwtxtshopcom custcar xpwk
You have been specially selected to receive a 2000 pound award! Call 08712402050 BEFORE the lines close. Cost 10ppm. 16+. T&Cs apply. AG Promo,spam,special select receiv pound award call line close cost ppm tc appli ag promo
PRIVATE! Your 2003 Account Statement for 07753741225 shows 800 un-redeemed S. I. M. points. Call 08715203677 Identifier Code: 42478 Expires 24/10/04,spam,privat account statement show unredeem point call identifi code expir
You still at grand prix?,ham,still grand prix
"I met you as a stranger and choose you as my friend. As long as the world stands, our friendship never ends. Lets be Friends forever!!! Gud nitz...",ham,met stranger choos friend long world stand friendship never end let friend forev gud nitz
I am great! How are you?,ham,great
Gud mrng dear have a nice day,ham,gud mrng dear nice day
You have an important customer service announcement. Call FREEPHONE 0800 542 0825 now!,spam,import custom servic announc call freephon
Will do. Was exhausted on train this morning. Too much wine and pie. You sleep well too,ham,exhaust train morn much wine pie sleep well
I'm going out to buy mum's present ar.,ham,im go buy mum present ar
Mind blastin.. No more Tsunamis will occur from now on.. Rajnikant stopped swimming in Indian Ocean..:-D,ham,mind blastin tsunami occur rajnik stop swim indian oceand
If u sending her home first it's ok lor. I'm not ready yet.,ham,u send home first ok lor im readi yet
Speaking of does he have any cash yet?,ham,speak cash yet
Be happy there. I will come after noon,ham,happi come noon
Meet after lunch la...,ham,meet lunch la
TaKe CaRE n gET WeLL sOOn,ham,take care n get well soon
XCLUSIVE@CLUBSAISAI 2MOROW 28/5 SOIREE SPECIALE ZOUK WITH NICHOLS FROM PARIS.FREE ROSES 2 ALL LADIES !!! info: 07946746291/07880867867 ,spam,xclusiveclubsaisai morow soire special zouk nichol parisfre rose ladi info
what I meant to say is cant wait to see u again getting bored of this bridgwater banter,ham,meant say cant wait see u get bore bridgwat banter
Neva mind it's ok..,ham,neva mind ok
"It's fine, imma get a drink or somethin. Want me to come find you?",ham,fine imma get drink somethin want come find
22 days to kick off! For Euro2004 U will be kept up to date with the latest news and results daily. To be removed send GET TXT STOP to 83222,spam,day kick euro u kept date latest news result daili remov send get txt stop
Its a valentine game. . . Send dis msg to all ur friends. .. If 5 answers r d same then someone really loves u. Ques- which colour suits me the best?rply me,ham,valentin game send di msg ur friend answer r someon realli love u que colour suit bestrpli
I have many dependents,ham,mani depend
THANX4 TODAY CER IT WAS NICE 2 CATCH UP BUT WE AVE 2 FIND MORE TIME MORE OFTEN OH WELL TAKE CARE C U SOON.C,ham,thanx today cer nice catch ave find time often oh well take care c u soonc
I called and said all to him:)then he have to choose this future.,ham,call said himthen choos futur
Happy valentines day I know its early but i have hundreds of handsomes and beauties to wish. So i thought to finish off aunties and uncles 1st...,ham,happi valentin day know earli hundr handsom beauti wish thought finish aunti uncl st
He like not v shock leh. Cos telling shuhui is like telling leona also. Like dat almost all know liao. He got ask me abt ur reaction lor.,ham,like v shock leh co tell shuhui like tell leona also like dat almost know liao got ask abt ur reaction lor
For my family happiness..,ham,famili happi
I come n pick ü up... Come out immediately aft ur lesson...,ham,come n pick ü come immedi aft ur lesson
Let there be snow. Let there be snow. This kind of weather brings ppl together so friendships can grow.,ham,let snow let snow kind weather bring ppl togeth friendship grow
Dear we got  &lt;#&gt;  dollars hi hi,ham,dear got ltgt dollar hi hi
Good words.... But words may leave u in dismay many times.,ham,good word word may leav u dismay mani time
MAKE SURE ALEX KNOWS HIS BIRTHDAY IS OVER IN FIFTEEN MINUTES AS FAR AS YOU'RE CONCERNED,ham,make sure alex know birthday fifteen minut far your concern
"sorry, no, have got few things to do. may be in pub later.",ham,sorri got thing may pub later
"Nah it's straight, if you can just bring bud or drinks or something that's actually a little more useful than straight cash",ham,nah straight bring bud drink someth that actual littl use straight cash
"Haha good to hear, I'm officially paid and on the market for an 8th",ham,haha good hear im offici paid market th
How many licks does it take to get to the center of a tootsie pop?,ham,mani lick take get center tootsi pop
Yup i thk they r e teacher said that will make my face look longer. Darren ask me not 2 cut too short.,ham,yup thk r e teacher said make face look longer darren ask cut short
New TEXTBUDDY Chat 2 horny guys in ur area 4 just 25p Free 2 receive Search postcode or at gaytextbuddy.com. TXT ONE name to 89693,spam,new textbuddi chat horni guy ur area p free receiv search postcod gaytextbuddycom txt one name
Todays Vodafone numbers ending with 4882 are selected to a receive a £350 award. If your number matches call 09064019014 to receive your £350 award.,spam,today vodafon number end select receiv £ award number match call receiv £ award
Please dont say like that. Hi hi hi,ham,pleas dont say like hi hi hi
Thank u!,ham,thank u
Oh that was a forwarded message. I thought you send that to me,ham,oh forward messag thought send
Got it. Seventeen pounds for seven hundred ml – hope ok.,ham,got seventeen pound seven hundr ml – hope ok
"Dear Voucher Holder, 2 claim this weeks offer, at your PC go to http://www.e-tlp.co.uk/expressoffer Ts&Cs apply.2 stop texts txt STOP to 80062.",spam,dear voucher holder claim week offer pc go httpwwwetlpcoukexpressoff tsc appli stop text txt stop
Me n him so funny...,ham,n funni
"Sweetheart, hope you are not having that kind of day! Have one with loads of reasons to smile. Biola",ham,sweetheart hope kind day one load reason smile biola
When ü login dat time... Dad fetching ü home now?,ham,ü login dat time dad fetch ü home
"What will we do in the shower, baby?",ham,shower babi
I had askd u a question some hours before. Its answer,ham,askd u question hour answer
"Well imma definitely need to restock before thanksgiving, I'll let you know when I'm out",ham,well imma definit need restock thanksgiv ill let know im
" said kiss, kiss, i can't do the sound effects! He is a gorgeous man isn't he! Kind of person who needs a smile to brighten his day! ",ham,said kiss kiss cant sound effect gorgeou man isnt kind person need smile brighten day
Probably gonna swing by in a wee bit,ham,probabl gonna swing wee bit
Ya very nice. . .be ready on thursday,ham,ya nice readi thursday
Allo! We have braved the buses and taken on the trains and triumphed. I mean we‘re in b‘ham. Have a jolly good rest of week,ham,allo brave buse taken train triumph mean we‘r b‘ham jolli good rest week
"Watching cartoon, listening music &amp; at eve had to go temple &amp; church.. What about u?",ham,watch cartoon listen music amp eve go templ amp church u
Do you mind if I ask what happened? You dont have to say if it is uncomfortable.,ham,mind ask happen dont say uncomfort
PRIVATE! Your 2003 Account Statement for shows 800 un-redeemed S. I. M. points. Call 08715203694 Identifier Code: 40533 Expires 31/10/04,spam,privat account statement show unredeem point call identifi code expir
No prob. I will send to your email.,ham,prob send email
"You have won ?1,000 cash or a ?2,000 prize! To claim, call09050000327. T&C: RSTM, SW7 3SS. 150ppm",spam,cash prize claim call tc rstm sw ss ppm
Thats cool! Sometimes slow and gentle. Sonetimes rough and hard :),ham,that cool sometim slow gentl sonetim rough hard
I'm gonna say no. Sorry. I would but as normal am starting to panic about time. Sorry again! Are you seeing on Tuesday?,ham,im gonna say sorri would normal start panic time sorri see tuesday
"Wait, do you know if wesleys in town? I bet she does hella drugs!",ham,wait know wesley town bet hella drug
Fine i miss you very much.,ham,fine miss much
Did u got that persons story,ham,u got person stori
Tell them the drug dealer's getting impatient,ham,tell drug dealer get impati
"Sun cant come to earth but send luv as rays. cloud cant come to river but send luv as rain. I cant come to meet U, but can send my care as msg to U. Gud evng",ham,sun cant come earth send luv ray cloud cant come river send luv rain cant come meet u send care msg u gud evng
You will be in the place of that man,ham,place man
"It doesnt make sense to take it there unless its free. If you need to know more, wikipedia.com",ham,doesnt make sens take unless free need know wikipediacom
88800 and 89034 are premium phone services call 08718711108,spam,premium phone servic call
"Under the sea, there lays a rock. In the rock, there is an envelope. In the envelope, there is a paper. On the paper, there are 3 words... '",ham,sea lay rock rock envelop envelop paper paper word
Then mum's repent how?,ham,mum repent
Sorry me going home first... Daddy come fetch ü later...,ham,sorri go home first daddi come fetch ü later
Leave it de:-). Start Prepare for next:-)..,ham,leav de start prepar next
Yes baby! We can study all the positions of the kama sutra ;),ham,ye babi studi posit kama sutra
En chikku nange bakra msg kalstiya..then had tea/coffee?,ham,en chikku nang bakra msg kalstiyathen teacoffe
Carlos'll be here in a minute if you still need to buy,ham,carlosl minut still need buy
This pay is  &lt;DECIMAL&gt;  lakhs:),ham,pay ltdecimalgt lakh
Have a good evening! Ttyl,ham,good even ttyl
Did u receive my msg?,ham,u receiv msg
Ho ho - big belly laugh! See ya tomo,ham,ho ho big belli laugh see ya tomo
"SMS. ac sun0819 posts HELLO:""You seem cool, wanted to say hi. HI!!!"" Stop? Send STOP to 62468",spam,sm ac sun post helloy seem cool want say hi hi stop send stop
Get ur 1st RINGTONE FREE NOW! Reply to this msg with TONE. Gr8 TOP 20 tones to your phone every week just £1.50 per wk 2 opt out send STOP 08452810071 16,spam,get ur st rington free repli msg tone gr top tone phone everi week £ per wk opt send stop
"Ditto. And you won't have to worry about me saying ANYTHING to you anymore. Like i said last night, you do whatever you want and i'll do the same. Peace.",ham,ditto wont worri say anyth anymor like said last night whatev want ill peac
"I've got  &lt;#&gt; , any way I could pick up?",ham,ive got ltgt way could pick
"I dont knw pa, i just drink milk..",ham,dont knw pa drink milk
Maybe?! Say hi to  and find out if  got his card. Great escape or wetherspoons? ,ham,mayb say hi find got card great escap wetherspoon
"Piggy, r u awake? I bet u're still sleeping. I'm going 4 lunch now...",ham,piggi r u awak bet ure still sleep im go lunch
Cause I'm not freaky lol,ham,caus im freaki lol
Missed your call cause I was yelling at scrappy. Miss u. Can't wait for u to come home. I'm so lonely today.,ham,miss call caus yell scrappi miss u cant wait u come home im lone today
What is this 'hex' place you talk of? Explain!,ham,hex place talk explain
Ü log off 4 wat. It's sdryb8i,ham,ü log wat sdrybi
Is xy going 4 e lunch?,ham,xy go e lunch
Hi I'm sue. I am 20 years old and work as a lapdancer. I love sex. Text me live - I'm i my bedroom now. text SUE to 89555. By TextOperator G2 1DA 150ppmsg 18+,spam,hi im sue year old work lapdanc love sex text live im bedroom text sue textoper g da ppmsg
I wanted to ask ü to wait 4 me to finish lect. Cos my lect finishes in an hour anyway.,ham,want ask ü wait finish lect co lect finish hour anyway
Have you finished work yet? :),ham,finish work yet
"Every King Was Once A Crying Baby And Every Great Building Was Once A Map.. Not Imprtant Where U r TODAY, BUT Where U Wil Reach TOMORW. Gud ni8",ham,everi king cri babi everi great build map imprtant u r today u wil reach tomorw gud ni
"Dear,Me at cherthala.in case u r coming cochin pls call bfore u start.i shall also reach accordingly.or tell me which day u r coming.tmorow i am engaged ans its holiday.",ham,dearm cherthalain case u r come cochin pl call bfore u starti shall also reach accordinglyor tell day u r comingtmorow engag an holiday
Thanks love. But am i doing torch or bold.,ham,thank love torch bold
<Forwarded from 448712404000>Please CALL 08712404000 immediately as there is an urgent message waiting for you.,spam,forward pleas call immedi urgent messag wait
Was the farm open?,ham,farm open
"Sorry to trouble u again. Can buy 4d for my dad again? 1405, 1680, 1843. All 2 big 1 small, sat n sun. Thanx.",ham,sorri troubl u buy dad big small sat n sun thanx
"My sister in law, hope you are having a great month. Just saying hey. Abiola",ham,sister law hope great month say hey abiola
Will purchase d stuff today and mail to you. Do you have a po box number?,ham,purchas stuff today mail po box number
Ah poop. Looks like ill prob have to send in my laptop to get fixed cuz it has a gpu problem,ham,ah poop look like ill prob send laptop get fix cuz gpu problem
Good. Good job. I like entrepreneurs,ham,good good job like entrepreneur
"Aight, you close by or still down around alex's place?",ham,aight close still around alex place
meet you in corporation st outside gap … you can see how my mind is working!,ham,meet corpor st outsid gap … see mind work
Mum ask ü to buy food home...,ham,mum ask ü buy food home
K..u also dont msg or reply to his msg..,ham,ku also dont msg repli msg
How much r ü willing to pay?,ham,much r ü will pay
"Sorry, I'll call later",ham,sorri ill call later
What is important is that you prevent dehydration by giving her enough fluids,ham,import prevent dehydr give enough fluid
"Thats a bit weird, even ?- where is the do supposed to be happening? But good idea, sure they will be in pub!",ham,that bit weird even suppos happen good idea sure pub
True dear..i sat to pray evening and felt so.so i sms'd you in some time...,ham,true deari sat pray even felt soso smsd time
"I don't think I can get away for a trek that long with family in town, sorry",ham,dont think get away trek long famili town sorri
So when do you wanna gym harri,ham,wanna gym harri
Quite late lar... Ard 12 anyway i wun b drivin...,ham,quit late lar ard anyway wun b drivin
"To review and KEEP the fantastic Nokia N-Gage game deck with Club Nokia, go 2 www.cnupdates.com/newsletter. unsubscribe from alerts reply with the word OUT",spam,review keep fantast nokia ngage game deck club nokia go wwwcnupdatescomnewslett unsubscrib alert repli word
4mths half price Orange line rental & latest camera phones 4 FREE. Had your phone 11mths+? Call MobilesDirect free on 08000938767 to update now! or2stoptxt T&Cs,spam,mth half price orang line rental latest camera phone free phone mth call mobilesdirect free updat orstoptxt tc
"Height of Confidence: All the Aeronautics professors wer calld &amp; they wer askd 2 sit in an aeroplane. Aftr they sat they wer told dat the plane ws made by their students. Dey all hurried out of d plane.. Bt only 1 didnt move... He said:""if it is made by my students,this wont even start........ Datz confidence..",ham,height confid aeronaut professor wer calld amp wer askd sit aeroplan aftr sat wer told dat plane ws made student dey hurri plane bt didnt move saidif made studentsthi wont even start datz confid
It just seems like weird timing that the night that all you and g want is for me to come smoke is the same day as when a shitstorm is attributed to me always coming over and making everyone smoke,ham,seem like weird time night g want come smoke day shitstorm attribut alway come make everyon smoke
08714712388 between 10am-7pm Cost 10p,spam,ampm cost p
"Save yourself the stress. If the person has a dorm account, just send your account details and the money will be sent to you.",ham,save stress person dorm account send account detail money sent
He also knows about lunch menu only da. . I know,ham,also know lunch menu da know
When i have stuff to sell i.ll tell you,ham,stuff sell ill tell
+449071512431 URGENT! This is the 2nd attempt to contact U!U have WON £1250 CALL 09071512433 b4 050703 T&CsBCM4235WC1N3XX. callcost 150ppm mobilesvary. max£7. 50,spam,urgent nd attempt contact uu £ call b tcsbcmwcnxx callcost ppm mobilesvari max£
Book which lesson? then you msg me... I will call up after work or sth... I'm going to get specs. My membership is PX3748,ham,book lesson msg call work sth im go get spec membership px
You have WON a guaranteed £1000 cash or a £2000 prize. To claim yr prize call our customer service representative on 08714712394 between 10am-7pm,spam,guarante £ cash £ prize claim yr prize call custom servic repres ampm
Macha dont feel upset.i can assume your mindset.believe me one evening with me and i have some wonderful plans for both of us.LET LIFE BEGIN AGAIN.call me anytime,ham,macha dont feel upseti assum mindsetbeliev one even wonder plan uslet life begin againcal anytim
Oh is it? Send me the address,ham,oh send address
S'fine. Anytime. All the best with it.,ham,sfine anytim best
That is wondar full flim.,ham,wondar full flim
Ya even those cookies have jelly on them,ham,ya even cooki jelli
"The world is running and i am still.maybe all are feeling the same,so be it.or i have to admit,i am mad.then where is the correction?or let me call this is life.and keep running with the world,may be u r also running.lets run.",ham,world run stillmayb feel sameso itor admiti madthen correctionor let call lifeand keep run worldmay u r also runninglet run
Got it! It looks scrumptious... daddy wants to eat you all night long!,ham,got look scrumptiou daddi want eat night long
Of cos can lar i'm not so ba dao ok... 1 pm lor... Y u never ask where we go ah... I said u would ask on fri but he said u will ask today...,ham,co lar im ba dao ok pm lor u never ask go ah said u would ask fri said u ask today
"Alright omw, gotta change my order to a half8th",ham,alright omw gotta chang order halfth
Exactly. Anyways how far. Is jide her to study or just visiting,ham,exactli anyway far jide studi visit
Dunno y u ask me.,ham,dunno u ask
Email AlertFrom: Jeri StewartSize: 2KBSubject: Low-cost prescripiton drvgsTo listen to email call 123,spam,email alertfrom jeri stewarts kbsubject lowcost prescripiton drvgsto listen email call
No he didn't. Spring is coming early yay!,ham,didnt spring come earli yay
Lol you won't feel bad when I use her money to take you out to a steak dinner =D,ham,lol wont feel bad use money take steak dinner
Even u dont get in trouble while convincing..just tel him once or twice and just tel neglect his msgs dont c and read it..just dont reply,ham,even u dont get troubl convincingjust tel twice tel neglect msg dont c read itjust dont repli
Leaving to qatar tonite in search of an opportunity.all went fast.pls add me in ur prayers dear.Rakhesh,ham,leav qatar tonit search opportunityal went fastpl add ur prayer dearrakhesh
Then why no one talking to me,ham,one talk
Thanks for looking out for me. I really appreciate.,ham,thank look realli appreci
Hi. Customer Loyalty Offer:The NEW Nokia6650 Mobile from ONLY £10 at TXTAUCTION! Txt word: START to No: 81151 & get yours Now! 4T&Ctxt TC 150p/MTmsg,spam,hi custom loyalti offerth new nokia mobil £ txtauction txt word start get tctxt tc pmtmsg
Wish i were with you now!,ham,wish
Haha mayb u're rite... U know me well. Da feeling of being liked by someone is gd lor. U faster go find one then all gals in our group attached liao.,ham,haha mayb ure rite u know well da feel like someon gd lor u faster go find one gal group attach liao
Yes i will be there. Glad you made it.,ham,ye glad made
Do well :)all will for little time. Thing of good times ahead:,ham,well littl time thing good time ahead
Just got up. have to be out of the room very soon. …. i hadn't put the clocks back til at 8 i shouted at everyone to get up and then realised it was 7. wahay. another hour in bed.,ham,got room soon … hadnt put clock back til shout everyon get realis wahay anoth hour bed
Ok. There may be a free gym about.,ham,ok may free gym
Men like shorter ladies. Gaze up into his eyes.,ham,men like shorter ladi gaze eye
Dunno he jus say go lido. Same time 930.,ham,dunno ju say go lido time
"I promise to take good care of you, princess. I have to run now. Please send pics when you get a chance. Ttyl!",ham,promis take good care princess run pleas send pic get chanc ttyl
U are subscribed to the best Mobile Content Service in the UK for £3 per 10 days until you send STOP to 82324. Helpline 08706091795,spam,u subscrib best mobil content servic uk £ per day send stop helplin
Is there a reason we've not spoken this year? Anyways have a great week and all the best in your exam,ham,reason weve spoken year anyway great week best exam
By monday next week. Give me the full gist,ham,monday next week give full gist
"Do you realize that in about 40 years, we'll have thousands of old ladies running around with tattoos?",spam,realiz year well thousand old ladi run around tattoo
You have an important customer service announcement from PREMIER.,spam,import custom servic announc premier
Dont gimme that lip caveboy,ham,dont gimm lip caveboy
When did you get to the library,ham,get librari
Realy sorry-i don't recognise this number and am now confused :) who r u please?! ,ham,reali sorryi dont recognis number confus r u pleas
So why didnt you holla?,ham,didnt holla
Cant think of anyone with * spare room off * top of my head,ham,cant think anyon spare room top head
"Faith makes things possible,Hope makes things work,Love makes things beautiful,May you have all three this Christmas!Merry Christmas!",ham,faith make thing possiblehop make thing worklov make thing beautifulmay three christmasmerri christma
U should have made an appointment,ham,u made appoint
"Call me when you/carlos is/are here, my phone's vibrate is acting up and I might not hear texts",ham,call youcarlo isar phone vibrat act might hear text
"Romantic Paris. 2 nights, 2 flights from £79 Book now 4 next year. Call 08704439680Ts&Cs apply.",spam,romant pari night flight £ book next year call tsc appli
"We are at grandmas. Oh dear, u still ill? I felt Shit this morning but i think i am just hungover! Another night then. We leave on sat.",ham,grandma oh dear u still ill felt shit morn think hungov anoth night leav sat
Urgent Ur £500 guaranteed award is still unclaimed! Call 09066368327 NOW closingdate04/09/02 claimcode M39M51 £1.50pmmorefrommobile2Bremoved-MobyPOBox734LS27YF,spam,urgent ur £ guarante award still unclaim call closingd claimcod mm £pmmorefrommobilebremovedmobypoboxlsyf
Nothing but we jus tot u would ask cos u ba gua... But we went mt faber yest... Yest jus went out already mah so today not going out... Jus call lor...,ham,noth ju tot u would ask co u ba gua went mt faber yest yest ju went alreadi mah today go ju call lor
"Wishing you and your family Merry ""X"" mas and HAPPY NEW Year in advance..",ham,wish famili merri x ma happi new year advanc
UR awarded a City Break and could WIN a £200 Summer Shopping spree every WK. Txt STORE to 88039 . SkilGme. TsCs087147403231Winawk!Age16 £1.50perWKsub,spam,ur award citi break could win £ summer shop spree everi wk txt store skilgm tscswinawkag £perwksub
"I'm nt goin, got somethin on, unless they meetin 4 dinner lor... Haha, i wonder who will go tis time...",ham,im nt goin got somethin unless meetin dinner lor haha wonder go ti time
"Sorry, I'll call later",ham,sorri ill call later
I cant pick the phone right now. Pls send a message,ham,cant pick phone right pl send messag
Lol I know! They're so dramatic. Schools already closed for tomorrow. Apparently we can't drive in the inch of snow were supposed to get.,ham,lol know theyr dramat school alreadi close tomorrow appar cant drive inch snow suppos get
Not getting anywhere with this damn job hunting over here!,ham,get anywher damn job hunt
Lol! U drunkard! Just doing my hair at d moment. Yeah still up 4 tonight. Wats the plan? ,ham,lol u drunkard hair moment yeah still tonight wat plan
"idc get over here, you are not weaseling your way out of this shit twice in a row",ham,idc get weasel way shit twice row
I wil be there with in  &lt;#&gt;  minutes. Got any space,ham,wil ltgt minut got space
Just sleeping..and surfing,ham,sleepingand surf
Thanks for picking up the trash.,ham,thank pick trash
Why don't you go tell your friend you're not sure you want to live with him because he smokes too much then spend hours begging him to come smoke,ham,dont go tell friend your sure want live smoke much spend hour beg come smoke
Hi its Kate it was lovely to see you tonight and ill phone you tomorrow. I got to sing and a guy gave me his card! xxx,ham,hi kate love see tonight ill phone tomorrow got sing guy gave card xxx
Happy New year my dear brother. I really do miss you. Just got your number and decided to send you this text wishing you only happiness. Abiola,ham,happi new year dear brother realli miss got number decid send text wish happi abiola
That means get the door,ham,mean get door
Your opinion about me? 1. Over 2. Jada 3. Kusruthi 4. Lovable 5. Silent 6. Spl character 7. Not matured 8. Stylish 9. Simple Pls reply..,ham,opinion jada kusruthi lovabl silent spl charact matur stylish simpl pl repli
"Hmmm ... I thought we said 2 hours slave, not 3 ... You are late ... How should I punish you ?",ham,hmmm thought said hour slave late punish
Beerage?,ham,beerag
You have an important customer service announcement from PREMIER. Call FREEPHONE 0800 542 0578 now!,spam,import custom servic announc premier call freephon
Dont think so. It turns off like randomlly within 5min of opening,ham,dont think turn like randomlli within min open
"She was supposed to be but couldn't make it, she's still in town though",ham,suppos couldnt make she still town though
It does it on its own. Most of the time it fixes my spelling. But sometimes it gets a completely diff word. Go figure,ham,time fix spell sometim get complet diff word go figur
Ever thought about living a good life with a perfect partner? Just txt back NAME and AGE to join the mobile community. (100p/SMS),spam,ever thought live good life perfect partner txt back name age join mobil commun psm
"5 Free Top Polyphonic Tones call 087018728737, National Rate. Get a toppoly tune sent every week, just text SUBPOLY to 81618, £3 per pole. UnSub 08718727870.",spam,free top polyphon tone call nation rate get toppoli tune sent everi week text subpoli £ per pole unsub
Gud mrng dear hav a nice day,ham,gud mrng dear hav nice day
This is hoping you enjoyed your game yesterday. Sorry i've not been in touch but pls know that you are fondly bein thot off. Have a great week. Abiola,ham,hope enjoy game yesterday sorri ive touch pl know fondli bein thot great week abiola
All e best 4 ur driving tmr :-),ham,e best ur drive tmr
Y?WHERE U AT DOGBREATH? ITS JUST SOUNDING LIKE JAN C THATS AL!!!!!!!!!,ham,ywhere u dogbreath sound like jan c that al
Omg I want to scream. I weighed myself and I lost more weight! Woohoo!,ham,omg want scream weigh lost weight woohoo
There generally isn't one. It's an uncountable noun - u in the dictionary. pieces of research?,ham,gener isnt one uncount noun u dictionari piec research
it's really getting me down just hanging around.,ham,realli get hang around
"Orange customer, you may now claim your FREE CAMERA PHONE upgrade for your loyalty. Call now on 0207 153 9996. Offer ends 14thMarch. T&C's apply. Opt-out availa",spam,orang custom may claim free camera phone upgrad loyalti call offer end thmarch tc appli optout availa
Petey boy whereare you me and all your friendsare in theKingshead come down if you canlove Nic,ham,petey boy wherear friendsar thekingshead come canlov nic
Ok i msg u b4 i leave my house.,ham,ok msg u b leav hous
Gimme a few was  &lt;#&gt;  minutes ago,ham,gimm ltgt minut ago
"Last Chance! Claim ur £150 worth of discount vouchers today! Text SHOP to 85023 now! SavaMob, offers mobile! T Cs SavaMob POBOX84, M263UZ. £3.00 Sub. 16",spam,last chanc claim ur £ worth discount voucher today text shop savamob offer mobil cs savamob pobox muz £ sub
Appt is at &lt;TIME&gt; am. Not my fault u don't listen. I told u twice,ham,appt lttimegt fault u dont listen told u twice
FREE for 1st week! No1 Nokia tone 4 ur mobile every week just txt NOKIA to 8077 Get txting and tell ur mates. www.getzed.co.uk POBox 36504 W45WQ 16+ norm150p/tone,spam,free st week nokia tone ur mobil everi week txt nokia get txting tell ur mate wwwgetzedcouk pobox wwq normpton
You have won a guaranteed £200 award or even £1000 cashto claim UR award call free on 08000407165 (18+) 2 stop getstop on 88222 PHP. RG21 4JX,spam,guarante £ award even £ cashto claim ur award call free stop getstop php rg jx
K I'll be there before 4.,ham,k ill
I dled 3d its very imp,ham,dled imp
"sure, but make sure he knows we ain't smokin yet",ham,sure make sure know aint smokin yet
Boooo you always work. Just quit.,ham,boooo alway work quit
I am taking half day leave bec i am not well,ham,take half day leav bec well
Ugh I don't wanna get out of bed. It's so warm.,ham,ugh dont wanna get bed warm
S:)s.nervous  &lt;#&gt; :),ham,ssnervou ltgt
So there's a ring that comes with the guys costumes. It's there so they can gift their future yowifes. Hint hint,ham,there ring come guy costum gift futur yowif hint hint
Congratulations ur awarded either £500 of CD gift vouchers & Free entry 2 our £100 weekly draw txt MUSIC to 87066 TnCs www.Ldew.com1win150ppmx3age16,spam,congratul ur award either £ cd gift voucher free entri £ weekli draw txt music tnc wwwldewcomwinppmxag
I borrow ur bag ok.,ham,borrow ur bag ok
"U were outbid by simonwatson5120 on the Shinco DVD Plyr. 2 bid again, visit sms. ac/smsrewards 2 end bid notifications, reply END OUT",spam,u outbid simonwatson shinco dvd plyr bid visit sm acsmsreward end bid notif repli end
Where's my boytoy? I miss you ... What happened?,ham,where boytoy miss happen
"He has lots of used ones babe, but the model doesn't help. Youi have to bring it over and he'll match it up",ham,lot use one babe model doesnt help youi bring hell match
Also are you bringing galileo or dobby,ham,also bring galileo dobbi
Then why you not responding,ham,respond
BOO BABE! U ENJOYIN YOURJOB? U SEEMED 2 B GETTIN ON WELL HUNNY!HOPE URE OK?TAKE CARE & ILLSPEAK 2U SOONLOTS OF LOVEME XXXX.,ham,boo babe u enjoyin yourjob u seem b gettin well hunnyhop ure oktak care illspeak u soonlot lovem xxxx
Good afternoon starshine! How's my boytoy? Does he crave me yet? Ache to fuck me ? *sips cappuccino* I miss you babe *teasing kiss*,ham,good afternoon starshin how boytoy crave yet ach fuck sip cappuccino miss babe teas kiss
On the road so cant txt,ham,road cant txt
"SMSSERVICES. for yourinclusive text credits, pls goto www.comuk.net login= 3qxj9 unsubscribe with STOP, no extra charge. help 08702840625.COMUK. 220-CM2 9AE",spam,smsservic yourinclus text credit pl goto wwwcomuknet login qxj unsubscrib stop extra charg help comuk cm ae
25p 4 alfie Moon's Children in need song on ur mob. Tell ur m8s. Txt Tone charity to 8007 for Nokias or Poly charity for polys: zed 08701417012 profit 2 charity.,spam,p alfi moon children need song ur mob tell ur ms txt tone chariti nokia poli chariti poli zed profit chariti
Have a good evening! Ttyl,ham,good even ttyl
Hmm .. Bits and pieces lol ... *sighs* ...,ham,hmm bit piec lol sigh
Hahaha..use your brain dear,ham,hahahaus brain dear
Hey. You got any mail?,ham,hey got mail
"Sorry light turned green, I meant another friend wanted  &lt;#&gt;  worth but he may not be around",ham,sorri light turn green meant anoth friend want ltgt worth may around
Thanks for yesterday sir. You have been wonderful. Hope you enjoyed the burial. MojiBiola,ham,thank yesterday sir wonder hope enjoy burial mojibiola
U have a secret admirer. REVEAL who thinks U R So special. Call 09065174042. To opt out Reply REVEAL STOP. 1.50 per msg recd. Cust care 07821230901,spam,u secret admir reveal think u r special call opt repli reveal stop per msg recd cust care
Hi mate its RV did u hav a nice hol just a message 3 say hello coz havent sent u 1 in ages started driving so stay off roads!RVx,ham,hi mate rv u hav nice hol messag say hello coz havent sent u age start drive stay roadsrvx
"Dear Voucher Holder, To claim this weeks offer, at you PC please go to http://www.e-tlp.co.uk/expressoffer Ts&Cs apply. To stop texts, txt STOP to 80062",spam,dear voucher holder claim week offer pc pleas go httpwwwetlpcoukexpressoff tsc appli stop text txt stop
"Thank you so much. When we skyped wit kz and sura, we didnt get the pleasure of your company. Hope you are good. We've given you ultimatum oh! We are countin down to aburo. Enjoy! This is the message i sent days ago",ham,thank much skype wit kz sura didnt get pleasur compani hope good weve given ultimatum oh countin aburo enjoy messag sent day ago
Surely result will offer:),ham,sure result offer
Good Morning my Dear........... Have a great &amp; successful day.,ham,good morn dear great amp success day
Do you want 750 anytime any network mins 150 text and a NEW VIDEO phone for only five pounds per week call 08002888812 or reply for delivery tomorrow,spam,want anytim network min text new video phone five pound per week call repli deliveri tomorrow
"Sir, I have been late in paying rent for the past few months and had to pay a $ &lt;#&gt;  charge. I felt it would be inconsiderate of me to nag about something you give at great cost to yourself and that's why i didnt speak up. I however am in a recession and wont be able to pay the charge this month hence my askin well ahead of month's end. Can you please help. Thanks",ham,sir late pay rent past month pay ltgt charg felt would inconsider nag someth give great cost that didnt speak howev recess wont abl pay charg month henc askin well ahead month end pleas help thank
We tried to contact you re our offer of New Video Phone 750 anytime any network mins HALF PRICE Rental camcorder call 08000930705 or reply for delivery Wed,spam,tri contact offer new video phone anytim network min half price rental camcord call repli deliveri wed
Last chance 2 claim ur £150 worth of discount vouchers-Text YES to 85023 now!SavaMob-member offers mobile T Cs 08717898035. £3.00 Sub. 16 . Remove txt X or STOP,spam,last chanc claim ur £ worth discount voucherstext ye nowsavamobmemb offer mobil cs £ sub remov txt x stop
I luv u soo much u dont understand how special u r 2 me ring u 2morrow luv u xxx,ham,luv u soo much u dont understand special u r ring u morrow luv u xxx
"Pls send me a comprehensive mail about who i'm paying, when and how much.",ham,pl send comprehens mail im pay much
Our Prashanthettan's mother passed away last night. pray for her and family.,ham,prashanthettan mother pass away last night pray famili
"Urgent! call 09066350750 from your landline. Your complimentary 4* Ibiza Holiday or 10,000 cash await collection SAE T&Cs PO BOX 434 SK3 8WP 150 ppm 18+ ",spam,urgent call landlin complimentari ibiza holiday cash await collect sae tc po box sk wp ppm
K.k:)when are you going?,ham,kkwhen go
Meanwhile in the shit suite: xavier decided to give us  &lt;#&gt;  seconds of warning that samantha was coming over and is playing jay's guitar to impress her or some shit. Also I don't think doug realizes I don't live here anymore,ham,meanwhil shit suit xavier decid give us ltgt second warn samantha come play jay guitar impress shit also dont think doug realiz dont live anymor
My stomach has been thru so much trauma I swear I just can't eat. I better lose weight.,ham,stomach thru much trauma swear cant eat better lose weight
I am in office:)whats the matter..msg me now.i will call you at break:).,ham,officewhat mattermsg nowi call break
"Yeah there's barely enough room for the two of us, x has too many fucking shoes. Sorry man, see you later",ham,yeah there bare enough room two us x mani fuck shoe sorri man see later
"Today's Offer! Claim ur £150 worth of discount vouchers! Text YES to 85023 now! SavaMob, member offers mobile! T Cs 08717898035. £3.00 Sub. 16 . Unsub reply X",spam,today offer claim ur £ worth discount voucher text ye savamob member offer mobil cs £ sub unsub repli x
U reach orchard already? U wan 2 go buy tickets first?,ham,u reach orchard alreadi u wan go buy ticket first
"I am real, baby! I want to bring out your inner tigress...",ham,real babi want bring inner tigress
No da if you run that it activate the full version da.,ham,da run activ full version da
AH POOR BABY!HOPE URFEELING BETTERSN LUV! PROBTHAT OVERDOSE OF WORK HEY GO CAREFUL SPK 2 U SN LOTS OF LOVEJEN XXX.,ham,ah poor babyhop urfeel bettersn luv probthat overdos work hey go care spk u sn lot lovejen xxx
Stop the story. I've told him i've returned it and he's saying i should not re order it.,ham,stop stori ive told ive return he say order
Talk sexy!! Make new friends or fall in love in the worlds most discreet text dating service. Just text VIP to 83110 and see who you could meet.,spam,talk sexi make new friend fall love world discreet text date servic text vip see could meet
Going to take your babe out ?,ham,go take babe
Hai ana tomarrow am coming on morning.  &lt;DECIMAL&gt;  ill be there in sathy then we ll go to RTO office. Reply me after came to home.,ham,hai ana tomarrow come morn ltdecimalgt ill sathi go rto offic repli came home
Spoons it is then okay?,ham,spoon okay
Did he just say somebody is named tampa,ham,say somebodi name tampa
In work now. Going have in few min.,ham,work go min
Your brother is a genius,ham,brother geniu
"Sorry, I guess whenever I can get a hold of my connections, maybe an hour or two? I'll text you",ham,sorri guess whenev get hold connect mayb hour two ill text
Did u find out what time the bus is at coz i need to sort some stuff out.,ham,u find time bu coz need sort stuff
Dude ive been seeing a lotta corvettes lately,ham,dude ive see lotta corvett late
Congratulations ur awarded either a yrs supply of CDs from Virgin Records or a Mystery Gift GUARANTEED Call 09061104283 Ts&Cs www.smsco.net £1.50pm approx 3mins,spam,congratul ur award either yr suppli cd virgin record mysteri gift guarante call tsc wwwsmsconet £pm approx min
"Same here, but I consider walls and bunkers and shit important just because I never play on peaceful but I guess your place is high enough that it don't matter",ham,consid wall bunker shit import never play peac guess place high enough dont matter
PRIVATE! Your 2003 Account Statement for 07808 XXXXXX shows 800 un-redeemed S. I. M. points. Call 08719899217 Identifier Code: 41685 Expires 07/11/04,spam,privat account statement xxxxxx show unredeem point call identifi code expir
Hello. We need some posh birds and chaps to user trial prods for champneys. Can i put you down? I need your address and dob asap. Ta r,spam,hello need posh bird chap user trial prod champney put need address dob asap ta r
What do U want for Xmas? How about 100 free text messages & a new video phone with half price line rental? Call free now on 0800 0721072 to find out more!,spam,u want xma free text messag new video phone half price line rental call free find
"Well am officially in a philosophical hole, so if u wanna call am at home ready to be saved!",ham,well offici philosoph hole u wanna call home readi save
Its going good...no problem..but still need little experience to understand american customer voice...,ham,go goodno problembut still need littl experi understand american custom voic
I'll text you when I drop x off,ham,ill text drop x
Ugh its been a long day. I'm exhausted. Just want to cuddle up and take a nap,ham,ugh long day im exhaust want cuddl take nap
Talk With Yourself Atleast Once In A Day...!!! Otherwise You Will Miss Your Best FRIEND In This WORLD...!!! -Shakespeare- SHESIL  &lt;#&gt;,ham,talk atleast day otherwis miss best friend world shakespear shesil ltgt
"Shop till u Drop, IS IT YOU, either 10K, 5K, £500 Cash or £100 Travel voucher, Call now, 09064011000. NTT PO Box CR01327BT fixedline Cost 150ppm mobile vary",spam,shop till u drop either k k £ cash £ travel voucher call ntt po box crbt fixedlin cost ppm mobil vari
Are you in castor? You need to see something,ham,castor need see someth
Sunshine Quiz Wkly Q! Win a top Sony DVD player if u know which country Liverpool played in mid week? Txt ansr to 82277. £1.50 SP:Tyrone,spam,sunshin quiz wkli q win top soni dvd player u know countri liverpool play mid week txt ansr £ sptyron
U have a secret admirer who is looking 2 make contact with U-find out who they R*reveal who thinks UR so special-call on 09058094565,spam,u secret admir look make contact ufind rreveal think ur specialcal
U have a Secret Admirer who is looking 2 make contact with U-find out who they R*reveal who thinks UR so special-call on 09065171142-stopsms-08,spam,u secret admir look make contact ufind rreveal think ur specialcal stopsm
Reminder: You have not downloaded the content you have already paid for. Goto http://doit. mymoby. tv/ to collect your content.,spam,remind download content alreadi paid goto httpdoit mymobi tv collect content
"see, i knew giving you a break a few times woul lead to you always wanting to miss curfew. I was gonna gibe you 'til one, but a MIDNIGHT movie is not gonna get out til after 2. You need to come home. You need to getsleep and, if anything, you need to b studdying ear training.",ham,see knew give break time woul lead alway want miss curfew gonna gibe til one midnight movi gonna get til need come home need getsleep anyth need b studdi ear train
I love to give massages. I use lots of baby oil... What is your fave position?,ham,love give massag use lot babi oil fave posit
Dude we should go sup again,ham,dude go sup
Yoyyooo u know how to change permissions for a drive in mac. My usb flash drive,ham,yoyyooo u know chang permiss drive mac usb flash drive
Gibbs unsold.mike hussey,ham,gibb unsoldmik hussey
I like to talk pa but am not able to. I dont know y.,ham,like talk pa abl dont know
Y dun cut too short leh. U dun like ah? She failed. She's quite sad.,ham,dun cut short leh u dun like ah fail she quit sad
You unbelievable faglord,ham,unbeliev faglord
Wife.how she knew the time of murder exactly,ham,wifehow knew time murder exactli
Why do you ask princess?,ham,ask princess
I am great princess! What are you thinking about me? :),ham,great princess think
Nutter. Cutter. Ctter. Cttergg. Cttargg. Ctargg. Ctagg. ie you,ham,nutter cutter ctter cttergg cttargg ctargg ctagg ie
It's ok i noe u're busy but i'm really too bored so i msg u. I oso dunno wat colour she choose 4 me one.,ham,ok noe ure busi im realli bore msg u oso dunno wat colour choos one
Doesn't g have class early tomorrow and thus shouldn't be trying to smoke at  &lt;#&gt;,ham,doesnt g class earli tomorrow thu shouldnt tri smoke ltgt
"Superb Thought- ""Be grateful that u dont have everything u want. That means u still have an opportunity to be happier tomorrow than u are today."":-)",ham,superb thought grate u dont everyth u want mean u still opportun happier tomorrow u today
Hope you are having a good week. Just checking in,ham,hope good week check
"I'm used to it. I just hope my agents don't drop me since i've only booked a few things this year. This whole me in boston, them in nyc was an experiment.",ham,im use hope agent dont drop sinc ive book thing year whole boston nyc experi
"Thursday night? Yeah, sure thing, we'll work it out then",ham,thursday night yeah sure thing well work
"Your free ringtone is waiting to be collected. Simply text the password ""MIX"" to 85069 to verify. Get Usher and Britney. FML, PO Box 5249, MK17 92H. 450Ppw 16",spam,free rington wait collect simpli text password mix verifi get usher britney fml po box mk h ppw
Probably money worries. Things are coming due and i have several outstanding invoices for work i did two and three months ago.,ham,probabl money worri thing come due sever outstand invoic work two three month ago
How is it possible to teach you. And where.,ham,possibl teach
"I wonder if your phone battery went dead ? I had to tell you, I love you babe",ham,wonder phone batteri went dead tell love babe
Lovely smell on this bus and it ain't tobacco... ,ham,love smell bu aint tobacco
"We're all getting worried over here, derek and taylor have already assumed the worst",ham,get worri derek taylor alreadi assum worst
Hey what's up charles sorry about the late reply.,ham,hey what charl sorri late repli
"all the lastest from Stereophonics, Marley, Dizzee Racal, Libertines and The Strokes! Win Nookii games with Flirt!! Click TheMob WAP Bookmark or text WAP to 82468",spam,lastest stereophon marley dizze racal libertin stroke win nookii game flirt click themob wap bookmark text wap
I.ll give her once i have it. Plus she said grinule greet you whenever we speak,ham,ill give plu said grinul greet whenev speak
WHITE FUDGE OREOS ARE IN STORES,ham,white fudg oreo store
"January Male Sale! Hot Gay chat now cheaper, call 08709222922. National rate from 1.5p/min cheap to 7.8p/min peak! To stop texts call 08712460324 (10p/min)",spam,januari male sale hot gay chat cheaper call nation rate pmin cheap pmin peak stop text call pmin
My love ! How come it took you so long to leave for Zaher's? I got your words on ym and was happy to see them but was sad you had left. I miss you,ham,love come took long leav zaher got word ym happi see sad left miss
I am sorry it hurt you.,ham,sorri hurt
Can't. I feel nauseous. I'm so pissed. I didn't eat any sweets all week cause today I was planning to pig out. I was dieting all week. And now I'm not hungry :/,ham,cant feel nauseou im piss didnt eat sweet week caus today plan pig diet week im hungri
Ok lor but not too early. Me still having project meeting now.,ham,ok lor earli still project meet
"Call me da, i am waiting for your call.",ham,call da wait call
I could ask carlos if we could get more if anybody else can chip in,ham,could ask carlo could get anybodi els chip
Was actually about to send you a reminder today. Have a wonderful weekend,ham,actual send remind today wonder weekend
"When people see my msgs, They think Iam addicted to msging... They are wrong, Bcoz They don\'t know that Iam addicted to my sweet Friends..!! BSLVYL",ham,peopl see msg think iam addict msging wrong bcoz dont know iam addict sweet friend bslvyl
Hey you gave them your photo when you registered for driving ah? Tmr wanna meet at yck? ,ham,hey gave photo regist drive ah tmr wanna meet yck
Dont talk to him ever ok its my word.,ham,dont talk ever ok word
When u wana see it then,ham,u wana see
On ma way to school. Can you pls send me ashley's number,ham,way school pl send ashley number
It shall be fine. I have avalarr now. Will hollalater,ham,shall fine avalarr hollalat
She went to attend another two rounds today..but still did't reach home..,ham,went attend anoth two round todaybut still didt reach home
Actually i deleted my old website..now i m blogging at magicalsongs.blogspot.com,ham,actual delet old websitenow blog magicalsongsblogspotcom
"K, wait chikku..il send aftr  &lt;#&gt; mins",ham,k wait chikkuil send aftr ltgt min
But I'm on a diet. And I ate 1 too many slices of pizza yesterday. Ugh I'm ALWAYS on a diet.,ham,im diet ate mani slice pizza yesterday ugh im alway diet
K:)i will give my kvb acc details:),ham,ki give kvb acc detail
Oh all have to come ah?,ham,oh come ah
money!!! you r a lucky winner ! 2 claim your prize text money 2 88600 over £1million to give away ! ppt150x3+normal text rate box403 w1t1jy,spam,money r lucki winner claim prize text money £million give away pptxnormal text rate box wtji
I'm really sorry i won't b able 2 do this friday.hope u can find an alternative.hope yr term's going ok:-),ham,im realli sorri wont b abl fridayhop u find alternativehop yr term go ok
Congratulations ore mo owo re wa. Enjoy it and i wish you many happy moments to and fro wherever you go,ham,congratul ore mo owo wa enjoy wish mani happi moment fro wherev go
So do you have samus shoulders yet,ham,samu shoulder yet
What time you think you'll have it? Need to know when I should be near campus,ham,time think youll need know near campu
"Dear Matthew please call 09063440451 from a landline, your complimentary 4*Lux Tenerife holiday or £1000 CASH await collection. ppm150 SAE T&Cs Box334 SK38XH.",spam,dear matthew pleas call landlin complimentari lux tenerif holiday £ cash await collect ppm sae tc box skxh
Then dun wear jeans lor...,ham,dun wear jean lor
"Since when, which side, any fever, any vomitin.",ham,sinc side fever vomitin
K:)k.are you in college?,ham,kkare colleg
"Urgent! call 09061749602 from Landline. Your complimentary 4* Tenerife Holiday or £10,000 cash await collection SAE T&Cs BOX 528 HP20 1YF 150ppm 18+",spam,urgent call landlin complimentari tenerif holiday £ cash await collect sae tc box hp yf ppm
Better. Made up for Friday and stuffed myself like a pig yesterday. Now I feel bleh. But at least its not writhing pain kind of bleh.,ham,better made friday stuf like pig yesterday feel bleh least writh pain kind bleh
No we sell it all so we'll have tons if coins. Then sell our coins to someone thru paypal. Voila! Money back in life pockets:),ham,sell well ton coin sell coin someon thru paypal voila money back life pocket
Theyre doing it to lots of places. Only hospitals and medical places are safe.,ham,theyr lot place hospit medic place safe
How about getting in touch with folks waiting for company? Just txt back your NAME and AGE to opt in! Enjoy the community (150p/SMS),spam,get touch folk wait compani txt back name age opt enjoy commun psm
And also I've sorta blown him off a couple times recently so id rather not text him out of the blue looking for weed,ham,also ive sorta blown coupl time recent id rather text blue look weed
"I sent my scores to sophas and i had to do secondary application for a few schools. I think if you are thinking of applying, do a research on cost also. Contact joke ogunrinde, her school is one me the less expensive ones",ham,sent score sopha secondari applic school think think appli research cost also contact joke ogunrind school one less expens one
I cant wait to see you! How were the photos were useful? :),ham,cant wait see photo use
Ur cash-balance is currently 500 pounds - to maximize ur cash-in now send GO to 86688 only 150p/msg. CC: 08718720201 PO BOX 114/14 TCR/W1,spam,ur cashbal current pound maxim ur cashin send go pmsg cc po box tcrw
Hey i booked the kb on sat already... what other lessons are we going for ah? Keep your sat night free we need to meet and confirm our lodging ,ham,hey book kb sat alreadi lesson go ah keep sat night free need meet confirm lodg
Chk in ur belovd ms dict,ham,chk ur belovd ms dict
Is that what time you want me to come?,ham,time want come
"Awesome, lemme know whenever you're around",ham,awesom lemm know whenev your around
Shb b ok lor... Thanx...,ham,shb b ok lor thanx
"Beautiful Truth against Gravity.. Read carefully: ""Our heart feels light when someone is in it.. But it feels very heavy when someone leaves it.."" GOOD NIGHT",ham,beauti truth graviti read care heart feel light someon feel heavi someon leav good night
Also remember to get dobby's bowl from your car,ham,also rememb get dobbi bowl car
Filthy stories and GIRLS waiting for your,spam,filthi stori girl wait
Sorry i now then c ur msg... Yar lor so poor thing... But only 4 one night... Tmr u'll have a brand new room 2 sleep in...,ham,sorri c ur msg yar lor poor thing one night tmr ull brand new room sleep
"Love isn't a decision, it's a feeling. If we could decide who to love, then, life would be much simpler, but then less magical",ham,love isnt decis feel could decid love life would much simpler less magic
Welp apparently he retired,ham,welp appar retir
My sort code is  and acc no is . The bank is natwest. Can you reply to confirm i've sent this to the right person!,ham,sort code acc bank natwest repli confirm ive sent right person
Where @,ham,
U sure u can't take any sick time?,ham,u sure u cant take sick time
URGENT! We are trying to contact U. Todays draw shows that you have won a £800 prize GUARANTEED. Call 09050001808 from land line. Claim M95. Valid12hrs only,spam,urgent tri contact u today draw show £ prize guarante call land line claim validhr
"Watching cartoon, listening music &amp; at eve had to go temple &amp; church.. What about u?",ham,watch cartoon listen music amp eve go templ amp church u
Yo chad which gymnastics class do you wanna take? The site says Christians class is full..,ham,yo chad gymnast class wanna take site say christian class full
Are you this much buzy,ham,much buzi
Or better still can you catch her and let ask her if she can sell  &lt;#&gt;  for me.,ham,better still catch let ask sell ltgt
I am not sure about night menu. . . I know only about noon menu,ham,sure night menu know noon menu
What do u want when i come back?.a beautiful necklace as a token of my heart for you.thats what i will give but ONLY to MY WIFE OF MY LIKING.BE THAT AND SEE..NO ONE can give you that.dont call me.i will wait till i come.,ham,u want come backa beauti necklac token heart youthat give wife likingb seeno one give thatdont call mei wait till come
Are you willing to go for aptitude class.,ham,will go aptitud class
"It wont b until 2.15 as trying 2 sort house out, is that ok?",ham,wont b tri sort hous ok
"Yar lor he wan 2 go c horse racing today mah, so eat earlier lor. I ate chicken rice. U?",ham,yar lor wan go c hors race today mah eat earlier lor ate chicken rice u
"Haha awesome, omw back now then",ham,haha awesom omw back
Yup i thk so until e shop closes lor.,ham,yup thk e shop close lor
what is your account number?,ham,account number
Eh u send wrongly lar...,ham,eh u send wrongli lar
Hey no I ad a crap nite was borin without ya 2 boggy with me u boring biatch! Thanx but u wait til nxt time il ave ya ,ham,hey ad crap nite borin without ya boggi u bore biatch thanx u wait til nxt time il ave ya
Ok i shall talk to him,ham,ok shall talk
Dont hesitate. You know this is the second time she has had weakness like that. So keep i notebook of what she eat and did the day before or if anything changed the day before so that we can be sure its nothing,ham,dont hesit know second time weak like keep notebook eat day anyth chang day sure noth
Hey you can pay. With salary de. Only  &lt;#&gt; .,ham,hey pay salari de ltgt
Another month. I need chocolate weed and alcohol.,ham,anoth month need chocol weed alcohol
If he started searching he will get job in few days.he have great potential and talent.,ham,start search get job daysh great potenti talent
Reckon need to be in town by eightish to walk from * carpark.,ham,reckon need town eightish walk carpark
"Congrats! 2 mobile 3G Videophones R yours. call 09063458130 now! videochat wid your mates, play java games, Dload polyPH music, noline rentl.",spam,congrat mobil g videophon r call videochat wid mate play java game dload polyph music nolin rentl
LOOK AT THE FUCKIN TIME. WHAT THE FUCK YOU THINK IS UP,ham,look fuckin time fuck think
Yo guess what I just dropped,ham,yo guess drop
Carlos says he'll be at mu in  &lt;#&gt;  minutes,ham,carlo say hell mu ltgt minut
I'm in office now . I will call you  &lt;#&gt;  min:),ham,im offic call ltgt min
"Geeee ... I miss you already, you know ? Your all I can think about. Fuck, I can't wait till next year when we will be together ... *loving kiss*",ham,geeee miss alreadi know think fuck cant wait till next year togeth love kiss
"Yun ah.the ubi one say if ü wan call by tomorrow.call 67441233 look for irene.ere only got bus8,22,65,61,66,382. Ubi cres,ubi tech park.6ph for 1st 5wkg days.èn",ham,yun ahth ubi one say ü wan call tomorrowcal look ireneer got bu ubi cresubi tech parkph st wkg daysèn
Ugh. Gotta drive back to sd from la. My butt is sore.,ham,ugh gotta drive back sd la butt sore
26th OF JULY,ham,th juli
Hi im having the most relaxing time ever! we have to get up at 7am every day! was the party good the other night? I get home tomorrow at 5ish.,ham,hi im relax time ever get everi day parti good night get home tomorrow ish
Up to ü... Ü wan come then come lor... But i din c any stripes skirt...,ham,ü ü wan come come lor din c stripe skirt
The Xmas story is peace.. The Xmas msg is love.. The Xmas miracle is jesus.. Hav a blessed month ahead &amp; wish U Merry Xmas...,ham,xma stori peac xma msg love xma miracl jesu hav bless month ahead amp wish u merri xma
"I can't, I don't have her number!",ham,cant dont number
Change again... It's e one next to escalator...,ham,chang e one next escal
Yetunde i'm in class can you not run water on it to make it ok. Pls now.,ham,yetund im class run water make ok pl
Not a lot has happened here. Feels very quiet. Beth is at her aunts and charlie is working lots. Just me and helen in at the mo. How have you been? ,ham,lot happen feel quiet beth aunt charli work lot helen mo
Then ü wait 4 me at bus stop aft ur lect lar. If i dun c ü then i go get my car then come back n pick ü.,ham,ü wait bu stop aft ur lect lar dun c ü go get car come back n pick ü
"Aight will do, thanks again for comin out",ham,aight thank comin
No..but heard abt tat..,ham,nobut heard abt tat
Please call our customer service representative on FREEPHONE 0808 145 4742 between 9am-11pm as you have WON a guaranteed £1000 cash or £5000 prize!,spam,pleas call custom servic repres freephon ampm guarante £ cash £ prize
Yes..he is really great..bhaji told kallis best cricketer after sachin in world:).very tough to get out.,ham,yesh realli greatbhaji told kalli best cricket sachin worldveri tough get
&lt;#&gt;  am I think? Should say on syllabus,ham,ltgt think say syllabu
Umma. Did she say anything,ham,umma say anyth
Give me a sec to think think about it,ham,give sec think think
Panasonic & BluetoothHdset FREE. Nokia FREE. Motorola FREE & DoubleMins & DoubleTxt on Orange contract. Call MobileUpd8 on 08000839402 or call 2optout,spam,panason bluetoothhdset free nokia free motorola free doublemin doubletxt orang contract call mobileupd call optout
I don't quite know what to do. I still can't get hold of anyone. I cud pick you up bout 7.30pm and we can see if they're in the pub?,ham,dont quit know still cant get hold anyon cud pick bout pm see theyr pub
"Poyyarikatur,kolathupalayam,unjalur post,erode dis, &lt;#&gt; .",ham,poyyarikaturkolathupalayamunjalur posterod di ltgt
"Dear Hero,i am leaving to qatar tonite for an apt opportunity.pls do keep in touch at  &lt;EMAIL&gt; ,kerala",ham,dear heroi leav qatar tonit apt opportunitypl keep touch ltemailgt kerala
Lol I would but my mom would have a fit and tell the whole family how crazy and terrible I am,ham,lol would mom would fit tell whole famili crazi terribl
"I just got home babe, are you still awake ?",ham,got home babe still awak
I dunno they close oredi not... Ü v ma fan...,ham,dunno close oredi ü v fan
Just buy a pizza. Meat lovers or supreme. U get to pick.,ham,buy pizza meat lover suprem u get pick
"Ya, told..she was asking wats matter?",ham,ya toldsh ask wat matter
"Dear,regret i cudnt pick call.drove down frm ctla now at cochin home.left mobile in car..ente style ishtamayoo?happy bakrid!",ham,dearregret cudnt pick calldrov frm ctla cochin homeleft mobil carent style ishtamayoohappi bakrid
FREE for 1st week! No1 Nokia tone 4 ur mob every week just txt NOKIA to 8007 Get txting and tell ur mates www.getzed.co.uk POBox 36504 W45WQ norm150p/tone 16+,spam,free st week nokia tone ur mob everi week txt nokia get txting tell ur mate wwwgetzedcouk pobox wwq normpton
Shall i send that exe to your mail id.,ham,shall send exe mail id
Nope watching tv at home... Not going out. V bored...,ham,nope watch tv home go v bore
Don know..wait i will check it.,ham,knowwait check
"Good afternoon on this glorious anniversary day, my sweet J !! I hope this finds you happy and content, my Prey. I think of you and send a teasing kiss from across the sea coaxing images of fond souveniers ... You Cougar-Pen",ham,good afternoon gloriou anniversari day sweet j hope find happi content prey think send teas kiss across sea coax imag fond souveni cougarpen
Guess what! Somebody you know secretly fancies you! Wanna find out who it is? Give us a call on 09065394514 From Landline DATEBox1282EssexCM61XN 150p/min 18,spam,guess somebodi know secretli fanci wanna find give us call landlin dateboxessexcmxn pmin
We still on for tonight?,ham,still tonight
May i call You later Pls,ham,may call later pl
Hasn't that been the pattern recently crap weekends?,ham,hasnt pattern recent crap weekend
I have a sore throat. It's scratches when I talk,ham,sore throat scratch talk
Yes da. Any plm at ur office,ham,ye da plm ur offic
Are you not around or just still asleep? :V,ham,around still asleep v
"Lol you forgot it eh ? Yes, I'll bring it in babe",ham,lol forgot eh ye ill bring babe
"Its good, we'll find a way",ham,good well find way
Can not use foreign stamps in this country. Good lecture .,ham,use foreign stamp countri good lectur
Yup bathe liao...,ham,yup bath liao
HAPPY NEW YEAR MY NO.1 MAN,ham,happi new year man
"OH MR SHEFFIELD! You wanna play THAT game, okay. You're the boss and I'm the nanny. You give me a raise and I'll give YOU one!!",ham,oh mr sheffield wanna play game okay your boss im nanni give rais ill give one
ZOE IT JUST HIT ME 2 IM FUCKING SHITIN MYSELF IL DEFO TRY MY HARDEST 2 CUM 2MOROW LUV U MILLIONS LEKDOG,ham,zoe hit im fuck shitin il defo tri hardest cum morow luv u million lekdog
"Hello baby, did you get back to your mom's ? Are you setting up the computer now ? Filling your belly ? How goes it loverboy ? I miss you already ... *sighs*",ham,hello babi get back mom set comput fill belli goe loverboy miss alreadi sigh
"No my blankets are sufficient, thx",ham,blanket suffici thx
"naughty little thought: 'its better to flirt, flirt n flirt, rather than loving someone n gettin hurt, hurt n hurt...:-) Gud nyt",ham,naughti littl thought better flirt flirt n flirt rather love someon n gettin hurt hurt n hurt gud nyt
"Edison has rightly said, ""A fool can ask more questions than a wise man can answer"" Now you know why all of us are speechless during ViVa.. GM,GN,GE,GNT:-)",ham,edison rightli said fool ask question wise man answer know us speechless viva gmgngegnt
They just talking thats it de. They wont any other.,ham,talk that de wont
Today am going to college so am not able to atten the class.,ham,today go colleg abl atten class
I'm in class. Will holla later,ham,im class holla later
Easy ah?sen got selected means its good..,ham,easi ahsen got select mean good
Mmm thats better now i got a roast down me! id b better if i had a few drinks down me 2! Good indian?,ham,mmm that better got roast id b better drink good indian
"We know someone who you know that fancies you. Call 09058097218 to find out who. POBox 6, LS15HB 150p",spam,know someon know fanci call find pobox lshb p
"Come round, it's . ",ham,come round
"Do 1 thing! Change that sentence into: ""Because i want 2 concentrate in my educational career im leaving here..""",ham,thing chang sentenc want concentr educ career im leav
"1000's flirting NOW! Txt GIRL or BLOKE & ur NAME & AGE, eg GIRL ZOE 18 to 8007 to join and get chatting!",spam,flirt txt girl bloke ur name age eg girl zoe join get chat
I walked an hour 2 c u! doesnt that show I care y wont u believe im serious?,ham,walk hour c u doesnt show care wont u believ im seriou
18 days to Euro2004 kickoff! U will be kept informed of all the latest news and results daily. Unsubscribe send GET EURO STOP to 83222.,spam,day euro kickoff u kept inform latest news result daili unsubscrib send get euro stop
Are you available for soiree on June 3rd?,ham,avail soire june rd
Do u noe wat time e place dat sells 4d closes?,ham,u noe wat time e place dat sell close
"I got another job! The one at the hospital doing data analysis or something, starts on monday! Not sure when my thesis will got finished",ham,got anoth job one hospit data analysi someth start monday sure thesi got finish
Jay's getting really impatient and belligerent,ham,jay get realli impati belliger
HIYA COMIN 2 BRISTOL 1 ST WEEK IN APRIL. LES GOT OFF + RUDI ON NEW YRS EVE BUT I WAS SNORING.THEY WERE DRUNK! U BAK AT COLLEGE YET? MY WORK SENDS INK 2 BATH.,ham,hiya comin bristol st week april le got rudi new yr eve snoringthey drunk u bak colleg yet work send ink bath
I'm at work. Please call,ham,im work pleas call
Then u drive lor.,ham,u drive lor
Ard 515 like dat. Y?,ham,ard like dat
Tell me they're female :V how're you throwing in? We're deciding what all to get now,ham,tell theyr femal v howr throw decid get
EASTENDERS TV Quiz. What FLOWER does DOT compare herself to? D= VIOLET E= TULIP F= LILY txt D E or F to 84025 NOW 4 chance 2 WIN £100 Cash WKENT/150P16+,spam,eastend tv quiz flower dot compar violet e tulip f lili txt e f chanc win £ cash wkentp
I'm working technical support :)voice process.networking field.,ham,im work technic support voic processnetwork field
I might come to kerala for 2 days.so you can be prepared to take a leave once i finalise .dont plan any travel during my visit.need to finish urgent works.,ham,might come kerala daysso prepar take leav finalis dont plan travel visitne finish urgent work
Ok. Not sure what time tho as not sure if can get to library before class. Will try. See you at some point! Have good eve.,ham,ok sure time tho sure get librari class tri see point good eve
We have new local dates in your area - Lots of new people registered in YOUR AREA. Reply DATE to start now! 18 only www.flirtparty.us REPLYS150,spam,new local date area lot new peopl regist area repli date start wwwflirtpartyu repli
"That's fine, I'll bitch at you about it later then",ham,that fine ill bitch later
No my mum went 2 dentist.,ham,mum went dentist
Once free call me sir. I am waiting for you.,ham,free call sir wait
Meeting u is my work. . . Tel me when shall i do my work tomorrow,ham,meet u work tel shall work tomorrow
Someone U know has asked our dating service 2 contact you! Cant Guess who? CALL 09058091854 NOW all will be revealed. PO BOX385 M6 6WU,spam,someon u know ask date servic contact cant guess call reveal po box wu
Jus finish bathing...,ham,ju finish bath
"alright, I'll make sure the car is back tonight",ham,alright ill make sure car back tonight
URGENT! We are trying to contact U. Todays draw shows that you have won a £800 prize GUARANTEED. Call 09050003091 from land line. Claim C52. Valid12hrs only,spam,urgent tri contact u today draw show £ prize guarante call land line claim c validhr
Dear U've been invited to XCHAT. This is our final attempt to contact u! Txt CHAT to 86688,spam,dear uve invit xchat final attempt contact u txt chat
Lul im gettin some juicy gossip at the hospital. Two nurses are talking about how fat they are gettin. And one thinks shes obese. Oyea.,ham,lul im gettin juici gossip hospit two nurs talk fat gettin one think she obes oyea
Aight ill get on fb in a couple minutes,ham,aight ill get fb coupl minut
Oi. Ami parchi na re. Kicchu kaaj korte iccha korche na. Phone ta tul na. Plz. Plz.,ham,oi ami parchi na kicchu kaaj kort iccha korch na phone ta tul na plz plz
Where can download clear movies. Dvd copies.,ham,download clear movi dvd copi
"Yep, by the pretty sculpture",ham,yep pretti sculptur
Convey my regards to him,ham,convey regard
Me too watching surya movie only. . .after 6 pm vijay movie POKKIRI,ham,watch surya movi pm vijay movi pokkiri
You tell what happen dont behave like this to me. Ok no need to say,ham,tell happen dont behav like ok need say
Can u get pic msgs to your phone?,ham,u get pic msg phone
Send to someone else :-),ham,send someon els
Wat makes some people dearer is not just de happiness dat u feel when u meet them but de pain u feel when u miss dem!!!,ham,wat make peopl dearer de happi dat u feel u meet de pain u feel u miss dem
For me the love should start with attraction.i should feel that I need her every time around me.she should be the first thing which comes in my thoughts.I would start the day and end it with her.she should be there every time I dream.love will be then when my every breath has her name.my life should happen around her.my life will be named to her.I would cry for her.will give all my happiness and take all her sorrows.I will be ready to fight with anyone for her.I will be in love when I will be doing the craziest things for her.love will be when I don't have to proove anyone that my girl is the most beautiful lady on the whole planet.I will always be singing praises for her.love will be when I start up making chicken curry and end up makiing sambar.life will be the most beautiful then.will get every morning and thank god for the day because she is with me.I would like to say a lot..will tell later..,ham,love start attractioni feel need everi time around mesh first thing come thoughtsi would start day end hersh everi time dreamlov everi breath namemi life happen around hermi life name heri would cri herwil give happi take sorrowsi readi fight anyon heri love craziest thing herlov dont proov anyon girl beauti ladi whole planeti alway sing prais herlov start make chicken curri end maki sambarlif beauti thenwil get everi morn thank god day mei would like say lotwil tell later
"FR'NDSHIP is like a needle of a clock. Though V r in d same clock, V r nt able 2 met. Evn if V meet,itz only 4few seconds. Bt V alwys stay conected. Gud 9t;-)",ham,frndship like needl clock though v r clock v r nt abl met evn v meetitz second bt v alwi stay conect gud
I don't think he has spatula hands!,ham,dont think spatula hand
You can never do NOTHING,ham,never noth
You are awarded a SiPix Digital Camera! call 09061221061 from landline. Delivery within 28days. T Cs Box177. M221BP. 2yr warranty. 150ppm. 16 . p p£3.99,spam,award sipix digit camera call landlin deliveri within day cs box mbp yr warranti ppm p p£
Goodmorning today i am late for  &lt;DECIMAL&gt; min.,ham,goodmorn today late ltdecimalgt min
WIN URGENT! Your mobile number has been awarded with a £2000 prize GUARANTEED call 09061790121 from land line. claim 3030 valid 12hrs only 150ppm ,spam,win urgent mobil number award £ prize guarante call land line claim valid hr ppm
Please da call me any mistake from my side sorry da. Pls da goto doctor.,ham,pleas da call mistak side sorri da pl da goto doctor
Where r we meeting?,ham,r meet
"Well the weather in cali's great. But its complexities are great. You need a car to move freely, its taxes are outrageous. But all in all its a great place. The sad part is i missing home.",ham,well weather cali great complex great need car move freeli tax outrag great place sad part miss home
Now only i reached home. . . I am very tired now. . I will come tomorro,ham,reach home tire come tomorro
Ryder unsold.now gibbs.,ham,ryder unsoldnow gibb
Dear Subscriber ur draw 4 £100 gift voucher will b entered on receipt of a correct ans. When was Elvis Presleys Birthday? TXT answer to 80062,spam,dear subscrib ur draw £ gift voucher b enter receipt correct an elvi presley birthday txt answer
Don't fret. I'll buy the ovulation test strips and send them to you. You wont get them til like march. Can you send me your postal address.u'll be alright.Okay.,ham,dont fret ill buy ovul test strip send wont get til like march send postal addressul alrightokay
NO GIFTS!! You trying to get me to throw myself off a cliff or something?,ham,gift tri get throw cliff someth
Been up to ne thing interesting. Did you have a good birthday? When are u wrking nxt? I started uni today.,ham,ne thing interest good birthday u wrking nxt start uni today
You busy or can I come by at some point and figure out what we're doing tomorrow,ham,busi come point figur tomorrow
"Yeah go on then, bored and depressed sittin waitin for phone to ring... Hope the wind drops though, scary",ham,yeah go bore depress sittin waitin phone ring hope wind drop though scari
Black shirt n blue jeans... I thk i c ü...,ham,black shirt n blue jean thk c ü
Aiyah sorry lor... I watch tv watch until i forgot 2 check my phone.,ham,aiyah sorri lor watch tv watch forgot check phone
Message Important information for O2 user. Today is your lucky day! 2 find out why log onto http://www.urawinner.com there is a fantastic surprise awaiting you,spam,messag import inform user today lucki day find log onto httpwwwurawinnercom fantast surpris await
on hen night. Going with a swing,ham,hen night go swing
"Good afternoon, my love. How goes your day ? What are you up to ? I woke early and am online waiting for you ... Hmmm ... Italian boy is online I see . *grins*",ham,good afternoon love goe day woke earli onlin wait hmmm italian boy onlin see grin
From someone not to smoke when every time I've smoked in the last two weeks is because of you calling or texting me that you wanted to smoke,ham,someon smoke everi time ive smoke last two week call text want smoke
No you'll just get a headache trying to figure it out. U can trust me to do the math. I promise. O:-),ham,youll get headach tri figur u trust math promis
S s..first time..dhoni rocks...,ham,sfirst timedhoni rock
Ok ill tell the company,ham,ok ill tell compani
"Awesome, think we can get an 8th at usf some time tonight?",ham,awesom think get th usf time tonight
So that means you still think of teju,ham,mean still think teju
"No I'm good for the movie, is it ok if I leave in an hourish?",ham,im good movi ok leav hourish
No no:)this is kallis home ground.amla home town is durban:),ham,nothi kalli home groundamla home town durban
So lets make it saturday or monday as per convenience.,ham,let make saturday monday per conveni
Hey... What time is your driving on fri? We go for evaluation on fri?,ham,hey time drive fri go evalu fri
"449050000301 You have won a £2,000 price! To claim, call 09050000301.",spam,£ price claim call
I'm going 4 lunch now wif my family then aft dat i go str 2 orchard lor.,ham,im go lunch wif famili aft dat go str orchard lor
"Bored of speed dating? Try SPEEDCHAT, txt SPEEDCHAT to 80155, if you don't like em txt SWAP and get a new chatter! Chat80155 POBox36504W45WQ 150p/msg rcd 16",spam,bore speed date tri speedchat txt speedchat dont like em txt swap get new chatter chat poboxwwq pmsg rcd
Cancel cheyyamo?and get some money back?,ham,cancel cheyyamoand get money back
Do you want 750 anytime any network mins 150 text and a NEW video phone for only five pounds per week call 08000776320 now or reply for delivery Tomorrow,spam,want anytim network min text new video phone five pound per week call repli deliveri tomorrow
Ok.ok ok..then..whats ur todays plan,ham,okok okthenwhat ur today plan
Good morning princess! How are you?,ham,good morn princess
Aiyar sorry lor forgot 2 tell u...,ham,aiyar sorri lor forgot tell u
For taking part in our mobile survey yesterday! You can now have 500 texts 2 use however you wish. 2 get txts just send TXT to 80160 T&C www.txt43.com 1.50p,spam,take part mobil survey yesterday text use howev wish get txt send txt tc wwwtxtcom p
Not tonight mate. Catching up on some sleep. This is my new number by the way. ,ham,tonight mate catch sleep new number way
"Height of ""Oh shit....!!"" situation: A guy throws a luv letter on a gal but falls on her brothers head whos a gay,.;-):-D",ham,height oh shit situat guy throw luv letter gal fall brother head who gayd
Ur HMV Quiz cash-balance is currently £500 - to maximize ur cash-in now send HMV1 to 86688 only 150p/msg,spam,ur hmv quiz cashbal current £ maxim ur cashin send hmv pmsg
"So check your errors and if you had difficulties, do correction.",ham,check error difficulti correct
Howz pain?hope u r fine..,ham,howz painhop u r fine
"Sorry, I'll call later",ham,sorri ill call later
Good morning princess! How are you?,ham,good morn princess
"As I entered my cabin my PA said, '' Happy B'day Boss !!''. I felt special. She askd me 4 lunch. After lunch she invited me to her apartment. We went there.",ham,enter cabin pa said happi bday boss felt special askd lunch lunch invit apart went
U wake up already? Thanx 4 e tau sar piah it's quite nice.,ham,u wake alreadi thanx e tau sar piah quit nice
K do I need a login or anything,ham,k need login anyth
Dont forget you can place as many FREE Requests with 1stchoice.co.uk as you wish. For more Information call 08707808226.,spam,dont forget place mani free request stchoicecouk wish inform call
LOL ... No just was busy,ham,lol busi
What * u wearing?,ham,u wear
Message:some text missing* Sender:Name Missing* *Number Missing *Sent:Date missing *Missing U a lot thats y everything is missing sent via fullonsms.com,ham,messagesom text miss sendernam miss number miss sentdat miss miss u lot that everyth miss sent via fullonsmscom
Oh:)as usual vijay film or its different?,ham,oha usual vijay film differ
I don't know u and u don't know me. Send CHAT to 86688 now and let's find each other! Only 150p/Msg rcvd. HG/Suite342/2Lands/Row/W1J6HL LDN. 18 years or over.,spam,dont know u u dont know send chat let find pmsg rcvd hgsuitelandsrowwjhl ldn year
Have you had a good day? Mine was really busy are you up to much tomorrow night?,ham,good day mine realli busi much tomorrow night
And is there a way you can send shade's stuff to her. And she has been wonderful too.,ham,way send shade stuff wonder
Really... I tot ur paper ended long ago... But wat u copied jus now got use? U happy lar... I still haf 2 study :-(,ham,realli tot ur paper end long ago wat u copi ju got use u happi lar still haf studi
"Thank you, winner notified by sms. Good Luck! No future marketing reply STOP to 84122 customer services 08450542832",spam,thank winner notifi sm good luck futur market repli stop custom servic
Babe ? I lost you ... :-(,ham,babe lost
Ok... Help me ask if she's working tmr a not?,ham,ok help ask she work tmr
I'm not driving... Raining! Then i'll get caught at e mrt station lor.,ham,im drive rain ill get caught e mrt station lor
Not a drop in the tank,ham,drop tank
(That said can you text him one more time?),ham,said text one time
"Sorry, I'll call later",ham,sorri ill call later
Ok i go change also...,ham,ok go chang also
1000's of girls many local 2 u who r virgins 2 this & r ready 2 4fil ur every sexual need. Can u 4fil theirs? text CUTE to 69911(£1.50p. m),spam,girl mani local u r virgin r readi fil ur everi sexual need u fil text cute £p
Did u find a sitter for kaitlyn? I was sick and slept all day yesterday.,ham,u find sitter kaitlyn sick slept day yesterday
"Sorry man, accidentally left my phone on silent last night and didn't check it til I got up",ham,sorri man accident left phone silent last night didnt check til got
Hey.. Something came up last min.. Think i wun be signing up tmr.. Hee,ham,hey someth came last min think wun sign tmr hee
He's an adult and would learn from the experience. There's no real danger. I just dont like peeps using drugs they dont need. But no comment,ham,he adult would learn experi there real danger dont like peep use drug dont need comment
Hey! There's veggie pizza... :/,ham,hey there veggi pizza
Yun buying... But school got offer 2000 plus only...,ham,yun buy school got offer plu
You sure your neighbors didnt pick it up,ham,sure neighbor didnt pick
K. I will sent it again,ham,k sent
Free entry in 2 a wkly comp to win FA Cup final tkts 21st May 2005. Text FA to 87121 to receive entry question(std txt rate)T&C's apply 08452810075over18's,spam,free entri wkli comp win fa cup final tkt st may text fa receiv entri questionstd txt ratetc appli over
"New Theory: Argument wins d SITUATION, but loses the PERSON. So dont argue with ur friends just.. . . . kick them &amp; say, I'm always correct.!",ham,new theori argument win situat lose person dont argu ur friend kick amp say im alway correct
Well. Im computerless. Time to make some oreo truffles,ham,well im computerless time make oreo truffl
"Haha yeah I see that now, be there in a sec",ham,haha yeah see sec
I am not having her number sir,ham,number sir
Lol now I'm after that hot air balloon!,ham,lol im hot air balloon
Ok . . now i am in bus. . If i come soon i will come otherwise tomorrow,ham,ok bu come soon come otherwis tomorrow
Msgs r not time pass.They silently say that I am thinking of U right now and also making U think of me at least 4 a moment. Gd nt.swt drms @Shesil,ham,msg r time passthey silent say think u right also make u think least moment gd ntswt drm shesil
"Yeah, we can probably swing by once my roommate finishes up with his girl",ham,yeah probabl swing roommat finish girl
"Got what it takes 2 take part in the WRC Rally in Oz? U can with Lucozade Energy! Text RALLY LE to 61200 (25p), see packs or lucozade.co.uk/wrc & itcould be u!",spam,got take take part wrc ralli oz u lucozad energi text ralli le p see pack lucozadecoukwrc itcould u
Happy new years melody!,ham,happi new year melodi
Ü dun need to pick ur gf?,ham,ü dun need pick ur gf
Yay! You better not have told that to 5 other girls either.,ham,yay better told girl either
Horrible u eat macs eat until u forgot abt me already rite... U take so long 2 reply. I thk it's more toot than b4 so b prepared. Now wat shall i eat?,ham,horribl u eat mac eat u forgot abt alreadi rite u take long repli thk toot b b prepar wat shall eat
"Did he say how fantastic I am by any chance, or anything need a bigger life lift as losing the will 2 live, do you think I would be the first person 2 die from N V Q? ",ham,say fantast chanc anyth need bigger life lift lose live think would first person die n v q
Just nw i came to hme da..,ham,nw came hme da
"I'm outside islands, head towards hard rock and you'll run into me",ham,im outsid island head toward hard rock youll run
To day class is there are no class.,ham,day class class
I'm in chennai velachery:),ham,im chennai velacheri
You flippin your shit yet?,ham,flippin shit yet
"K give me a sec, breaking a  &lt;#&gt;  at cstore",ham,k give sec break ltgt cstore
Am i that much bad to avoid like this?,ham,much bad avoid like
"Yo, you around? Just got my car back",ham,yo around got car back
Annoying isn't it.,ham,annoy isnt
"Goodmorning, Today i am late for  &lt;#&gt; min.",ham,goodmorn today late ltgt min
There's no point hangin on to mr not right if he's not makin u happy,ham,there point hangin mr right he makin u happi
All will come alive.better correct any good looking figure there itself..,ham,come alivebett correct good look figur
In that case I guess I'll see you at campus lodge,ham,case guess ill see campu lodg
We're done...,ham,done
Come to my home for one last time i wont do anything. Trust me.,ham,come home one last time wont anyth trust
I was up all night too worrying about this appt. It's a shame we missed a girls night out with quizzes popcorn and you doing my hair.,ham,night worri appt shame miss girl night quizz popcorn hair
Sex up ur mobile with a FREE sexy pic of Jordan! Just text BABE to 88600. Then every wk get a sexy celeb! PocketBabe.co.uk 4 more pics. 16 £3/wk 087016248,spam,sex ur mobil free sexi pic jordan text babe everi wk get sexi celeb pocketbabecouk pic £wk
Ok... C ya...,ham,ok c ya
You have 1 new voicemail. Please call 08719181503,spam,new voicemail pleas call
What he said is not the matter. My mind saying some other matter is there.,ham,said matter mind say matter
He also knows about lunch menu only da. . I know,ham,also know lunch menu da know
"Al he does is moan at me if n e thin goes wrong its my fault&al de arguments r my fault&fed up of him of himso y bother? Hav 2go, thanx.xx",ham,al moan n e thin goe wrong faultal de argument r faultf himso bother hav go thanxxx
NEFT Transaction with reference number  &lt;#&gt;  for Rs. &lt;DECIMAL&gt;  has been credited to the beneficiary account on  &lt;#&gt;  at  &lt;TIME&gt; : &lt;#&gt;,ham,neft transact refer number ltgt rs ltdecimalgt credit beneficiari account ltgt lttimegt ltgt
Otherwise had part time job na-tuition..,ham,otherwis part time job natuit
I know she called me,ham,know call
"Me also da, i feel yesterday night  wait til 2day night dear.",ham,also da feel yesterday night wait til day night dear
Thanks for understanding. I've been trying to tell sura that.,ham,thank understand ive tri tell sura
WIN a year supply of CDs 4 a store of ur choice worth £500 & enter our £100 Weekly draw txt MUSIC to 87066 Ts&Cs www.Ldew.com.subs16+1win150ppmx3,spam,win year suppli cd store ur choic worth £ enter £ weekli draw txt music tsc wwwldewcomsubswinppmx
The whole car appreciated the last two! Dad and are having a map reading semi argument but apart from that things are going ok. P.,ham,whole car appreci last two dad map read semi argument apart thing go ok p
"As a SIM subscriber, you are selected to receive a Bonus! Get it delivered to your door, Txt the word OK to No: 88600 to claim. 150p/msg, EXP. 30Apr",spam,sim subscrib select receiv bonu get deliv door txt word ok claim pmsg exp apr
I need you to be in my strong arms...,ham,need strong arm
Also maaaan are you missing out,ham,also maaaan miss
His bday real is in april .,ham,bday real april
Guessin you ain't gonna be here before 9?,ham,guessin aint gonna
Ok then i will come to ur home after half an hour,ham,ok come ur home half hour
"Yo, the game almost over? Want to go to walmart soon",ham,yo game almost want go walmart soon
"Yeah, probably but not sure. Ilol let u know, but personally I wuldnt bother, then again if ur goin to then I mite as well!!",ham,yeah probabl sure ilol let u know person wuldnt bother ur goin mite well
I'll text now! All creepy like so he won't think that we forgot,ham,ill text creepi like wont think forgot
"that would be good … I'll phone you tomo lunchtime, shall I, to organise something?",ham,would good … ill phone tomo lunchtim shall organis someth
You have 1 new voicemail. Please call 08719181513.,spam,new voicemail pleas call
"Damn, can you make it tonight or do you want to just wait til tomorrow",ham,damn make tonight want wait til tomorrow
K..k..i'm also fine:)when will you complete the course?,ham,kkim also finewhen complet cours
"True. It is passable. And if you get a high score and apply for phd, you get 5years of salary. So it makes life easier.",ham,true passabl get high score appli phd get year salari make life easier
No. 1 Nokia Tone 4 ur mob every week! Just txt NOK to 87021. 1st Tone FREE ! so get txtin now and tell ur friends. 150p/tone. 16 reply HL 4info,spam,nokia tone ur mob everi week txt nok st tone free get txtin tell ur friend ptone repli hl info
Prakesh is there know.,ham,prakesh know
Teach me apps da. When you come to college.,ham,teach app da come colleg
Rofl betta invest in some  anti aging products,ham,rofl betta invest anti age product
You are a winner U have been specially selected 2 receive £1000 cash or a 4* holiday (flights inc) speak to a live operator 2 claim 0871277810810,spam,winner u special select receiv £ cash holiday flight inc speak live oper claim
"sir, you will receive the account no another 1hr time. Sorry for the delay.",ham,sir receiv account anoth hr time sorri delay
Reply with your name and address and YOU WILL RECEIVE BY POST a weeks completely free accommodation at various global locations www.phb1.com ph:08700435505150p,spam,repli name address receiv post week complet free accommod variou global locat wwwphbcom php
So ü'll be submitting da project tmr rite?,ham,üll submit da project tmr rite
FREE entry into our £250 weekly comp just send the word ENTER to 84128 NOW. 18 T&C www.textcomp.com cust care 08712405020.,spam,free entri £ weekli comp send word enter tc wwwtextcompcom cust care
Jus ans me lar. U'll noe later.,ham,ju an lar ull noe later
I want to send something that can sell fast.  &lt;#&gt; k is not easy money.,ham,want send someth sell fast ltgt k easi money
have got * few things to do. may be in * pub later.,ham,got thing may pub later
1's finish meeting call me.,ham,finish meet call
Lol ok. I'll snatch her purse too.,ham,lol ok ill snatch purs
Hello-/@drivby-:0quit edrunk sorry iff pthis makes no senrd-dnot no how ^ dancce 2 drum n basq!ihave fun 2nhite x ros xxxxxxx,ham,hellodrivbyquit edrunk sorri iff pthi make senrddnot dancc drum n basqihav fun nhite x ro xxxxxxx
Your opinion about me? 1. Over 2. Jada 3. Kusruthi 4. Lovable 5. Silent 6. Spl character 7. Not matured 8. Stylish 9. Simple Pls reply..,ham,opinion jada kusruthi lovabl silent spl charact matur stylish simpl pl repli
How much are we getting?,ham,much get
Is ur paper in e morn or aft tmr?,ham,ur paper e morn aft tmr
"Dear relieved of westonzoyland, all going to plan this end too!",ham,dear reliev westonzoyland go plan end
Hope you are having a great new semester. Do wish you the very best. You are made for greatness.,ham,hope great new semest wish best made great
Oh yes I can speak txt 2 u no! Hmm. Did u get  email?,ham,oh ye speak txt u hmm u get email
"I want to show you the world, princess :) how about europe?",ham,want show world princess europ
Nobody can decide where to eat and dad wants Chinese,ham,nobodi decid eat dad want chines
No shoot me. I'm in the docs waiting room. :/,ham,shoot im doc wait room
Now? I'm going out 4 dinner soon..,ham,im go dinner soon
Hello which the site to download songs its urgent pls,ham,hello site download song urgent pl
"I do know what u mean,  is the king of not havin credit! I'm goin2bed now. Night night sweet! Only1more sleep! ",ham,know u mean king havin credit im goinb night night sweet onlymor sleep
Horrible gal. Me in sch doing some stuff. How come u got mc?,ham,horribl gal sch stuff come u got mc
"HI HUN! IM NOT COMIN 2NITE-TELL EVERY1 IM SORRY 4 ME, HOPE U AVA GOODTIME!OLI RANG MELNITE IFINK IT MITE B SORTED,BUT IL EXPLAIN EVERYTHIN ON MON.L8RS.x",ham,hi hun im comin nitetel everi im sorri hope u ava goodtimeoli rang melnit ifink mite b sortedbut il explain everythin monlrsx
"I call you later, don't have network. If urgnt, sms me.",ham,call later dont network urgnt sm
Ummmmmaah Many many happy returns of d day my dear sweet heart.. HAPPY BIRTHDAY dear,ham,ummmmmaah mani mani happi return day dear sweet heart happi birthday dear
Please CALL 08712402779 immediately as there is an urgent message waiting for you,spam,pleas call immedi urgent messag wait
Yeah like if it goes like it did with my friends imma flip my shit in like half an hour,ham,yeah like goe like friend imma flip shit like half hour
Mum say we wan to go then go... Then she can shun bian watch da glass exhibition... ,ham,mum say wan go go shun bian watch da glass exhibit
What your plan for pongal?,ham,plan pongal
Just wait till end of march when el nino gets himself. Oh.,ham,wait till end march el nino get oh
"Not yet chikku..going to room nw, i'm in bus..",ham,yet chikkugo room nw im bu
Am also doing in cbe only. But have to pay.,ham,also cbe pay
Honey boo I'm missing u.,ham,honey boo im miss u
"We have sent JD for Customer Service cum Accounts Executive to ur mail id, For details contact us",ham,sent jd custom servic cum account execut ur mail id detail contact us
"Yo, I'm at my parents' gettin cash. Good news: we picked up a downstem",ham,yo im parent gettin cash good news pick downstem
"Thank you so much. When we skyped wit kz and sura, we didnt get the pleasure of your company. Hope you are good. We've given you ultimatum oh! We are countin down to aburo. Enjoy!",ham,thank much skype wit kz sura didnt get pleasur compani hope good weve given ultimatum oh countin aburo enjoy
"Hungry gay guys feeling hungry and up 4 it, now. Call 08718730555 just 10p/min. To stop texts call 08712460324 (10p/min)",spam,hungri gay guy feel hungri call pmin stop text call pmin
Ok. No wahala. Just remember that a friend in need ...,ham,ok wahala rememb friend need
I will see in half an hour,ham,see half hour
"Im in inperialmusic listening2the weirdest track ever byleafcutter john-sounds like insects being molested&someone plumbing,remixed by evil men on acid!",ham,im inperialmus listeningth weirdest track ever byleafcutt johnsound like insect molestedsomeon plumbingremix evil men acid
"Hey sorry I didntgive ya a a bellearlier hunny,just been in bedbut mite go 2 thepub l8tr if uwana mt up?loads a luv Jenxxx.",ham,hey sorri didntgiv ya bellearli hunnyjust bedbut mite go thepub ltr uwana mt upload luv jenxxx
SERIOUSLY. TELL HER THOSE EXACT WORDS RIGHT NOW.,ham,serious tell exact word right
Can U get 2 phone NOW? I wanna chat 2 set up meet Call me NOW on 09096102316 U can cum here 2moro Luv JANE xx Calls£1/minmoremobsEMSPOBox45PO139WA,spam,u get phone wanna chat set meet call u cum moro luv jane xx calls£minmoremobsemspoboxpowa
"Tee hee. Off to lecture, cheery bye bye.",ham,tee hee lectur cheeri bye bye
"Sorry chikku, my cell got some problem thts y i was nt able to reply u or msg u..",ham,sorri chikku cell got problem tht nt abl repli u msg u
If you still havent collected the dough pls let me know so i can go to the place i sent it to get the control number,ham,still havent collect dough pl let know go place sent get control number
Ok...,ham,ok
network operator. The service is free. For T & C's visit 80488.biz,spam,network oper servic free cs visit biz
Let me know how to contact you. I've you settled in a room. Lets know you are ok.,ham,let know contact ive settl room let know ok
Wot u up 2 u weirdo?,ham,wot u u weirdo
Can do lor...,ham,lor
Dont put your phone on silent mode ok,ham,dont put phone silent mode ok
Can i meet ü at 5.. As 4 where depends on where ü wan 2 in lor..,ham,meet ü depend ü wan lor
Waiting 4 my tv show 2 start lor... U leh still busy doing ur report?,ham,wait tv show start lor u leh still busi ur report
Oh ho. Is this the first time u use these type of words,ham,oh ho first time u use type word
Am I the only one who doesn't stalk profiles?,ham,one doesnt stalk profil
"Ever green quote ever told by Jerry in cartoon ""A Person Who Irritates u Always Is the one Who Loves u Vry Much But Fails to Express It...!..!! :-) :-) gud nyt",ham,ever green quot ever told jerri cartoon person irrit u alway one love u vri much fail express gud nyt
Yes i thought so. Thanks.,ham,ye thought thank
But if she.s drinkin i'm ok.,ham,she drinkin im ok
"Just wondering, the others just took off",ham,wonder other took
"Night has ended for another day, morning has come in a special way. May you smile like the sunny rays and leaves your worries at the blue blue bay. Gud mrng",ham,night end anoth day morn come special way may smile like sunni ray leav worri blue blue bay gud mrng
"What do you do, my dog ? Must I always wait till the end of your day to have word from you ? Did you run out of time on your cell already?",ham,dog must alway wait till end day word run time cell alreadi
Happy new year to u too!,ham,happi new year u
"Hey...Great deal...Farm tour 9am to 5pm $95/pax, $50 deposit by 16 May",ham,heygreat dealfarm tour pm pax deposit may
Eat jap done oso aft ur lect wat... Ü got lect at 12 rite... ,ham,eat jap done oso aft ur lect wat ü got lect rite
"Hey babe! I saw you came online for a second and then you disappeared, what happened ?",ham,hey babe saw came onlin second disappear happen
Da my birthdate in certificate is in april but real date is today. But dont publish it. I shall give you a special treat if you keep the secret. Any way thanks for the wishes,ham,da birthdat certif april real date today dont publish shall give special treat keep secret way thank wish
Happy birthday... May all ur dreams come true...,ham,happi birthday may ur dream come true
Aiyah u did ok already lar. E nydc at wheellock?,ham,aiyah u ok alreadi lar e nydc wheellock
TELL HER I SAID EAT SHIT.,ham,tell said eat shit
Sure! I am driving but will reach my destination soon.,ham,sure drive reach destin soon
"K so am I, how much for an 8th? Fifty?",ham,k much th fifti
Your daily text from me – a favour this time,ham,daili text – favour time
Great to hear you are settling well. So what's happenin wit ola?,ham,great hear settl well what happenin wit ola
Those cocksuckers. If it makes you feel better ipads are worthless garbage novelty items and you should feel bad for even wanting one,ham,cocksuck make feel better ipad worthless garbag novelti item feel bad even want one
I tot u reach liao. He said t-shirt.,ham,tot u reach liao said tshirt
"FRAN I DECIDED 2 GO N E WAY IM COMPLETELY BROKE AN KNACKERED I GOT UP BOUT 3 C U 2MRW LOVE JANX P.S THIS IS MY DADS FONE, -NO CREDIT",ham,fran decid go n e way im complet broke knacker got bout c u mrw love janx ps dad fone credit
I cant pick the phone right now. Pls send a message,ham,cant pick phone right pl send messag
Your right! I'll make the appointment right now.,ham,right ill make appoint right
Designation is software developer and may be she get chennai:),ham,design softwar develop may get chennai
Enjoy the jamster videosound gold club with your credits for 2 new videosounds+2 logos+musicnews! get more fun from jamster.co.uk! 16+only Help? call: 09701213186 ,spam,enjoy jamster videosound gold club credit new videosound logosmusicnew get fun jamstercouk help call
"Get 3 Lions England tone, reply lionm 4 mono or lionp 4 poly. 4 more go 2 www.ringtones.co.uk, the original n best. Tones 3GBP network operator rates apply",spam,get lion england tone repli lionm mono lionp poli go wwwringtonescouk origin n best tone gbp network oper rate appli
I jokin oni lar.. Ü busy then i wun disturb ü.,ham,jokin oni lar ü busi wun disturb ü
"Ok, be careful ! Don't text and drive !",ham,ok care dont text drive
"I.ll always be there, even if its just in spirit. I.ll get a bb soon. Just trying to be sure i need it.",ham,ill alway even spirit ill get bb soon tri sure need
U r too much close to my heart. If u go away i will be shattered. Plz stay with me.,ham,u r much close heart u go away shatter plz stay
I love u 2 babe! R u sure everything is alrite. Is he being an idiot? Txt bak girlie,ham,love u babe r u sure everyth alrit idiot txt bak girli
How abt making some of the pics bigger?,ham,abt make pic bigger
Got but got 2 colours lor. One colour is quite light n e other is darker lor. Actually i'm done she's styling my hair now.,ham,got got colour lor one colour quit light n e darker lor actual im done she style hair
"Whenevr ur sad, Whenevr ur gray, Remembr im here 2 listn 2 watevr u wanna say, Jus walk wid me a little while,&amp; I promise I'll bring back ur smile.:-)",ham,whenevr ur sad whenevr ur gray remembr im listn watevr u wanna say ju walk wid littl whileamp promis ill bring back ur smile
Why nothing. Ok anyway give me treat,ham,noth ok anyway give treat
"Win the newest “Harry Potter and the Order of the Phoenix (Book 5) reply HARRY, answer 5 questions - chance to be the first among readers!",spam,win newest “harri potter order phoenix book repli harri answer question chanc first among reader
Ok...,ham,ok
Correct. So how was work today,ham,correct work today
"Just sent again. Do you scream and moan in bed, princess?",ham,sent scream moan bed princess
"I wake up long ago already... Dunno, what other thing?",ham,wake long ago alreadi dunno thing
Oh just getting even with u.... u?,ham,oh get even u u
I thk 50 shd be ok he said plus minus 10.. Did ü leave a line in between paragraphs?,ham,thk shd ok said plu minu ü leav line paragraph
Can you call me plz. Your number shows out of coveragd area. I have urgnt call in vasai &amp; have to reach before 4'o clock so call me plz,ham,call plz number show coveragd area urgnt call vasai amp reach clock call plz
Yeah jay's sort of a fucking retard,ham,yeah jay sort fuck retard
"Sorry, was in the bathroom, sup",ham,sorri bathroom sup
Ur balance is now £500. Ur next question is: Who sang 'Uptown Girl' in the 80's ? 2 answer txt ur ANSWER to 83600. Good luck!,spam,ur balanc £ ur next question sang uptown girl answer txt ur answer good luck
My exam is for february 4. Wish you a great day.,ham,exam februari wish great day
I dont know what to do to come out of this so only am ask questions like this dont mistake me.,ham,dont know come ask question like dont mistak
"Aight no rush, I'll ask jay",ham,aight rush ill ask jay
Good Morning plz call me sir,ham,good morn plz call sir
It's ok lar. U sleep early too... Nite...,ham,ok lar u sleep earli nite
"Oh... Icic... K lor, den meet other day...",ham,oh icic k lor den meet day
"Oh ! A half hour is much longer in Syria than Canada, eh ? Wow you must get SO much more work done in a day than us with all that extra time ! *grins*",ham,oh half hour much longer syria canada eh wow must get much work done day us extra time grin
"Sometimes we put walls around our hearts,not just to be safe from getting hurt.. But to find out who cares enough to break the walls &amp; get closer.. GOODNOON:)",ham,sometim put wall around heartsnot safe get hurt find care enough break wall amp get closer goodnoon
"Sweet, we may or may not go to 4U to meet carlos so gauge patty's interest in that",ham,sweet may may go u meet carlo gaug patti interest
Then she buying today? Ü no need to c meh...,ham,buy today ü need c meh
Aight sorry I take ten years to shower. What's the plan?,ham,aight sorri take ten year shower what plan
Every monday..nxt week vl be completing..,ham,everi mondaynxt week vl complet
Might ax well im there.,ham,might ax well im
Just chill for another 6hrs. If you could sleep the pain is not a surgical emergency so see how it unfolds. Okay,ham,chill anoth hr could sleep pain surgic emerg see unfold okay
Yeah I'll try to scrounge something up,ham,yeah ill tri scroung someth
Crazy ar he's married. Ü like gd looking guys not me. My frens like say he's korean leona's fave but i dun thk he is. Aft some thinking mayb most prob i'll go.,ham,crazi ar he marri ü like gd look guy fren like say he korean leona fave dun thk aft think mayb prob ill go
Were somewhere on Fredericksburg,ham,somewher fredericksburg
Que pases un buen tiempo or something like that,ham,que pase un buen tiempo someth like
Is it ok if I stay the night here? Xavier has a sleeping bag and I'm getting tired,ham,ok stay night xavier sleep bag im get tire
She doesnt need any test.,ham,doesnt need test
"Nothing much, chillin at home. Any super bowl plan?",ham,noth much chillin home super bowl plan
"FREE2DAY sexy St George's Day pic of Jordan!Txt PIC to 89080 dont miss out, then every wk a saucy celeb!4 more pics c PocketBabe.co.uk 0870241182716 £3/wk",spam,freeday sexi st georg day pic jordantxt pic dont miss everi wk sauci celeb pic c pocketbabecouk £wk
Bugis oso near wat... ,ham,bugi oso near wat
Yo theres no class tmrw right?,ham,yo there class tmrw right
Let Ur Heart Be Ur Compass Ur Mind Ur Map Ur Soul Ur Guide And U Will Never loose in world....gnun - Sent via WAY2SMS.COM,ham,let ur heart ur compass ur mind ur map ur soul ur guid u never loos worldgnun sent via waysmscom
"Goodnight, sleep well da please take care pa. Please.",ham,goodnight sleep well da pleas take care pa pleas
Baaaaabe! I misss youuuuu ! Where are you ? I have to go and teach my class at 5 ...,ham,baaaaab misss youuuuu go teach class
Convey my regards to him,ham,convey regard
U ned to convince him tht its not possible witot hurting his feeling its the main,ham,u ned convinc tht possibl witot hurt feel main
"Good afternoon loverboy ! How goes you day ? Any luck come your way? I think of you, sweetie and send my love across the sea to make you smile and happy",ham,good afternoon loverboy goe day luck come way think sweeti send love across sea make smile happi
If i start sending blackberry torch to nigeria will you find buyer for me?like 4a month. And tell dad not to buy bb from anyone oh.,ham,start send blackberri torch nigeria find buyer melik month tell dad buy bb anyon oh
"&lt;#&gt; %of pple marry with their lovers... becz they hav gud undrstndng dat avoids problems. i sent dis 2 u, u wil get gud news on friday by d person you like. And tomorrow will be the best day of your life. Dont break this chain. If you break you will suffer. send this to  &lt;#&gt;  frnds in &lt;#&gt;  mins whn u read...",ham,ltgt pple marri lover becz hav gud undrstndng dat avoid problem sent di u u wil get gud news friday person like tomorrow best day life dont break chain break suffer send ltgt frnd ltgt min whn u read
Yo dude guess who just got arrested the other day,ham,yo dude guess got arrest day
Shuhui say change 2 suntec steamboat? U noe where? Where r u now?,ham,shuhui say chang suntec steamboat u noe r u
What does the dance river do?,ham,danc river
"Yetunde, i'm sorry but moji and i seem too busy to be able to go shopping. Can you just please find some other way to get what you wanted us to get. Please forgive me. You can reply free via yahoo messenger.",ham,yetund im sorri moji seem busi abl go shop pleas find way get want us get pleas forgiv repli free via yahoo messeng
Hey i will be really pretty late... You want to go for the lesson first? I will join you. I'm only reaching tp mrt,ham,hey realli pretti late want go lesson first join im reach tp mrt
"HOT LIVE FANTASIES call now 08707509020 Just 20p per min NTT Ltd, PO Box 1327 Croydon CR9 5WB 0870..k",spam,hot live fantasi call p per min ntt ltd po box croydon cr wb k
Bbq this sat at mine from 6ish. Ur welcome 2 come,ham,bbq sat mine ish ur welcom come
"I don't know, same thing that's wrong everyso often, he panicks starts goin on bout not bein good enough …",ham,dont know thing that wrong everyso often panick start goin bout bein good enough …
Alright. I'm out--have a good night!,ham,alright im outhav good night
Did you try making another butt.,ham,tri make anoth butt
Hope you are feeling great. Pls fill me in. Abiola,ham,hope feel great pl fill abiola
I though we shd go out n have some fun so bar in town or something – sound ok?,ham,though shd go n fun bar town someth – sound ok
"1) Go to write msg 2) Put on Dictionary mode 3)Cover the screen with hand, 4)Press  &lt;#&gt; . 5)Gently remove Ur hand.. Its interesting..:)",ham,go write msg put dictionari mode cover screen hand press ltgt gentli remov ur hand interest
"Bears Pic Nick, and Tom, Pete and ... Dick. In fact, all types try gay chat with photo upload call 08718730666 (10p/min). 2 stop texts call 08712460324",spam,bear pic nick tom pete dick fact type tri gay chat photo upload call pmin stop text call
"500 New Mobiles from 2004, MUST GO! Txt: NOKIA to No: 89545 & collect yours today!From ONLY £1 www.4-tc.biz 2optout 087187262701.50gbp/mtmsg18 TXTAUCTION",spam,new mobil must go txt nokia collect todayfrom £ wwwtcbiz optout gbpmtmsg txtauction
We're finally ready fyi,ham,final readi fyi
Auntie huai juan never pick up her phone,ham,aunti huai juan never pick phone
Double Mins & Double Txt & 1/2 price Linerental on Latest Orange Bluetooth mobiles. Call MobileUpd8 for the very latest offers. 08000839402 or call2optout/LF56,spam,doubl min doubl txt price linerent latest orang bluetooth mobil call mobileupd latest offer calloptoutlf
"Ya tel, wats ur problem..",ham,ya tel wat ur problem
No. 1 Nokia Tone 4 ur mob every week! Just txt NOK to 87021. 1st Tone FREE ! so get txtin now and tell ur friends. 150p/tone. 16 reply HL 4info,spam,nokia tone ur mob everi week txt nok st tone free get txtin tell ur friend ptone repli hl info
i dnt wnt to tlk wid u,ham,dnt wnt tlk wid u
"We spend our days waiting for the ideal path to appear in front of us.. But what we forget is.. ""paths are made by walking.. not by waiting.."" Goodnight!",ham,spend day wait ideal path appear front us forget path made walk wait goodnight
Its ok my arm is feeling weak cuz i got a shot so we can go another time,ham,ok arm feel weak cuz got shot go anoth time
Please reserve ticket on saturday eve from chennai to thirunelvali and again from tirunelvali to chennai on sunday eve...i already see in net..no ticket available..i want to book ticket through tackle ..,ham,pleas reserv ticket saturday eve chennai thirunelvali tirunelvali chennai sunday evei alreadi see netno ticket availablei want book ticket tackl
"Storming msg: Wen u lift d phne, u say ""HELLO"" Do u knw wt is d real meaning of HELLO?? . . . It's d name of a girl..! . . . Yes.. And u knw who is dat girl?? ""Margaret Hello"" She is d girlfrnd f Grahmbell who invnted telphone... . . . . Moral:One can 4get d name of a person, bt not his girlfrnd... G o o d n i g h t . . .@",ham,storm msg wen u lift phne u say hello u knw wt real mean hello name girl ye u knw dat girl margaret hello girlfrnd f grahmbel invnt telphon moralon get name person bt girlfrnd g n g h
That's ok. I popped in to ask bout something and she said you'd been in. Are you around tonght wen this girl comes?,ham,that ok pop ask bout someth said youd around tonght wen girl come
All e best 4 ur exam later.,ham,e best ur exam later
Hope ur head doesn't hurt 2 much ! Am ploughing my way through a pile of ironing ! Staying in with a chinky tonight come round if you like.,ham,hope ur head doesnt hurt much plough way pile iron stay chinki tonight come round like
Oh k.i think most of wi and nz players unsold.,ham,oh ki think wi nz player unsold
"Haha... Where got so fast lose weight, thk muz go 4 a month den got effect... Gee,later we go aust put bk e weight.",ham,haha got fast lose weight thk muz go month den got effect geelat go aust put bk e weight
"I wonder how you got online, my love ? Had you gone to the net cafe ? Did you get your phone recharged ? Were you on a friends net ? I think of you, boytoy",ham,wonder got onlin love gone net cafe get phone recharg friend net think boytoy
"Haha just kidding, papa needs drugs",ham,haha kid papa need drug
"Thk shld b can... Ya, i wana go 4 lessons... Haha, can go for one whole stretch...",ham,thk shld b ya wana go lesson haha go one whole stretch
Oh ok..,ham,oh ok
R we still meeting 4 dinner tonight?,ham,r still meet dinner tonight
Thats cool! I am a gentleman and will treat you with dignity and respect.,ham,that cool gentleman treat digniti respect
Shall i start from hear.,ham,shall start hear
Then we wait 4 u lor... No need 2 feel bad lar...,ham,wait u lor need feel bad lar
No did you check? I got his detailed message now,ham,check got detail messag
You have registered Sinco as Payee. Log in at icicibank.com and enter URN  &lt;#&gt;  to confirm. Beware of frauds. Do NOT share or disclose URN to anyone.,ham,regist sinco paye log icicibankcom enter urn ltgt confirm bewar fraud share disclos urn anyon
"No, I decided that only people who care about stuff vote and caring about stuff is for losers",ham,decid peopl care stuff vote care stuff loser
Kaiez... Enjoy ur tuition... Gee... Thk e second option sounds beta... I'll go yan jiu den msg u...,ham,kaiez enjoy ur tuition gee thk e second option sound beta ill go yan jiu den msg u
You have registered Sinco as Payee. Log in at icicibank.com and enter URN  &lt;#&gt;  to confirm. Beware of frauds. Do NOT share or disclose URN to anyone.,ham,regist sinco paye log icicibankcom enter urn ltgt confirm bewar fraud share disclos urn anyon
cool. We will have fun practicing making babies!,ham,cool fun practic make babi
Actually getting ready to leave the house.,ham,actual get readi leav hous
K..k..any special today?,ham,kkani special today
"URGENT, IMPORTANT INFORMATION FOR O2 USER. TODAY IS YOUR LUCKY DAY! 2 FIND OUT WHY LOG ONTO HTTP://WWW.URAWINNER.COM THERE IS A FANTASTIC SURPRISE AWAITING FOR YOU",spam,urgent import inform user today lucki day find log onto httpwwwurawinnercom fantast surpris await
Then we gotta do it after that,ham,gotta
"I've got ten bucks, jay is being noncomittal",ham,ive got ten buck jay noncomitt
Where at were hungry too,ham,hungri
Pls speak to that customer machan.,ham,pl speak custom machan
somewhere out there beneath the pale moon light someone think in of u some where out there where dreams come true... goodnite &amp; sweet dreams,ham,somewher beneath pale moon light someon think u dream come true goodnit amp sweet dream
"Wen ur lovable bcums angry wid u, dnt take it seriously.. Coz being angry is d most childish n true way of showing deep affection, care n luv!.. kettoda manda... Have nice day da.",ham,wen ur lovabl bcum angri wid u dnt take serious coz angri childish n true way show deep affect care n luv kettoda manda nice day da
Dear U've been invited to XCHAT. This is our final attempt to contact u! Txt CHAT to 86688 150p/MsgrcvdHG/Suite342/2Lands/Row/W1J6HL LDN 18 yrs,spam,dear uve invit xchat final attempt contact u txt chat pmsgrcvdhgsuitelandsrowwjhl ldn yr
So wats ur opinion abt him and how abt is character?,ham,wat ur opinion abt abt charact
Jay is snickering and tells me that x is totally fucking up the chords as we speak,ham,jay snicker tell x total fuck chord speak
No..few hours before.went to hair cut .,ham,nofew hour beforew hair cut
No wonder... Cos i dun rem seeing a silver car... But i thk i saw a black one...,ham,wonder co dun rem see silver car thk saw black one
Lmao. Take a pic and send it to me.,ham,lmao take pic send
Speak only when you feel your words are better than the silence... Gud mrng:-),ham,speak feel word better silenc gud mrng
No. She's currently in scotland for that.,ham,she current scotland
Do you work all this week ?,ham,work week
Congratulations ur awarded either £500 of CD gift vouchers & Free entry 2 our £100 weekly draw txt MUSIC to 87066 TnCs www.Ldew.com 1 win150ppmx3age16,spam,congratul ur award either £ cd gift voucher free entri £ weekli draw txt music tnc wwwldewcom winppmxag
Lol great now im getting hungry.,ham,lol great im get hungri
Yes.. now only saw your message..,ham,ye saw messag
I'll be at mu in like  &lt;#&gt;  seconds,ham,ill mu like ltgt second
Ok...,ham,ok
THING R GOOD THANX GOT EXAMS IN MARCH IVE DONE NO REVISION? IS FRAN STILL WITH BOYF? IVE GOTTA INTERVIW 4 EXETER BIT WORRIED!x,ham,thing r good thanx got exam march ive done revis fran still boyf ive gotta interviw exet bit worriedx
"Tell you what, if you make a little spreadsheet and track whose idea it was to smoke to determine who ""smokes too much"" for the entire month of february, I'll come up",ham,tell make littl spreadsheet track whose idea smoke determin smoke much entir month februari ill come
For sale - arsenal dartboard. Good condition but no doubles or trebles!,spam,sale arsen dartboard good condit doubl trebl
Don't look back at the building because you have no coat and i don't want you to get more sick. Just hurry home and wear a coat to the gym!!!,ham,dont look back build coat dont want get sick hurri home wear coat gym
"My painful personal thought- ""I always try to keep everybody happy all the time. But nobody recognises me when i am alone""",ham,pain person thought alway tri keep everybodi happi time nobodi recognis alon
Thanks for ve lovely wisheds. You rock,ham,thank love wish rock
You intrepid duo you! Have a great time and see you both soon. ,ham,intrepid duo great time see soon
I asked sen to come chennai and search for job.,ham,ask sen come chennai search job
Dad went out oredi... ,ham,dad went oredi
"I jus hope its true that  missin me cos i'm really missin him! You haven't done anything to feel guilty about, yet.",ham,ju hope true missin co im realli missin havent done anyth feel guilti yet
Wat so late still early mah. Or we juz go 4 dinner lor. Aiya i dunno...,ham,wat late still earli mah juz go dinner lor aiya dunno
"Arms fine, how's Cardiff and uni? ",ham,arm fine how cardiff uni
In fact when do you leave? I think addie goes back to school tues or wed,ham,fact leav think addi goe back school tue wed
"Cool breeze... Bright sun... Fresh flower... Twittering birds... All these waiting to wish u: ""GOODMORNING &amp; HAVE A NICE DAY"" :)",ham,cool breez bright sun fresh flower twitter bird wait wish u goodmorn amp nice day
Ya:)going for restaurant..,ham,yago restaur
"Its ok., i just askd did u knw tht no?",ham,ok askd u knw tht
Free 1st week entry 2 TEXTPOD 4 a chance 2 win 40GB iPod or £250 cash every wk. Txt POD to 84128 Ts&Cs www.textpod.net custcare 08712405020.,spam,free st week entri textpod chanc win gb ipod £ cash everi wk txt pod tsc wwwtextpodnet custcar
Those ducking chinchillas,ham,duck chinchilla
I am in a marriage function,ham,marriag function
Looks like u wil b getting a headstart im leaving here bout 2.30ish but if u r desperate for my company I could head in earlier-we were goin to meet in rummer.,ham,look like u wil b get headstart im leav bout ish u r desper compani could head earlierw goin meet rummer
Don‘t give a flying monkeys wot they think and I certainly don‘t mind. Any friend of mine and all that!,ham,don‘t give fli monkey wot think certainli don‘t mind friend mine
As a registered optin subscriber ur draw 4 £100 gift voucher will be entered on receipt of a correct ans to 80062 Whats No1 in the BBC charts,spam,regist optin subscrib ur draw £ gift voucher enter receipt correct an what bbc chart
say thanks2. ,ham,say thank
Msg me when rajini comes.,ham,msg rajini come
Ya! when are ü taking ure practical lessons? I start in june..  ,ham,ya ü take ure practic lesson start june
"That's good, because I need drugs",ham,that good need drug
Stupid.its not possible,ham,stupidit possibl
Can ü all decide faster cos my sis going home liao..,ham,ü decid faster co si go home liao
Summers finally here! Fancy a chat or flirt with sexy singles in yr area? To get MATCHED up just reply SUMMER now. Free 2 Join. OptOut txt STOP Help08714742804,spam,summer final fanci chat flirt sexi singl yr area get match repli summer free join optout txt stop help
U sleeping now.. Or you going to take? Haha.. I got spys wat.. Me online checking n replying mails lor..,ham,u sleep go take haha got spi wat onlin check n repli mail lor
CLAIRE here am havin borin time & am now alone U wanna cum over 2nite? Chat now 09099725823 hope 2 C U Luv CLAIRE xx Calls£1/minmoremobsEMSPOBox45PO139WA,spam,clair havin borin time alon u wanna cum nite chat hope c u luv clair xx calls£minmoremobsemspoboxpowa
"Fighting with the world is easy, u either win or lose bt fightng with some1 who is close to u is dificult if u lose - u lose if u win - u still lose.",ham,fight world easi u either win lose bt fightng close u dificult u lose u lose u win u still lose
Bought one ringtone and now getting texts costing 3 pound offering more tones etc,spam,bought one rington get text cost pound offer tone etc
"Yalru lyfu astne chikku.. Bt innu mundhe lyf ali halla ke bilo (marriage)program edhae, so lyf is nt yet ovr chikku..ali vargu lyfu meow meow:-D",ham,yalru lyfu astn chikku bt innu mundh lyf ali halla ke bilo marriageprogram edha lyf nt yet ovr chikkuali vargu lyfu meow meowd
Kinda. First one gets in at twelve! Aah. Speak tomo,ham,kinda first one get twelv aah speak tomo
"09066362231 URGENT! Your mobile No 07xxxxxxxxx won a £2,000 bonus caller prize on 02/06/03! this is the 2nd attempt to reach YOU! call 09066362231 ASAP!",spam,urgent mobil xxxxxxxxx £ bonu caller prize nd attempt reach call asap
Ok good then i later come find ü... C lucky i told ü to go earlier... Later pple take finish ü no more again...,ham,ok good later come find ü c lucki told ü go earlier later pple take finish ü
Wat makes u thk i'll fall down. But actually i thk i'm quite prone 2 falls. Lucky my dad at home i ask him come n fetch me already.,ham,wat make u thk ill fall actual thk im quit prone fall lucki dad home ask come n fetch alreadi
"YOU 07801543489 are guaranteed the latests Nokia Phone, a 40GB iPod MP3 player or a £500 prize! Txt word:COLLECT to No:83355! TC-LLC NY-USA 150p/Mt msgrcvd18+",spam,guarante latest nokia phone gb ipod mp player £ prize txt wordcollect tcllc nyusa pmt msgrcvd
Your account has been refilled successfully by INR  &lt;DECIMAL&gt; . Your KeralaCircle prepaid account balance is Rs  &lt;DECIMAL&gt; . Your Transaction ID is KR &lt;#&gt; .,ham,account refil success inr ltdecimalgt keralacircl prepaid account balanc rs ltdecimalgt transact id kr ltgt
I wont touch you with out your permission.,ham,wont touch permiss
Hi its LUCY Hubby at meetins all day Fri & I will B alone at hotel U fancy cumin over? Pls leave msg 2day 09099726395 Lucy x Calls£1/minMobsmoreLKPOBOX177HP51FL,spam,hi luci hubbi meetin day fri b alon hotel u fanci cumin pl leav msg day luci x calls£minmobsmorelkpoboxhpfl
"7 wonders in My WORLD 7th You 6th Ur style 5th Ur smile 4th Ur Personality 3rd Ur Nature 2nd Ur SMS and 1st ""Ur Lovely Friendship""... good morning dear",ham,wonder world th th ur style th ur smile th ur person rd ur natur nd ur sm st ur love friendship good morn dear
Take some small dose tablet for fever,ham,take small dose tablet fever
Oh. U must have taken your REAL Valentine out shopping first.,ham,oh u must taken real valentin shop first
"Just sent you an email – to an address with incomm in it, is that right?",ham,sent email – address incomm right
"Will do, you gonna be at blake's all night? I might be able to get out of here a little early",ham,gonna blake night might abl get littl earli
"Friendship is not a game to play, It is not a word to say, It doesn\'t start on March and ends on May, It is tomorrow, yesterday, today and e",ham,friendship game play word say doesnt start march end may tomorrow yesterday today e
"Nice. Wait...should you be texting right now? I'm not gonna pay your ticket, ya know!",ham,nice waitshould text right im gonna pay ticket ya know
I'm watching lotr w my sis dis aft. So u wan 2 meet me 4 dinner at nite a not?,ham,im watch lotr w si di aft u wan meet dinner nite
Why you keeping me away like this,ham,keep away like
I think its far more than that but find out. Check google maps for a place from your dorm.,ham,think far find check googl map place dorm
My trip was ok but quite tiring lor. Uni starts today but it's ok 4 me cos i'm not taking any modules but jus concentrating on my final yr project.,ham,trip ok quit tire lor uni start today ok co im take modul ju concentr final yr project
Have you always been saying welp?,ham,alway say welp
"I'm a guy, browsin is compulsory",ham,im guy browsin compulsori
Ok...,ham,ok
Purity of friendship between two is not about smiling after reading the forwarded message..Its about smiling just by seeing the name. Gud evng musthu,ham,puriti friendship two smile read forward messageit smile see name gud evng musthu
"Sorry, I'll call later",ham,sorri ill call later
"(I should add that I don't really care and if you can't I can at least get this dude to fuck off but hey, your money if you want it)",ham,add dont realli care cant least get dude fuck hey money want
"Hello lover! How goes that new job? Are you there now? Are you happy? Do you think of me? I wake, my slave and send you a teasing kiss from across the sea",ham,hello lover goe new job happi think wake slave send teas kiss across sea
I told your number to gautham..,ham,told number gautham
Tell them no need to investigate about me anywhere.,ham,tell need investig anywher
Ok i juz receive..,ham,ok juz receiv
"Cant believe i said so many things to you this morning when all i really wanted to say was good morning, i love you! Have a beautiful morning. See you in the library later.",ham,cant believ said mani thing morn realli want say good morn love beauti morn see librari later
"Your account has been credited with 500 FREE Text Messages. To activate, just txt the word: CREDIT to No: 80488 T&Cs www.80488.biz",spam,account credit free text messag activ txt word credit tc wwwbiz
In the end she might still vomit but its okay. Not everything will come out.,ham,end might still vomit okay everyth come
How are you with moneY...as in to you...money aint a thing....how are you sha!,ham,moneya youmoney aint thinghow sha
It has everything to do with the weather. Keep extra warm. Its a cold but nothing serious. Pls lots of vitamin c,ham,everyth weather keep extra warm cold noth seriou pl lot vitamin c
Hey gals.. Anyone of u going down to e driving centre tmr?,ham,hey gal anyon u go e drive centr tmr
I'm always on yahoo messenger now. Just send the message to me and i.ll get it you may have to send it in the mobile mode sha but i.ll get it. And will reply.,ham,im alway yahoo messeng send messag ill get may send mobil mode sha ill get repli
I'm putting it on now. It should be ready for  &lt;TIME&gt; ,ham,im put readi lttimegt
"Time n Smile r the two crucial things in our life. Sometimes time makes us to forget smile, and sometimes someone's smile makes us to forget time gud noon",ham,time n smile r two crucial thing life sometim time make us forget smile sometim someon smile make us forget time gud noon
"SMS. ac JSco: Energy is high, but u may not know where 2channel it. 2day ur leadership skills r strong. Psychic? Reply ANS w/question. End? Reply END JSCO",spam,sm ac jsco energi high u may know channel day ur leadership skill r strong psychic repli an wquestion end repli end jsco
Host-based IDPS for linux systems.,ham,hostbas idp linux system
"HOT LIVE FANTASIES call now 08707509020 Just 20p per min NTT Ltd, PO Box 1327 Croydon CR9 5WB 0870 is a national rate call",spam,hot live fantasi call p per min ntt ltd po box croydon cr wb nation rate call
Don no da:)whats you plan?,ham,dawhat plan
Ill be there on  &lt;#&gt;  ok.,ham,ill ltgt ok
Oh my God. I'm almost home,ham,oh god im almost home
Total video converter free download type this in google search:),ham,total video convert free download type googl search
Thanks for the Vote. Now sing along with the stars with Karaoke on your mobile. For a FREE link just reply with SING now.,spam,thank vote sing along star karaok mobil free link repli sing
"Wen ur lovable bcums angry wid u, dnt take it seriously.. Coz being angry is d most childish n true way of showing deep affection, care n luv!.. kettoda manda... Have nice day da.",ham,wen ur lovabl bcum angri wid u dnt take serious coz angri childish n true way show deep affect care n luv kettoda manda nice day da
Sounds like something that someone testing me would sayy,ham,sound like someth someon test would sayi
When u love someone Dont make them to love u as much as u do. But Love them so much that they dont want to be loved by anyone except you... Gud nit.,ham,u love someon dont make love u much u love much dont want love anyon except gud nit
"Pete,is this your phone still? Its Jenny from college and Leanne.what are you up to now?:)",ham,petei phone still jenni colleg leannewhat
Oops sorry. Just to check that you don't mind picking me up tomo at half eight from station. Would that be ok?,ham,oop sorri check dont mind pick tomo half eight station would ok
"Hey sweet, I was wondering when you had a moment if you might come to me ? I want to send a file to someone but it won't go over yahoo for them because their connection sucks, remember when you set up that page for me to go to and download the format disc ? Could you tell me how to do that ? Or do you know some other way to download big files ? Because they can download stuff directly from the internet. Any help would be great, my prey ... *teasing kiss*",ham,hey sweet wonder moment might come want send file someon wont go yahoo connect suck rememb set page go download format disc could tell know way download big file download stuff directli internet help would great prey teas kiss
Hows the champ just leaving glasgow!,ham,how champ leav glasgow
K:)all the best:)congrats...,ham,kall bestcongrat
I wonder if you'll get this text?,ham,wonder youll get text
I need to come home and give you some good lovin...,ham,need come home give good lovin
Our brand new mobile music service is now live. The free music player will arrive shortly. Just install on your phone to browse content from the top artists.,spam,brand new mobil music servic live free music player arriv shortli instal phone brows content top artist
Shall i ask one thing if you dont mistake me.,ham,shall ask one thing dont mistak
Check wid corect speling i.e. Sarcasm,ham,check wid corect spele ie sarcasm
"URGENT! Your Mobile No was awarded a £2,000 Bonus Caller Prize on 1/08/03! This is our 2nd attempt to contact YOU! Call 0871-4719-523 BOX95QU BT National Rate",spam,urgent mobil award £ bonu caller prize nd attempt contact call boxqu bt nation rate
Are you angry with me. What happen dear,ham,angri happen dear
I thk u dun haf 2 hint in e forum already lor... Cos i told ron n darren is going 2 tell shuhui.,ham,thk u dun haf hint e forum alreadi lor co told ron n darren go tell shuhui
Yup ok thanx...,ham,yup ok thanx
Hi:)cts employee how are you?,ham,hict employe
Pls pls find out from aunt nike.,ham,pl pl find aunt nike
"Wow ... I love you sooo much, you know ? I can barely stand it ! I wonder how your day goes and if you are well, my love ... I think of you and miss you",ham,wow love sooo much know bare stand wonder day goe well love think miss
No screaming means shouting..,ham,scream mean shout
Hey what happen de. Are you alright.,ham,hey happen de alright
Should I have picked up a receipt or something earlier,ham,pick receipt someth earlier
I think chennai well settled?,ham,think chennai well settl
Oh dang! I didn't mean o send that to you! Lol!,ham,oh dang didnt mean send lol
Unfortunately i've just found out that we have to pick my sister up from the airport that evening so don't think i'll be going out at all. We should try to go out one of th,ham,unfortun ive found pick sister airport even dont think ill go tri go one th
Horrible bf... I now v hungry...,ham,horribl bf v hungri
Remember on that day..,ham,rememb day
You have won a Nokia 7250i. This is what you get when you win our FREE auction. To take part send Nokia to 86021 now. HG/Suite342/2Lands Row/W1JHL 16+,spam,nokia get win free auction take part send nokia hgsuiteland rowwjhl
How's it feel? Mr. Your not my real Valentine just my yo Valentine even tho u hardly play!!,ham,how feel mr real valentin yo valentin even tho u hardli play
All sounds good. Fingers . Makes it difficult to type,ham,sound good finger make difficult type
Midnight at the earliest,ham,midnight earliest
You're not sure that I'm not trying to make xavier smoke because I don't want to smoke after being told I smoke too much?,ham,your sure im tri make xavier smoke dont want smoke told smoke much
K come to nordstrom when you're done,ham,k come nordstrom your done
Do u konw waht is rael FRIENDSHIP Im gving yuo an exmpel: Jsut ese tihs msg.. Evrey splleing of tihs msg is wrnog.. Bt sitll yuo can raed it wihtuot ayn mitsake.. GOODNIGHT &amp; HAVE A NICE SLEEP..SWEET DREAMS..,ham,u konw waht rael friendship im gving yuo exmpel jsut ese tih msg evrey splle tih msg wrnog bt sitll yuo ra wihtuot ayn mitsak goodnight amp nice sleepsweet dream
Now press conference da:),ham,press confer da
"Hello from Orange. For 1 month's free access to games, news and sport, plus 10 free texts and 20 photo messages, reply YES. Terms apply: www.orange.co.uk/ow",spam,hello orang month free access game news sport plu free text photo messag repli ye term appli wwworangecoukow
After completed degree. There is no use in joining finance.,ham,complet degre use join financ
"Good afternoon, my love ! Any job prospects ? Are you missing me ? What do you do ? Are you being lazy and bleak, hmmm ? Or happy and filled with my love ?",ham,good afternoon love job prospect miss lazi bleak hmmm happi fill love
Shant disturb u anymore... Jia you...,ham,shant disturb u anymor jia
Bishan lar nearer... No need buy so early cos if buy now i gotta park my car...,ham,bishan lar nearer need buy earli co buy gotta park car
"Me, i dont know again oh",ham,dont know oh
Dude sux for snake. He got old and raiden got buff,ham,dude sux snake got old raiden got buff
He says hi and to get your ass back to south tampa (preferably at a kegger),ham,say hi get ass back south tampa prefer kegger
In e msg jus now. U said thanks for gift.,ham,e msg ju u said thank gift
U too...,ham,u
Ok how you dear. Did you call chechi,ham,ok dear call chechi
Yeah we do totes. When u wanna?,ham,yeah tote u wanna
Ok i found dis pierre cardin one which looks normal costs 20 its on sale.,ham,ok found di pierr cardin one look normal cost sale
Good sleep is about rhythm. The person has to establish a rhythm that the body will learn and use. If you want to know more :-),ham,good sleep rhythm person establish rhythm bodi learn use want know
Wat r u doing?,ham,wat r u
Message from . I am at Truro Hospital on ext. You can phone me here. as I have a phone by my side,ham,messag truro hospit ext phone phone side
"Single line with a big meaning::::: ""Miss anything 4 ur ""Best Life"" but, don't miss ur best life for anything... Gud nyt...",ham,singl line big mean miss anyth ur best life dont miss ur best life anyth gud nyt
"Just got some gas money, any chance you and the gang want to go on a grand nature adventure?",ham,got ga money chanc gang want go grand natur adventur
Dnt worry...use ice pieces in a cloth pack.also take 2 tablets.,ham,dnt worryus ice piec cloth packalso take tablet
Dude just saw a parked car with its sunroof popped up. Sux,ham,dude saw park car sunroof pop sux
Get ready to put on your excellent sub face :),ham,get readi put excel sub face
Tmrw. Im finishing 9 doors,ham,tmrw im finish door
"The  &lt;#&gt; g that i saw a few days ago, the guy wants sell wifi only for  &lt;#&gt;  and with 3g for  &lt;#&gt; . That's why i blanked him.",ham,ltgt g saw day ago guy want sell wifi ltgt g ltgt that blank
I am late. I will be there at,ham,late
"whatever, im pretty pissed off.",ham,whatev im pretti piss
Today is ACCEPT DAY..U Accept me as? Brother Sister Lover Dear1 Best1 Clos1 Lvblefrnd Jstfrnd Cutefrnd Lifpartnr Belovd Swtheart Bstfrnd No rply means enemy,ham,today accept dayu accept brother sister lover dear best clo lvblefrnd jstfrnd cutefrnd lifpartnr belovd swtheart bstfrnd rpli mean enemi
I dont have that much image in class.,ham,dont much imag class
No:-)i got rumour that you going to buy apartment in chennai:-),ham,noi got rumour go buy apart chennai
Near kalainar tv office.thenampet,ham,near kalainar tv officethenampet
Ur cash-balance is currently 500 pounds - to maximize ur cash-in now send GO to 86688 only 150p/msg. CC 08718720201 HG/Suite342/2Lands Row/W1J6HL,spam,ur cashbal current pound maxim ur cashin send go pmsg cc hgsuiteland rowwjhl
SMS AUCTION - A BRAND NEW Nokia 7250 is up 4 auction today! Auction is FREE 2 join & take part! Txt NOKIA to 86021 now! HG/Suite342/2Lands Row/W1J6HL,spam,sm auction brand new nokia auction today auction free join take part txt nokia hgsuiteland rowwjhl
My sis is catching e show in e afternoon so i'm not watching w her. So c u wan 2 watch today or tmr lor.,ham,si catch e show e afternoon im watch w c u wan watch today tmr lor
"Sounds gd... Haha... Can... Wah, u yan jiu so fast liao...",ham,sound gd haha wah u yan jiu fast liao
No. To be nosy I guess. Idk am I over reacting if I'm freaked?,ham,nosi guess idk react im freak
"Remember all those whom i hurt during days of satanic imposter in me.need to pay a price,so be it.may destiny keep me going and as u said pray that i get the mind to get over the same.",ham,rememb hurt day satan impost mene pay priceso itmay destini keep go u said pray get mind get
How to Make a girl Happy? It's not at all difficult to make girls happy. U only need to be... 1. A friend 2. Companion 3. Lover 4. Chef . . .  &lt;#&gt; . Good listener  &lt;#&gt; . Organizer  &lt;#&gt; . Good boyfriend  &lt;#&gt; . Very clean  &lt;#&gt; . Sympathetic  &lt;#&gt; . Athletic  &lt;#&gt; . Warm . . .  &lt;#&gt; . Courageous  &lt;#&gt; . Determined  &lt;#&gt; . True  &lt;#&gt; . Dependable  &lt;#&gt; . Intelligent . . .  &lt;#&gt; . Psychologist  &lt;#&gt; . Pest exterminator  &lt;#&gt; . Psychiatrist  &lt;#&gt; . Healer . .  &lt;#&gt; . Stylist  &lt;#&gt; . Driver . . Aaniye pudunga venaam..,ham,make girl happi difficult make girl happi u need friend companion lover chef ltgt good listen ltgt organ ltgt good boyfriend ltgt clean ltgt sympathet ltgt athlet ltgt warm ltgt courag ltgt determin ltgt true ltgt depend ltgt intellig ltgt psychologist ltgt pest extermin ltgt psychiatrist ltgt healer ltgt stylist ltgt driver aaniy pudunga venaam
"Why is that, princess? I bet the brothas are all chasing you!",ham,princess bet brotha chase
"I shall book chez jules for half eight, if that's ok with you?",ham,shall book chez jule half eight that ok
Hhahhaahahah rofl wtf nig was leonardo in your room or something,ham,hhahhaahahah rofl wtf nig leonardo room someth
"Yep, at derek's house now, see you Sunday &lt;3",ham,yep derek hous see sunday lt
"It's cool, let me know before it kicks off around  &lt;#&gt; , I'll be out and about all day",ham,cool let know kick around ltgt ill day
"Sorry, I'll call later",ham,sorri ill call later
I was wondering if it would be okay for you to call uncle john and let him know that things are not the same in nigeria as they r here. That  &lt;#&gt;  dollars is 2years sent and that you know its a strain but i plan to pay back every dime he gives. Every dime so for me to expect anything from you is not practical. Something like that.,ham,wonder would okay call uncl john let know thing nigeria r ltgt dollar year sent know strain plan pay back everi dime give everi dime expect anyth practic someth like
There are no other charges after transfer charges and you can withdraw anyhow you like,ham,charg transfer charg withdraw anyhow like
"Dont search love, let love find U. Thats why its called falling in love, bcoz U dont force yourself, U just fall and U know there is smeone to hold U... BSLVYL",ham,dont search love let love find u that call fall love bcoz u dont forc u fall u know smeon hold u bslvyl
At 4. Let's go to bill millers,ham,let go bill miller
I love you. You set my soul on fire. It is not just a spark. But it is a flame. A big rawring flame. XoXo,ham,love set soul fire spark flame big rawr flame xoxo
"Somewhr someone is surely made 4 u. And God has decided a perfect time to make u meet dat person. . . . till den, . . . . . Enjoy ur crushes..!!!;-)",ham,somewhr someon sure made u god decid perfect time make u meet dat person till den enjoy ur crush
That's my honeymoon outfit. :),ham,that honeymoon outfit
Will it help if we propose going back again tomorrow,ham,help propos go back tomorrow
PRIVATE! Your 2003 Account Statement for shows 800 un-redeemed S. I. M. points. Call 08719899230 Identifier Code: 41685 Expires 07/11/04,spam,privat account statement show unredeem point call identifi code expir
Never blame a day in ur life. Good days give u happiness. Bad days give u experience. Both are essential in life! All are Gods blessings! good morning.:,ham,never blame day ur life good day give u happi bad day give u experi essenti life god bless good morn
Pls confirm the time to collect the cheque.,ham,pl confirm time collect chequ
As a Registered Subscriber yr draw 4 a £100 gift voucher will b entered on receipt of a correct ans. When are the next olympics. Txt ans to 80062,spam,regist subscrib yr draw £ gift voucher b enter receipt correct an next olymp txt an
URGENT! Your Mobile number has been awarded with a £2000 prize GUARANTEED. Call 09061790121 from land line. Claim 3030. Valid 12hrs only 150ppm,spam,urgent mobil number award £ prize guarante call land line claim valid hr ppm
Daddy will take good care of you :),ham,daddi take good care
"Yeah probably, I still gotta check out with leo",ham,yeah probabl still gotta check leo
K.then any other special?,ham,kthen special
Carlos is taking his sweet time as usual so let me know when you and patty are done/want to smoke and I'll tell him to haul ass,ham,carlo take sweet time usual let know patti donew smoke ill tell haul ass
Ok pa. Nothing problem:-),ham,ok pa noth problem
Have you heard about that job? I'm going to that wildlife talk again tonight if u want2come. Its that2worzels and a wizzle or whatever it is?! ,ham,heard job im go wildlif talk tonight u wantcom thatworzel wizzl whatev
"God picked up a flower and dippeditinaDEW, lovingly touched itwhichturnedinto u, and the he gifted tomeandsaid,THIS FRIEND IS 4U",ham,god pick flower dippeditinadew lovingli touch itwhichturnedinto u gift tomeandsaidthi friend u
When you came to hostel.,ham,came hostel
Ok no prob... I'll come after lunch then...,ham,ok prob ill come lunch
Jus telling u dat i'll b leaving 4 shanghai on 21st instead so we'll haf more time 2 meet up cya...,ham,ju tell u dat ill b leav shanghai st instead well haf time meet cya
Are your freezing ? Are you home yet ? Will you remember to kiss your mom in the morning? Do you love me ? Do you think of me ? Are you missing me yet ?,ham,freez home yet rememb kiss mom morn love think miss yet
You all ready for * big day tomorrow?,ham,readi big day tomorrow
I'll probably be around mu a lot,ham,ill probabl around mu lot
645,ham,
RT-KIng Pro Video Club>> Need help? info@ringtoneking.co.uk or call 08701237397 You must be 16+ Club credits redeemable at www.ringtoneking.co.uk! Enjoy!,spam,rtking pro video club need help inforingtonekingcouk call must club credit redeem wwwringtonekingcouk enjoy
Thnx dude. u guys out 2nite?,ham,thnx dude u guy nite
Me sef dey laugh you. Meanwhile how's my darling anjie!,ham,sef dey laugh meanwhil how darl anji
Mm i had my food da from out,ham,mm food da
"K, makes sense, btw carlos is being difficult so you guys are gonna smoke while I go pick up the second batch and get gas",ham,k make sens btw carlo difficult guy gonna smoke go pick second batch get ga
Did u download the fring app?,ham,u download fring app
The 2 oz guy is being kinda flaky but one friend is interested in picking up $ &lt;#&gt;  worth tonight if possible,ham,oz guy kinda flaki one friend interest pick ltgt worth tonight possibl
Friends that u can stay on fb chat with,ham,friend u stay fb chat
"Fuck babe, I miss you sooooo much !! I wish you were here to sleep with me ... My bed is so lonely ... I go now, to sleep ... To dream of you, my love ...",ham,fuck babe miss sooooo much wish sleep bed lone go sleep dream love
"Living is very simple.. Loving is also simple.. Laughing is too simple.. Winning is tooo simple.. But, being 'SIMPLE' is very difficult.. Gud nte.:-",ham,live simpl love also simpl laugh simpl win tooo simpl simpl difficult gud nte
U have a secret admirer who is looking 2 make contact with U-find out who they R*reveal who thinks UR so special-call on 09058094599,spam,u secret admir look make contact ufind rreveal think ur specialcal
"Ah, well that confuses things, doesn‘t it?",ham,ah well confus thing doesn‘t
500 free text msgs. Just text ok to 80488 and we'll credit your account,spam,free text msg text ok well credit account
Hi Dear Call me its urgnt. I don't know whats your problem. You don't want to work or if you have any other problem at least tell me. Wating for your reply.,ham,hi dear call urgnt dont know what problem dont want work problem least tell wate repli
Dear how you. Are you ok?,ham,dear ok
"You have been selected to stay in 1 of 250 top British hotels - FOR NOTHING! Holiday Worth £350! To Claim, Call London 02072069400. Bx 526, SW73SS",spam,select stay top british hotel noth holiday worth £ claim call london bx swss
Yes princess! I want to make you happy...,ham,ye princess want make happi
Sounds like you have many talents! would you like to go on a dinner date next week?,ham,sound like mani talent would like go dinner date next week
I am going to film 2day da. At 6pm. Sorry da.,ham,go film day da pm sorri da
We not watching movie already. Xy wants 2 shop so i'm shopping w her now.,ham,watch movi alreadi xy want shop im shop w
Hello my little party animal! I just thought I'd buzz you as you were with your friends ...*grins*... Reminding you were loved and send a naughty adoring kiss,ham,hello littl parti anim thought id buzz friend grin remind love send naughti ador kiss
Yesterday its with me only . Now am going home.,ham,yesterday go home
"Eerie Nokia tones 4u, rply TONE TITLE to 8007 eg TONE DRACULA to 8007 Titles: GHOST, ADDAMSFA, MUNSTERS, EXORCIST, TWILIGHT www.getzed.co.uk POBox36504W45WQ 150p",spam,eeri nokia tone u rpli tone titl eg tone dracula titl ghost addamsfa munster exorcist twilight wwwgetzedcouk poboxwwq p
"You have come into my life and brought the sun ..Shiny down on me, warming my heart. Putting a constant smile on my face ... Making me feel loved and cared for",ham,come life brought sun shini warm heart put constant smile face make feel love care
"No shit, but I wasn't that surprised, so I went and spent the evening with that french guy I met in town here and we fooled around a bit but I didn't let him fuck me",ham,shit wasnt surpris went spent even french guy met town fool around bit didnt let fuck
"0A$NETWORKS allow companies to bill for SMS, so they are responsible for their ""suppliers"", just as a shop has to give a guarantee on what they sell. B. G.",spam,anetwork allow compani bill sm respons supplier shop give guarante sell b g
Great comedy..cant stop laughing da:),ham,great comedyc stop laugh da
FreeMsg:Feelin kinda lnly hope u like 2 keep me company! Jst got a cam moby wanna c my pic?Txt or reply DATE to 82242 Msg150p 2rcv Hlp 08712317606 stop to 82242,spam,freemsgfeelin kinda lnli hope u like keep compani jst got cam mobi wanna c pictxt repli date msgp rcv hlp stop
"Alright, we're all set here, text the man",ham,alright set text man
"Hi , where are you? We're at  and they're not keen to go out i kind of am but feel i shouldn't so can we go out tomo, don't mind do you?",ham,hi theyr keen go kind feel shouldnt go tomo dont mind
Sleeping nt feeling well,ham,sleep nt feel well
U WILL SWITCH YOUR FONE ON DAMMIT!!,ham,u switch fone dammit
India have to take lead:),ham,india take lead
I.ll post her out l8r. In class,ham,ill post lr class
Thts wat Wright Brother did to fly..,ham,tht wat wright brother fli
"Evening * v good if somewhat event laden. Will fill you in, don't you worry … Head * ok but throat * wrecked. See you at six then!",ham,even v good somewhat event laden fill dont worri … head ok throat wreck see six
If u laugh really loud.. If u talk spontaneously.. If u dont care what others feel.. U are probably with your dear &amp; best friends.. GOODEVENING Dear..:),ham,u laugh realli loud u talk spontan u dont care other feel u probabl dear amp best friend goodeven dear
ITS A LAPTOP TAKE IT WITH YOU.,ham,laptop take
I dont have any of your file in my bag..i was in work when you called me.i 'll tell you if i find anything in my room.,ham,dont file bagi work call mei tell find anyth room
I wan but too early lei... Me outside now wun b home so early... Neva mind then...,ham,wan earli lei outsid wun b home earli neva mind
"For ur chance to win a £250 cash every wk TXT: ACTION to 80608. T's&C's www.movietrivia.tv custcare 08712405022, 1x150p/wk",spam,ur chanc win £ cash everi wk txt action tsc wwwmovietriviatv custcar xpwk
I was at bugis juz now wat... But now i'm walking home oredi... Ü so late then reply... I oso saw a top dat i like but din buy... Where r ü now? ,ham,bugi juz wat im walk home oredi ü late repli oso saw top dat like din buy r ü
"Wishing you and your family Merry ""X"" mas and HAPPY NEW Year in advance..",ham,wish famili merri x ma happi new year advanc
At 7 we will go ok na.,ham,go ok na
Yes I posted a couple of pics on fb. There's still snow outside too. I'm just waking up :),ham,ye post coupl pic fb there still snow outsid im wake
S:-)if we have one good partnership going we will take lead:),ham,sif one good partnership go take lead
RGENT! This is the 2nd attempt to contact U!U have WON £1250 CALL 09071512433 b4 050703 T&CsBCM4235WC1N3XX. callcost 150ppm mobilesvary. max£7. 50,spam,rgent nd attempt contact uu £ call b tcsbcmwcnxx callcost ppm mobilesvari max£
"Yeah, where's your class at?",ham,yeah where class
No just send to you. Bec you in temple na.,ham,send bec templ na
"You aren't coming home between class, right? I need to work out and shower!",ham,arent come home class right need work shower
Hi if ur lookin 4 saucy daytime fun wiv busty married woman Am free all next week Chat now 2 sort time 09099726429 JANINExx Calls£1/minMobsmoreLKPOBOX177HP51FL,spam,hi ur lookin sauci daytim fun wiv busti marri woman free next week chat sort time janinexx calls£minmobsmorelkpoboxhpfl
S but mostly not like that.,ham,mostli like
Ü v ma fan...,ham,ü v fan
Dunno cos i was v late n when i reach they inside already... But we ate spageddies lor... It's e gals who r laughing at me lor...,ham,dunno co v late n reach insid alreadi ate spageddi lor e gal r laugh lor
Guess who spent all last night phasing in and out of the fourth dimension,ham,guess spent last night phase fourth dimens
So now my dad is gonna call after he gets out of work and ask all these crazy questions.,ham,dad gonna call get work ask crazi question
"Yes..but they said its IT.,",ham,yesbut said
"Very hurting n meaningful lines ever: ""I compromised everything for my love, But at d end my love compromised me for everything:-("".. Gud mornin:-)",ham,hurt n meaning line ever compromis everyth love end love compromis everyth gud mornin
Lmao!nice 1,ham,lmaonic
Glad to see your reply.,ham,glad see repli
URGENT! We are trying to contact U. Todays draw shows that you have won a £800 prize GUARANTEED. Call 09050001295 from land line. Claim A21. Valid 12hrs only,spam,urgent tri contact u today draw show £ prize guarante call land line claim valid hr
Monthly password for wap. mobsi.com is 391784. Use your wap phone not PC.,spam,monthli password wap mobsicom use wap phone pc
Nah dub but je still buff,ham,nah dub je still buff
"Painful words- ""I thought being Happy was the most toughest thing on Earth... But, the toughest is acting Happy with all unspoken pain inside..""",ham,pain word thought happi toughest thing earth toughest act happi unspoken pain insid
"Yeah, that's fine! It's £6 to get in, is that ok? ",ham,yeah that fine £ get ok
Lol where do u come up with these ideas?,ham,lol u come idea
"So many people seems to be special at first sight, But only very few will remain special to you till your last sight.. Maintain them till life ends.. Sh!jas",ham,mani peopl seem special first sight remain special till last sight maintain till life end shja
"Today is ""song dedicated day.."" Which song will u dedicate for me? Send this to all ur valuable frnds but first rply me...",ham,today song dedic day song u dedic send ur valuabl frnd first rpli
Okay... We wait ah,ham,okay wait ah
Y lei?,ham,lei
HI BABE U R MOST LIKELY TO BE IN BED BUT IM SO SORRY ABOUT TONIGHT! I REALLY WANNA SEE U TOMORROW SO CALL ME AT 9. LOVE ME XXX,ham,hi babe u r like bed im sorri tonight realli wanna see u tomorrow call love xxx
Already am squatting is the new way of walking,ham,alreadi squat new way walk
Do you want bold 2 or bb torch,ham,want bold bb torch
Cramps stopped. Going back to sleep,ham,cramp stop go back sleep
todays vodafone numbers ending with 0089(my last four digits) are selected to received a £350 award. If your number matches please call 09063442151 to claim your £350 award,spam,today vodafon number end last four digit select receiv £ award number match pleas call claim £ award
Free Top ringtone -sub to weekly ringtone-get 1st week free-send SUBPOLY to 81618-?3 per week-stop sms-08718727870,spam,free top rington sub weekli ringtoneget st week freesend subpoli per weekstop sm
Nan sonathaya soladha. Why boss?,ham,nan sonathaya soladha boss
Bring tat cd don forget,ham,bring tat cd forget
Sunshine Quiz Wkly Q! Win a top Sony DVD player if u know which country the Algarve is in? Txt ansr to 82277. £1.50 SP:Tyrone,spam,sunshin quiz wkli q win top soni dvd player u know countri algarv txt ansr £ sptyron
I don't know but I'm raping dudes at poker,ham,dont know im rape dude poker
Weightloss! No more girl friends. Make loads of money on ebay or something. And give thanks to God.,ham,weightloss girl friend make load money ebay someth give thank god
Was gr8 to see that message. So when r u leaving? Congrats dear. What school and wat r ur plans.,ham,gr see messag r u leav congrat dear school wat r ur plan
Ü eatin later but i'm eatin wif my frens now lei... Ü going home first? ,ham,ü eatin later im eatin wif fren lei ü go home first
Finish already... Yar they keep saying i mushy... I so embarrassed ok...,ham,finish alreadi yar keep say mushi embarrass ok
"Sorry man, my stash ran dry last night and I can't pick up more until sunday",ham,sorri man stash ran dri last night cant pick sunday
Hai priya are you right. What doctor said pa. Where are you.,ham,hai priya right doctor said pa
"Free msg. Sorry, a service you ordered from 81303 could not be delivered as you do not have sufficient credit. Please top up to receive the service.",spam,free msg sorri servic order could deliv suffici credit pleas top receiv servic
Ok...,ham,ok
Please ask mummy to call father,ham,pleas ask mummi call father
Can come my room but cannot come my house cos my house still messy... Haha...,ham,come room cannot come hous co hous still messi haha
I have lost 10 kilos as of today!,ham,lost kilo today
Just taste fish curry :-P,ham,tast fish curri p
What can i do? Might accidant tookplace between somewhere ghodbandar rd. Traffic moves slovely. So plz slip &amp; don't worry.,ham,might accid tookplac somewher ghodbandar rd traffic move slove plz slip amp dont worri
Yun ah.now ü wkg where?btw if ü go nus sc. Ü wana specialise in wad?,ham,yun ahnow ü wkg wherebtw ü go nu sc ü wana specialis wad
Yes! I am a one woman man! Please tell me your likes and dislikes in bed...,ham,ye one woman man pleas tell like dislik bed
Was doing my test earlier. I appreciate you. Will call you tomorrow.,ham,test earlier appreci call tomorrow
"How's my loverboy doing ? What does he do that keeps him from coming to his Queen, hmmm ? Doesn't he ache to speak to me ? Miss me desparately ?",ham,how loverboy keep come queen hmmm doesnt ach speak miss despar
U meet other fren dun wan meet me ah... Muz b a guy rite...,ham,u meet fren dun wan meet ah muz b guy rite
"(No promises on when though, haven't even gotten dinner yet)",ham,promis though havent even gotten dinner yet
I got your back! Do you have any dislikes in bed?,ham,got back dislik bed
o turns out i had stereo love on mi phone under the unknown album.,ham,turn stereo love mi phone unknown album
Hard LIVE 121 chat just 60p/min. Choose your girl and connect LIVE. Call 09094646899 now! Cheap Chat UK's biggest live service. VU BCM1896WC1N3XX,spam,hard live chat pmin choos girl connect live call cheap chat uk biggest live servic vu bcmwcnxx
Yeah I don't see why not,ham,yeah dont see
Asking do u knw them or nt? May be ur frnds or classmates?,ham,ask u knw nt may ur frnd classmat
"Sorry about earlier. Putting out fires.Are you around to talk after 9? Or do you actually have a life, lol!",ham,sorri earlier put firesar around talk actual life lol
WOW! The Boys R Back. TAKE THAT 2007 UK Tour. Win VIP Tickets & pre-book with VIP Club. Txt CLUB to 81303. Trackmarque Ltd info@vipclub4u.,spam,wow boy r back take uk tour win vip ticket prebook vip club txt club trackmarqu ltd infovipclubu
"As in missionary hook up, doggy hook up, standing...|",ham,missionari hook doggi hook stand
Then u better go sleep.. Dun disturb u liao.. U wake up then msg me lor..,ham,u better go sleep dun disturb u liao u wake msg lor
"Fighting with the world is easy, u either win or lose bt fightng with some1 who is close to u is dificult if u lose - u lose if u win - u still lose.",ham,fight world easi u either win lose bt fightng close u dificult u lose u lose u win u still lose
Am watching house – very entertaining – am getting the whole hugh laurie thing – even with the stick – indeed especially with the stick.,ham,watch hous – entertain – get whole hugh lauri thing – even stick – inde especi stick
Thought praps you meant another one. Goodo! I'll look tomorrow ,ham,thought prap meant anoth one goodo ill look tomorrow
"Hi Jon, Pete here, Ive bin 2 Spain recently & hav sum dinero left, Bill said u or ur rents mayb interested in it, I hav 12,000pes, so around £48, tb, James.",ham,hi jon pete ive bin spain recent hav sum dinero left bill said u ur rent mayb interest hav pe around £ tb jame
There bold 2  &lt;#&gt; . Is that yours,ham,bold ltgt
You know there is. I shall speak to you in  &lt;#&gt;  minutes then,ham,know shall speak ltgt minut
ALRITE HUNNY!WOT U UP 2 2NITE? DIDNT END UP GOIN DOWN TOWN JUS DA PUB INSTEAD! JUS CHILLIN AT DA MO IN ME BEDROOM!LOVE JEN XXX.,ham,alrit hunnywot u nite didnt end goin town ju da pub instead ju chillin da mo bedroomlov jen xxx
I went to project centre,ham,went project centr
As per your request 'Maangalyam (Alaipayuthe)' has been set as your callertune for all Callers. Press *9 to copy your friends Callertune,ham,per request maangalyam alaipayuth set callertun caller press copi friend callertun
Lol yeah at this point I guess not,ham,lol yeah point guess
Doing project w frens lor. ,ham,project w fren lor
Lol. Well quality aint bad at all so i aint complaining,ham,lol well qualiti aint bad aint complain
"K, can that happen tonight?",ham,k happen tonight
"Hi, this is Mandy Sullivan calling from HOTMIX FM...you are chosen to receive £5000.00 in our Easter Prize draw.....Please telephone 09041940223 to claim before 29/03/05 or your prize will be transferred to someone else....",spam,hi mandi sullivan call hotmix fmyou chosen receiv £ easter prize drawpleas telephon claim prize transfer someon els
"I think we're going to finn's now, come",ham,think go finn come
Why tired what special there you had,ham,tire special
I will come tomorrow di,ham,come tomorrow di
I cant pick the phone right now. Pls send a message,ham,cant pick phone right pl send messag
K go and sleep well. Take rest:-).,ham,k go sleep well take rest
U guys never invite me anywhere :(,ham,u guy never invit anywher
UR GOING 2 BAHAMAS! CallFREEFONE 08081560665 and speak to a live operator to claim either Bahamas cruise of£2000 CASH 18+only. To opt out txt X to 07786200117,spam,ur go bahama callfreefon speak live oper claim either bahama cruis of£ cash opt txt x
I can do that! I want to please you both inside and outside the bedroom...,ham,want pleas insid outsid bedroom
EY! CALM DOWNON THEACUSATIONS.. ITXT U COS IWANA KNOW WOTU R DOIN AT THEW/END... HAVENTCN U IN AGES..RING ME IF UR UP4 NETHING SAT.LOVE J XXX.,ham,ey calm downon theacus itxt u co iwana know wotu r doin thewend haventcn u agesr ur neth satlov j xxx
I love to wine and dine my lady!,ham,love wine dine ladi
Someone has conacted our dating service and entered your phone because they fancy you!To find out who it is call from landline 09111030116. PoBox12n146tf15,spam,someon conact date servic enter phone fanci youto find call landlin poboxntf
"Im cool ta luv but v.tired 2 cause i have been doin loads of planning all wk, we have got our social services inspection at the nursery! Take care & spk sn x.",ham,im cool ta luv vtire caus doin load plan wk got social servic inspect nurseri take care spk sn x
I don know account details..i will ask my mom and send you.my mom is out of reach now.,ham,know account detailsi ask mom send youmi mom reach
I think u have the wrong number.,ham,think u wrong number
Feel Yourself That You Are Always Happy.. Slowly It Becomes Your Habit &amp; Finally It Becomes Part Of Your Life.. Follow It.. Happy Morning &amp; Have A Happy Day:),ham,feel alway happi slowli becom habit amp final becom part life follow happi morn amp happi day
DO NOT B LATE LOVE MUM,ham,b late love mum
Got it..mail panren paru..,ham,got itmail panren paru
* Was thinking about chuckin ur red green n black trainners 2 save carryin them bac on train,ham,think chuckin ur red green n black trainner save carryin bac train
Give one miss from that number please,ham,give one miss number pleas
Jus came back fr lunch wif my sis only. U leh?,ham,ju came back fr lunch wif si u leh
How is your schedule next week? I am out of town this weekend.,ham,schedul next week town weekend
Really good:)dhanush rocks once again:),ham,realli gooddhanush rock
Lmao ok I wont be needing u to do my hair anymore.,ham,lmao ok wont need u hair anymor
"Miss ya, need ya, want ya, love ya.",ham,miss ya need ya want ya love ya
Sorry i'm not free...,ham,sorri im free
Do u ever get a song stuck in your head for no reason and it won't go away til u listen to it like 5 times?,ham,u ever get song stuck head reason wont go away til u listen like time
Nt yet chikku..simple habba..hw abt u?,ham,nt yet chikkusimpl habbahw abt u
"Got ur mail Dileep.thank you so muchand look forward to lots of support...very less contacts here,remember one venugopal you mentioned.tomorrow if not late,i shall try to come up till there.goodnight dear.",ham,got ur mail dileepthank muchand look forward lot supportveri less contact hererememb one venugop mentionedtomorrow latei shall tri come till theregoodnight dear
Sometimes Heart Remembrs someone Very much... Forgets someone soon... Bcoz Heart will not like everyone. But liked ones will be Remembered Everytime... BSLVYL,ham,sometim heart remembr someon much forget someon soon bcoz heart like everyon like one rememb everytim bslvyl
Joy's father is John. Then John is the NAME of Joy's father. Mandan,ham,joy father john john name joy father mandan
Hi 07734396839 IBH Customer Loyalty Offer: The NEW NOKIA6600 Mobile from ONLY £10 at TXTAUCTION!Txt word:START to No:81151 & get Yours Now!4T&,spam,hi ibh custom loyalti offer new nokia mobil £ txtauctiontxt wordstart get nowt
Hi this is yijue... It's regarding the 3230 textbook it's intro to algorithms second edition... I'm selling it for $50...,ham,hi yiju regard textbook intro algorithm second edit im sell
SMS AUCTION You have won a Nokia 7250i. This is what you get when you win our FREE auction. To take part send Nokia to 86021 now. HG/Suite342/2Lands Row/W1JHL 16+,spam,sm auction nokia get win free auction take part send nokia hgsuiteland rowwjhl
"K, want us to come by now?",ham,k want us come
How. Its a little difficult but its a simple way to enter this place,ham,littl difficult simpl way enter place
Ha... Both of us doing e same thing. But i got tv 2 watch. U can thk of where 2 go tonight or u already haf smth in mind...,ham,ha us e thing got tv watch u thk go tonight u alreadi haf smth mind
Dont show yourself. How far. Put new pictures up on facebook.,ham,dont show far put new pictur facebook
Watching tv now. I got new job :),ham,watch tv got new job
"Good afternoon sexy buns! How goes the job search ? I wake and you are my first thought as always, my love. I wish your fine and happy and know I adore you!",ham,good afternoon sexi bun goe job search wake first thought alway love wish fine happi know ador
"I'm not coming over, do whatever you want",ham,im come whatev want
"Its ok chikku, and its my 1 of favourite song..:-)",ham,ok chikku favourit song
Did u see what I posted on your Facebook?,ham,u see post facebook
Call FREEPHONE 0800 542 0578 now!,spam,call freephon
Buy Space Invaders 4 a chance 2 win orig Arcade Game console. Press 0 for Games Arcade (std WAP charge) See o2.co.uk/games 4 Terms + settings. No purchase,spam,buy space invad chanc win orig arcad game consol press game arcad std wap charg see ocoukgam term set purchas
"7 wonders in My WORLD 7th You 6th Ur style 5th Ur smile 4th Ur Personality 3rd Ur Nature 2nd Ur SMS and 1st ""Ur Lovely Friendship""... good morning dear",ham,wonder world th th ur style th ur smile th ur person rd ur natur nd ur sm st ur love friendship good morn dear
"Loan for any purpose £500 - £75,000. Homeowners + Tenants welcome. Have you been previously refused? We can still help. Call Free 0800 1956669 or text back 'help'",spam,loan purpos £ £ homeown tenant welcom previous refus still help call free text back help
BIG BROTHER ALERT! The computer has selected u for 10k cash or #150 voucher. Call 09064018838. NTT PO Box CRO1327 18+ BT Landline Cost 150ppm mobiles vary,spam,big brother alert comput select u k cash voucher call ntt po box cro bt landlin cost ppm mobil vari
";-( oh well, c u later",ham,oh well c u later
My uncles in Atlanta. Wish you guys a great semester.,ham,uncl atlanta wish guy great semest
No dear i do have free messages without any recharge. Hi hi hi,ham,dear free messag without recharg hi hi hi
"Dont search love, let love find U. Thats why its called falling in love, bcoz U dont force yourself, U just fall and U know there is smeone to hold U... BSLVYL",ham,dont search love let love find u that call fall love bcoz u dont forc u fall u know smeon hold u bslvyl
I dun believe u. I thk u told him.,ham,dun believ u thk u told
"Do you know why god created gap between your fingers..? So that, One who is made for you comes &amp; fills those gaps by holding your hand with LOVE..!",ham,know god creat gap finger one made come amp fill gap hold hand love
Yes:)sura in sun tv.:)lol.,ham,yessura sun tvlol
Arun can u transfr me d amt,ham,arun u transfr amt
Takin a shower now but yeah I'll leave when I'm done,ham,takin shower yeah ill leav im done
Am not working but am up to eyes in philosophy so will text u later when a bit more free for chat...,ham,work eye philosophi text u later bit free chat
U havent lost me ill always b here 4u.i didnt intend 2 hurt u but I never knew how u felt about me when Iwas+marine&thats what itried2tell urmom.i careabout u,ham,u havent lost ill alway b ui didnt intend hurt u never knew u felt iwasmarinethat itriedtel urmomi careabout u
"WIN: We have a winner! Mr. T. Foley won an iPod! More exciting prizes soon, so keep an eye on ur mobile or visit www.win-82050.co.uk",spam,win winner mr foley ipod excit prize soon keep eye ur mobil visit wwwwincouk
You bad girl. I can still remember them,ham,bad girl still rememb
How much i gave to you. Morning.,ham,much gave morn
"I hope your alright babe? I worry that you might have felt a bit desparate when you learned the job was a fake ? I am here waiting when you come back, my love",ham,hope alright babe worri might felt bit despar learn job fake wait come back love
"Hey, can you tell me blake's address? Carlos wanted me to meet him there but I got lost and he's not answering his phone",ham,hey tell blake address carlo want meet got lost he answer phone
Can i get your opinion on something first?,ham,get opinion someth first
That one week leave i put know that time. Why.,ham,one week leav put know time
"If we hit it off, you can move in with me :)",ham,hit move
excellent. I spent  &lt;#&gt;  years in the Air Force. Iraq and afghanistan. I am stable and honest. do you like traveling?,ham,excel spent ltgt year air forc iraq afghanistan stabl honest like travel
I wanna watch that movie,ham,wanna watch movi
Ok lor thanx... Ü in school?,ham,ok lor thanx ü school
I'm in class. Did you get my text.,ham,im class get text
The bus leaves at  &lt;#&gt; ,ham,bu leav ltgt
God bless.get good sleep my dear...i will pray!,ham,god blessget good sleep deari pray
Todays Voda numbers ending 1225 are selected to receive a £50award. If you have a match please call 08712300220 quoting claim code 3100 standard rates app ,spam,today voda number end select receiv £award match pleas call quot claim code standard rate app
Do have a nice day today. I love you so dearly.,ham,nice day today love dearli
Aiyo a bit pai seh ü noe... Scared he dun rem who i am then die... Hee... But he become better lookin oredi leh...,ham,aiyo bit pai seh ü noe scare dun rem die hee becom better lookin oredi leh
"Aight, I'll ask a few of my roommates",ham,aight ill ask roommat
"Now, whats your house # again ? And do you have any beer there ?",ham,what hous beer
Do ü all wan 2 meet up n combine all the parts? How's da rest of da project going?,ham,ü wan meet n combin part how da rest da project go
Getting tickets 4 walsall tue 6 th march. My mate is getting me them on sat. ill pay my treat. Want 2 go. Txt bak .Terry,ham,get ticket walsal tue th march mate get sat ill pay treat want go txt bak terri
Yes we are chatting too.,ham,ye chat
HI ITS JESS I DONT KNOW IF YOU ARE AT WORK BUT CALL ME WHEN U CAN IM AT HOME ALL EVE. XXX,ham,hi jess dont know work call u im home eve xxx
Sian... Aft meeting supervisor got work 2 do liao... U working now?,ham,sian aft meet supervisor got work liao u work
Are you going to write ccna exam this week??,ham,go write ccna exam week
Well i will watch shrek in 3D!!B),ham,well watch shrek db
Am i that much dirty fellow?,ham,much dirti fellow
Dunno dat's wat he told me. Ok lor...,ham,dunno dat wat told ok lor
I'll probably be by tomorrow (or even later tonight if something's going on),ham,ill probabl tomorrow even later tonight someth go
I couldn't say no as he is a dying man and I feel sad for him so I will go and I just wanted you to know I would probably be gone late into your night,ham,couldnt say die man feel sad go want know would probabl gone late night
If you're thinking of lifting me one then no.,ham,your think lift one
Same as u... Dun wan... Y u dun like me already ah... Wat u doing now? Still eating?,ham,u dun wan u dun like alreadi ah wat u still eat
Sent me ur email id soon,ham,sent ur email id soon
Wat makes some people dearer is not just de happiness dat u feel when u meet them but de pain u feel when u miss dem!!!,ham,wat make peopl dearer de happi dat u feel u meet de pain u feel u miss dem
"Dude. What's up. How Teresa. Hope you have been okay. When i didnt hear from these people, i called them and they had received the package since dec  &lt;#&gt; . Just thot you'ld like to know. Do have a fantastic year and all the best with your reading. Plus if you can really really Bam first aid for Usmle, then your work is done.",ham,dude what teresa hope okay didnt hear peopl call receiv packag sinc dec ltgt thot yould like know fantast year best read plu realli realli bam first aid usml work done
Hey gorgeous man. My work mobile number is. Have a good one babe. Squishy Mwahs.,ham,hey gorgeou man work mobil number good one babe squishi mwah
May i call You later Pls,ham,may call later pl
"Hottest pics straight to your phone!! See me getting Wet and Wanting, just for you xx Text PICS to 89555 now! txt costs 150p textoperator g696ga 18 XxX",spam,hottest pic straight phone see get wet want xx text pic txt cost p textoper gga xxx
That's the way you should stay oh.,ham,that way stay oh
Hello- thanx for taking that call. I got a job! Starts on monday!,ham,hello thanx take call got job start monday
What time is ur flight tmr?,ham,time ur flight tmr
When should I come over?,ham,come
I have a rather prominent bite mark on my right cheek,ham,rather promin bite mark right cheek
* Will be september by then!,ham,septemb
Are you wet right now?,ham,wet right
And how's your husband.,ham,how husband
"Hack Chat. Get backdoor entry into 121 chat rooms at a fraction of the cost. Reply NEO69 or call 09050280520, to subscribe 25p pm. DPS, Bcm box 8027 Ldn, wc1n3xx",spam,hack chat get backdoor entri chat room fraction cost repli neo call subscrib p pm dp bcm box ldn wcnxx
Are we doing the norm tomorrow? I finish just a 4.15 cos of st tests. Need to sort library stuff out at some point tomo - got letter from today - access til end march so i better get move on!,ham,norm tomorrow finish co st test need sort librari stuff point tomo got letter today access til end march better get move
Yeah. I got a list with only u and Joanna if I'm feeling really anti social,ham,yeah got list u joanna im feel realli anti social
I am in your office na.,ham,offic na
Are you comingdown later?,ham,comingdown later
Super da:)good replacement for murali,ham,super dagood replac murali
Da is good good player.why he is unsold.,ham,da good good playerwhi unsold
Hi. || Do u want | to join me with sts later? || Meeting them at five. || Call u after class.,ham,hi u want join st later meet five call u class
Its on in engalnd! But telly has decided it won't let me watch it and mia and elliot were kissing! Damn it!,ham,engalnd telli decid wont let watch mia elliot kiss damn
"FREE NOKIA Or Motorola with upto 12mths 1/2price linerental, 500 FREE x-net mins&100txt/mth FREE B'tooth*. Call Mobileupd8 on 08001950382 or call 2optout/D3WV",spam,free nokia motorola upto mth price linerent free xnet minstxtmth free btooth call mobileupd call optoutdwv
I dont want to hear philosophy. Just say what happen,ham,dont want hear philosophi say happen
You got job in wipro:)you will get every thing in life in 2 or 3 years.,ham,got job wiproy get everi thing life year
Then cant get da laptop? My matric card wif ü lei... ,ham,cant get da laptop matric card wif ü lei
Dunno da next show aft 6 is 850. Toa payoh got 650.,ham,dunno da next show aft toa payoh got
"This is the 2nd time we have tried 2 contact u. U have won the 750 Pound prize. 2 claim is easy, call 08718726970 NOW! Only 10p per min. BT-national-rate ",spam,nd time tri contact u u pound prize claim easi call p per min btnationalr
I just made some payments so dont have that much. Sorry. Would you want it fedex or the other way.,ham,made payment dont much sorri would want fedex way
They did't play one day last year know even though they have very good team.. Like india.,ham,didt play one day last year know even though good team like india
K.:)you are the only girl waiting in reception ah?,ham,kyou girl wait recept ah
"Say this slowly.? GOD,I LOVE YOU &amp; I NEED YOU,CLEAN MY HEART WITH YOUR BLOOD.Send this to Ten special people &amp; u c miracle tomorrow, do it,pls,pls do it...",ham,say slowli godi love amp need youclean heart bloodsend ten special peopl amp u c miracl tomorrow itplspl
I hate when she does this. She turns what should be a fun shopping trip into an annoying day of how everything would look in her house.,ham,hate turn fun shop trip annoy day everyth would look hous
"Sir, i am waiting for your call.",ham,sir wait call
What's up. Do you want me to come online?,ham,what want come onlin
"It could work, we'll reach a consensus at the next meeting",ham,could work well reach consensu next meet
Aiyah then i wait lor. Then u entertain me. Hee...,ham,aiyah wait lor u entertain hee
"The last thing i ever wanted to do was hurt you. And i didn't think it would have. You'd laugh, be embarassed, delete the tag and keep going. But as far as i knew, it wasn't even up. The fact that you even felt like i would do it to hurt you shows you really don't know me at all. It was messy wednesday, but it wasn't bad. The problem i have with it is you HAVE the time to clean it, but you choose not to. You skype, you take pictures, you sleep, you want to go out. I don't mind a few things here and there, but when you don't make the bed, when you throw laundry on top of it, when i can't have a friend in the house because i'm embarassed that there's underwear and bras strewn on the bed, pillows on the floor, that's something else. You used to be good about at least making the bed.",ham,last thing ever want hurt didnt think would youd laugh embarass delet tag keep go far knew wasnt even fact even felt like would hurt show realli dont know messi wednesday wasnt bad problem time clean choos skype take pictur sleep want go dont mind thing dont make bed throw laundri top cant friend hous im embarass there underwear bra strewn bed pillow floor that someth els use good least make bed
I'll let you know when it kicks in,ham,ill let know kick
You call him now ok i said call him,ham,call ok said call
Call to the number which is available in appointment. And ask to connect the call to waheed fathima.,ham,call number avail appoint ask connect call wahe fathima
Or ü go buy wif him then i meet ü later can?,ham,ü go buy wif meet ü later
Mmmm ... Fuck ... Not fair ! You know my weaknesses ! *grins* *pushes you to your knee's* *exposes my belly and pulls your head to it* Don't forget ... I know yours too *wicked smile*,ham,mmmm fuck fair know weak grin push knee expos belli pull head dont forget know wick smile
Today my system sh get ready.all is well and i am also in the deep well,ham,today system sh get readyal well also deep well
Mom wants to know where you at,ham,mom want know
"Aight, I'll text you when I'm back",ham,aight ill text im back
Dont know supports ass and srt i thnk. I think ps3 can play through usb too,ham,dont know support ass srt thnk think ps play usb
Oh ok i didnt know what you meant. Yep i am baby jontin,ham,oh ok didnt know meant yep babi jontin
You have WON a guaranteed £1000 cash or a £2000 prize.To claim yr prize call our customer service representative on,spam,guarante £ cash £ prizeto claim yr prize call custom servic repres
Would you like to see my XXX pics they are so hot they were nearly banned in the uk!,spam,would like see xxx pic hot nearli ban uk
HMV BONUS SPECIAL 500 pounds of genuine HMV vouchers to be won. Just answer 4 easy questions. Play Now! Send HMV to 86688 More info:www.100percent-real.com,spam,hmv bonu special pound genuin hmv voucher answer easi question play send hmv infowwwpercentrealcom
Watching tv now. I got new job :),ham,watch tv got new job
This pen thing is beyond a joke. Wont a Biro do? Don't do a masters as can't do this ever again! ,ham,pen thing beyond joke wont biro dont master cant ever
I AM AT A PARTY WITH ALEX NICHOLS,ham,parti alex nichol
U have a secret admirer who is looking 2 make contact with U-find out who they R*reveal who thinks UR so special-call on 09058094594,spam,u secret admir look make contact ufind rreveal think ur specialcal
Just seeing your missed call my dear brother. Do have a gr8 day.,ham,see miss call dear brother gr day
Ok.. Ü finishing soon?,ham,ok ü finish soon
"Sorry, I can't help you on this.",ham,sorri cant help
"Come to me, slave. Your doing it again ... Going into your shell and unconsciously avoiding me ... You are making me unhappy :-(",ham,come slave go shell unconsci avoid make unhappi
I love your ass! Do you enjoy doggy style? :),ham,love ass enjoy doggi style
I think asking for a gym is the excuse for lazy people. I jog.,ham,think ask gym excus lazi peopl jog
Dear 0776xxxxxxx U've been invited to XCHAT. This is our final attempt to contact u! Txt CHAT to 86688 150p/MsgrcvdHG/Suite342/2Lands/Row/W1J6HL LDN 18yrs ,spam,dear xxxxxxx uve invit xchat final attempt contact u txt chat pmsgrcvdhgsuitelandsrowwjhl ldn yr
Urgent! Please call 09061743811 from landline. Your ABTA complimentary 4* Tenerife Holiday or £5000 cash await collection SAE T&Cs Box 326 CW25WX 150ppm,spam,urgent pleas call landlin abta complimentari tenerif holiday £ cash await collect sae tc box cwwx ppm
No. On the way home. So if not for the long dry spell the season would have been over,ham,way home long dri spell season would
I gotta collect da car at 6 lei.,ham,gotta collect da car lei
Ok but knackered. Just came home and went to sleep! Not good at this full time work lark.,ham,ok knacker came home went sleep good full time work lark
Probably earlier than that if the station's where I think it is,ham,probabl earlier station think
CALL 09090900040 & LISTEN TO EXTREME DIRTY LIVE CHAT GOING ON IN THE OFFICE RIGHT NOW TOTAL PRIVACY NO ONE KNOWS YOUR [sic] LISTENING 60P MIN 24/7MP 0870753331018+,spam,call listen extrem dirti live chat go offic right total privaci one know sic listen p min mp
Good Morning plz call me sir,ham,good morn plz call sir
"FreeMsg Hey U, i just got 1 of these video/pic fones, reply WILD to this txt & ill send U my pics, hurry up Im so bored at work xxx (18 150p/rcvd STOP2stop)",spam,freemsg hey u got videop fone repli wild txt ill send u pic hurri im bore work xxx prcvd stopstop
"Uh, heads up we don't have THAT much left",ham,uh head dont much left
I tot u outside cos darren say u come shopping. Of course we nice wat. We jus went sim lim look at mp3 player.,ham,tot u outsid co darren say u come shop cours nice wat ju went sim lim look mp player
"Aight, sounds good. When do you want me to come down?",ham,aight sound good want come
Wat would u like 4 ur birthday?,ham,wat would u like ur birthday
I love working from home :),ham,love work home
And miss vday the parachute and double coins??? U must not know me very well...,ham,miss vday parachut doubl coin u must know well
"Sorry, I'll call later",ham,sorri ill call later
My sister got placed in birla soft da:-),ham,sister got place birla soft da
Free entry in 2 a weekly comp for a chance to win an ipod. Txt POD to 80182 to get entry (std txt rate) T&C's apply 08452810073 for details 18+,spam,free entri weekli comp chanc win ipod txt pod get entri std txt rate tc appli detail
Wah... Okie okie... Muz make use of e unlimited... Haha... ,ham,wah oki oki muz make use e unlimit haha
"There're some people by mu, I'm at the table by lambda",ham,therer peopl mu im tabl lambda
And stop being an old man. You get to build snowman snow angels and snowball fights.,ham,stop old man get build snowman snow angel snowbal fight
ELLO BABE U OK?,ham,ello babe u ok
Hello beautiful r u ok? I've kinda ad a row wiv and he walked out the pub?? I wanted a night wiv u Miss u ,ham,hello beauti r u ok ive kinda ad row wiv walk pub want night wiv u miss u
Then u going ikea str aft dat?,ham,u go ikea str aft dat
Becoz its  &lt;#&gt;  jan whn al the post ofice is in holiday so she cn go fr the post ofice...got it duffer,ham,becoz ltgt jan whn al post ofic holiday cn go fr post oficegot duffer
Lol grr my mom is taking forever with my prescription. Pharmacy is like 2 minutes away. Ugh.,ham,lol grr mom take forev prescript pharmaci like minut away ugh
For real tho this sucks. I can't even cook my whole electricity is out. And I'm hungry.,ham,real tho suck cant even cook whole electr im hungri
You want to go? ,ham,want go
New TEXTBUDDY Chat 2 horny guys in ur area 4 just 25p Free 2 receive Search postcode or at gaytextbuddy.com. TXT ONE name to 89693. 08715500022 rpl Stop 2 cnl,spam,new textbuddi chat horni guy ur area p free receiv search postcod gaytextbuddycom txt one name rpl stop cnl
Its not that time of the month nor mid of the time?,ham,time month mid time
Fffff. Can you text kadeem or are you too far gone,ham,fffff text kadeem far gone
We not leaving yet. Ok lor then we go elsewhere n eat. U thk...,ham,leav yet ok lor go elsewher n eat u thk
Is fujitsu s series lifebook good?,ham,fujitsu seri lifebook good
Yar i wanted 2 scold u yest but late already... I where got zhong se qing you? If u ask me b4 he ask me then i'll go out w u all lor. N u still can act so real.,ham,yar want scold u yest late alreadi got zhong se qing u ask b ask ill go w u lor n u still act real
Dont know you bring some food,ham,dont know bring food
No current and food here. I am alone also,ham,current food alon also
I'll be in sch fr 4-6... I dun haf da book in sch... It's at home...,ham,ill sch fr dun haf da book sch home
Hello. They are going to the village pub at 8 so either come here or there accordingly. Ok?,ham,hello go villag pub either come accordingli ok
Ok,ham,ok
We don call like  &lt;#&gt;  times oh. No give us hypertension oh.,ham,call like ltgt time oh give us hypertens oh
"Dont give a monkeys wot they think and i certainly don't mind. Any friend of mine&all that! Just don't sleep wiv , that wud be annoyin!",ham,dont give monkey wot think certainli dont mind friend mineal dont sleep wiv wud annoyin
Omg it could snow here tonite!,ham,omg could snow tonit
Call from 08702490080 - tells u 2 call 09066358152 to claim £5000 prize. U have 2 enter all ur mobile & personal details @ the prompts. Careful!,spam,call tell u call claim £ prize u enter ur mobil person detail prompt care
Free 1st week entry 2 TEXTPOD 4 a chance 2 win 40GB iPod or £250 cash every wk. Txt VPOD to 81303 Ts&Cs www.textpod.net custcare 08712405020.,spam,free st week entri textpod chanc win gb ipod £ cash everi wk txt vpod tsc wwwtextpodnet custcar
Carry on not disturbing both of you,ham,carri disturb
What pa tell me.. I went to bath:-),ham,pa tell went bath
Jus finished avatar nigro,ham,ju finish avatar nigro
R u over scratching it?,ham,r u scratch
Hope you are having a great day.,ham,hope great day
Did either of you have any idea's? Do you know of anyplaces doing something?,ham,either idea know anyplac someth
"My planning usually stops at ""find hella weed, smoke hella weed""",ham,plan usual stop find hella weed smoke hella weed
"The fact that you're cleaning shows you know why i'm upset. Your priority is constantly ""what i want to do,"" not ""what i need to do.""",ham,fact your clean show know im upset prioriti constantli want need
Excellent! Are you ready to moan and scream in ecstasy?,ham,excel readi moan scream ecstasi
More people are dogging in your area now. Call 09090204448 and join like minded guys. Why not arrange 1 yourself. There's 1 this evening. A£1.50 minAPN LS278BB,spam,peopl dog area call join like mind guy arrang there even a£ minapn lsbb
Dude avatar 3d was imp. At one point i thought there were actually flies in the room and almost tried hittng one as a reflex,ham,dude avatar imp one point thought actual fli room almost tri hittng one reflex
"WELL DONE! Your 4* Costa Del Sol Holiday or £5000 await collection. Call 09050090044 Now toClaim. SAE, TCs, POBox334, Stockport, SK38xh, Cost£1.50/pm, Max10mins",spam,well done costa del sol holiday £ await collect call toclaim sae tc pobox stockport skxh cost£pm maxmin
K...k:)why cant you come here and search job:),ham,kkwhi cant come search job
I got lousy sleep. I kept waking up every 2 hours to see if my cat wanted to come in. I worry about him when its cold :(,ham,got lousi sleep kept wake everi hour see cat want come worri cold
"Yeah, I'll leave in a couple minutes &amp; let you know when I get to mu",ham,yeah ill leav coupl minut amp let know get mu
Can ü call me at 10:10 to make sure dat i've woken up...,ham,ü call make sure dat ive woken
Hey we can go jazz power yoga hip hop kb and yogasana ,ham,hey go jazz power yoga hip hop kb yogasana
The battery is for mr adewale my uncle. Aka Egbon,ham,batteri mr adewal uncl aka egbon
I cant pick the phone right now. Pls send a message,ham,cant pick phone right pl send messag
Wait 2 min..stand at bus stop,ham,wait minstand bu stop
Oh ic. I thought you meant mary jane.,ham,oh ic thought meant mari jane
Haha... Really oh no... How? Then will they deduct your lesson tmr?,ham,haha realli oh deduct lesson tmr
Nah im goin 2 the wrks with j wot bout u?,ham,nah im goin wrk j wot bout u
Then just eat a shit and wait for ur monkey face bitch.......... U asshole..................,ham,eat shit wait ur monkey face bitch u asshol
Good night. Am going to sleep.,ham,good night go sleep
"Aight I'll grab something to eat too, text me when you're back at mu",ham,aight ill grab someth eat text your back mu
K...k:)why cant you come here and search job:),ham,kkwhi cant come search job
Take something for pain. If it moves however to any side in the next 6hrs see a doctor.,ham,take someth pain move howev side next hr see doctor
"Lol ... Oh no babe, I wont be sliding into your place after midnight, but thanks for the invite",ham,lol oh babe wont slide place midnight thank invit
Howz that persons story,ham,howz person stori
Guess what! Somebody you know secretly fancies you! Wanna find out who it is? Give us a call on 09065394973 from Landline DATEBox1282EssexCM61XN 150p/min 18,spam,guess somebodi know secretli fanci wanna find give us call landlin dateboxessexcmxn pmin
LOL that would be awesome payback.,ham,lol would awesom payback
it to 80488. Your 500 free text messages are valid until 31 December 2005.,spam,free text messag valid decemb
Yes :)it completely in out of form:)clark also utter waste.,ham,ye complet formclark also utter wast
"Honeybee Said: *I'm d Sweetest in d World* God Laughed &amp; Said: *Wait,U Havnt Met d Person Reading This Msg* MORAL: Even GOD Can Crack Jokes! GM+GN+GE+GN:)",ham,honeybe said im sweetest world god laugh amp said waitu havnt met person read msg moral even god crack joke gmgngegn
Thanks. It was only from tescos but quite nice. All gone now. Speak soon ,ham,thank tesco quit nice gone speak soon
What's a feathery bowa? Is that something guys have that I don't know about?,ham,what featheri bowa someth guy dont know
Even i cant close my eyes you are in me our vava playing umma :-D,ham,even cant close eye vava play umma
2 laptop... I noe infra but too slow lar... I wan fast one,ham,laptop noe infra slow lar wan fast one
You have won a guaranteed £200 award or even £1000 cashto claim UR award call free on 08000407165 (18+) 2 stop getstop on 88222 PHP,spam,guarante £ award even £ cashto claim ur award call free stop getstop php
Nvm it's ok...,ham,nvm ok
Enjoy ur life. . Good night,ham,enjoy ur life good night
Yes but can we meet in town cos will go to gep and then home. You could text at bus stop. And don't worry we'll have finished by march … ish!,ham,ye meet town co go gep home could text bu stop dont worri well finish march … ish
I had askd u a question some hours before. Its answer,ham,askd u question hour answer
Thats cool. Where should i cum? On you or in you? :),ham,that cool cum
Delhi and chennai still silent.,ham,delhi chennai still silent
Lol alright i was thinkin that too haha,ham,lol alright thinkin haha
Reply to win £100 weekly! Where will the 2006 FIFA World Cup be held? Send STOP to 87239 to end service,spam,repli win £ weekli fifa world cup held send stop end servic
No I'm in the same boat. Still here at my moms. Check me out on yo. I'm half naked.,ham,im boat still mom check yo im half nake
Shhhhh nobody is supposed to know!,ham,shhhhh nobodi suppos know
"Sorry, I'll call later",ham,sorri ill call later
"Sorry, I'll call later in meeting any thing related to trade please call Arul. &lt;#&gt; ",ham,sorri ill call later meet thing relat trade pleas call arul ltgt
Hey i will be late... i'm at amk. Need to drink tea or coffee,ham,hey late im amk need drink tea coffe
I wnt to buy a BMW car urgently..its vry urgent.but hv a shortage of  &lt;#&gt; Lacs.there is no source to arng dis amt. &lt;#&gt; lacs..thats my prob,ham,wnt buy bmw car urgentlyit vri urgentbut hv shortag ltgt lacsther sourc arng di amt ltgt lacsthat prob
Urgent! Please call 09061743810 from landline. Your ABTA complimentary 4* Tenerife Holiday or #5000 cash await collection SAE T&Cs Box 326 CW25WX 150 ppm,spam,urgent pleas call landlin abta complimentari tenerif holiday cash await collect sae tc box cwwx ppm
The length is e same but e top shorter n i got a fringe now. I thk i'm not going liao. Too lazy. Dun wan 2 distract u also.,ham,length e e top shorter n got fring thk im go liao lazi dun wan distract u also
S..antha num corrct dane,ham,santha num corrct dane
No calls..messages..missed calls,ham,callsmessagesmiss call
"Sorry, I'll call later",ham,sorri ill call later
The basket's gettin full so I might be by tonight,ham,basket gettin full might tonight
HI DARLIN IVE JUST GOT BACK AND I HAD A REALLY NICE NIGHT AND THANKS SO MUCH FOR THE LIFT SEE U TOMORROW XXX,ham,hi darlin ive got back realli nice night thank much lift see u tomorrow xxx
No other Valentines huh? The proof is on your fb page. Ugh I'm so glad I really DIDN'T watch your rupaul show you TOOL!,ham,valentin huh proof fb page ugh im glad realli didnt watch rupaul show tool
Free tones Hope you enjoyed your new content. text stop to 61610 to unsubscribe. help:08712400602450p Provided by tones2you.co.uk,spam,free tone hope enjoy new content text stop unsubscrib helpp provid tonesyoucouk
Eh den sat u book e kb liao huh...,ham,eh den sat u book e kb liao huh
Have you been practising your curtsey?,ham,practis curtsey
Shall i come to get pickle,ham,shall come get pickl
Lol boo I was hoping for a laugh,ham,lol boo hope laugh
"YEH I AM DEF UP4 SOMETHING SAT,JUST GOT PAYED2DAY & I HAVBEEN GIVEN A£50 PAY RISE 4MY WORK & HAVEBEEN MADE PRESCHOOLCO-ORDINATOR 2I AM FEELINGOOD LUV",ham,yeh def someth satjust got payedday havbeen given a£ pay rise work havebeen made preschoolcoordin feelingood luv
"Well, I have to leave for my class babe ... You never came back to me ... :-( ... Hope you have a nice sleep, my love",ham,well leav class babe never came back hope nice sleep love
LMAO where's your fish memory when I need it?,ham,lmao where fish memori need
But i'll b going 2 sch on mon. My sis need 2 take smth.,ham,ill b go sch mon si need take smth
Idea will soon get converted to live:),ham,idea soon get convert live
TheMob>Yo yo yo-Here comes a new selection of hot downloads for our members to get for FREE! Just click & open the next link sent to ur fone...,spam,themobyo yo yoher come new select hot download member get free click open next link sent ur fone
S....s...india going to draw the series after many years in south african soil..,ham,ssindia go draw seri mani year south african soil
"Goodmorning, today i am late for  &lt;DECIMAL&gt; min.",ham,goodmorn today late ltdecimalgt min
Can't take any major roles in community outreach. You rock mel,ham,cant take major role commun outreach rock mel
Shopping lor. Them raining mah hard 2 leave orchard.,ham,shop lor rain mah hard leav orchard
Hi here. have birth at on the  to  at 8lb 7oz. Mother and baby doing brilliantly.,ham,hi birth lb oz mother babi brilliantli
See the forwarding message for proof,ham,see forward messag proof
"I can't keep going through this. It was never my intention to run you out, but if you choose to do that rather than keep the room clean so *I* don't have to say no to visitors, then maybe that's the best choice. Yes, I wanted you to be embarassed, so maybe you'd feel for once how I feel when i have a friend who wants to drop buy and i have to say no, as happened this morning. I've tried everything. I don't know what else to do.",ham,cant keep go never intent run choos rather keep room clean dont say visitor mayb that best choic ye want embarass mayb youd feel feel friend want drop buy say happen morn ive tri everyth dont know els
Dunno lei... I thk mum lazy to go out... I neva ask her yet...,ham,dunno lei thk mum lazi go neva ask yet
"Do whatever you want. You know what the rules are. We had a talk earlier this week about what had to start happening, you showing responsibility. Yet, every week it's can i bend the rule this way? What about that way? Do whatever. I'm tired of having thia same argument with you every week. And a  &lt;#&gt;  movie DOESNT inlude the previews. You're still getting in after 1.",ham,whatev want know rule talk earlier week start happen show respons yet everi week bend rule way way whatev im tire thia argument everi week ltgt movi doesnt inlud preview your still get
"Beautiful Truth against Gravity.. Read carefully: ""Our heart feels light when someone is in it.. But it feels very heavy when someone leaves it.."" GOODMORNING",ham,beauti truth graviti read care heart feel light someon feel heavi someon leav goodmorn
Great News! Call FREEFONE 08006344447 to claim your guaranteed £1000 CASH or £2000 gift. Speak to a live operator NOW!,spam,great news call freefon claim guarante £ cash £ gift speak live oper
Ambrith..madurai..met u in arun dha marrge..remembr?,ham,ambrithmaduraimet u arun dha marrgeremembr
Just re read it and I have no shame but tell me how he takes it and if he runs I will blame u 4 ever!! Not really 4 ever just a long time ,ham,read shame tell take run blame u ever realli ever long time
"Princess, is your kitty shaved or natural?",ham,princess kitti shave natur
"Better than bb. If he wont use it, his wife will or them doctor",ham,better bb wont use wife doctor
Ya it came a while ago,ham,ya came ago
From tomorrow onwards eve 6 to 3 work.,ham,tomorrow onward eve work
Anything lor but toa payoh got place 2 walk meh...,ham,anyth lor toa payoh got place walk meh
"I don't have anybody's number, I still haven't thought up a tactful way to ask alex",ham,dont anybodi number still havent thought tact way ask alex
"U can WIN £100 of Music Gift Vouchers every week starting NOW Txt the word DRAW to 87066 TsCs www.ldew.com SkillGame,1Winaweek, age16.150ppermessSubscription",spam,u win £ music gift voucher everi week start txt word draw tsc wwwldewcom skillgamewinaweek ageppermesssubscript
Is there any movie theatre i can go to and watch unlimited movies and just pay once?,ham,movi theatr go watch unlimit movi pay
U having lunch alone? I now so bored...,ham,u lunch alon bore
"Yes obviously, but you are the eggs-pert and the potato head… Speak soon! ",ham,ye obvious eggspert potato head… speak soon
"Nah man, my car is meant to be crammed full of people",ham,nah man car meant cram full peopl
No got new job at bar in airport on satsgettin 4.47per hour but means no lie in! keep in touch,ham,got new job bar airport satsgettin per hour mean lie keep touch
Kallis is ready for bat in 2nd innings,ham,kalli readi bat nd inning
Thanx but my birthday is over already.,ham,thanx birthday alreadi
"Ugh y can't u just apologize, admit u were wrong and ask me to take u back?",ham,ugh cant u apolog admit u wrong ask take u back
"I noe la... U wana pei bf oso rite... K lor, other days den...",ham,noe la u wana pei bf oso rite k lor day den
"Yes, i'm small kid.. And boost is the secret of my energy..",ham,ye im small kid boost secret energi
IM GONNA MISS U SO MUCH,ham,im gonna miss u much
Is avatar supposed to have subtoitles,ham,avatar suppos subtoitl
Simply sitting and watching match in office..,ham,simpli sit watch match offic
You can jot down things you want to remember later.,ham,jot thing want rememb later
Oh sorry please its over,ham,oh sorri pleas
Hey are we going for the lo lesson or gym? ,ham,hey go lo lesson gym
"Dont pack what you can buy at any store.like cereals. If you must pack food, pack gari or something 9ja that you will miss.",ham,dont pack buy storelik cereal must pack food pack gari someth ja miss
You always make things bigger than they are,ham,alway make thing bigger
Ü dun wan to watch infernal affair?,ham,ü dun wan watch infern affair
"Me not waking up until 4 in the afternoon, sup",ham,wake afternoon sup
4mths half price Orange line rental & latest camera phones 4 FREE. Had your phone 11mths ? Call MobilesDirect free on 08000938767 to update now! or2stoptxt,spam,mth half price orang line rental latest camera phone free phone mth call mobilesdirect free updat orstoptxt
I can send you a pic if you like :),ham,send pic like
Okay... I booked all already... Including the one at bugis.,ham,okay book alreadi includ one bugi
"Aight fuck it, I'll get it later",ham,aight fuck ill get later
No de. But call me after some time. Ill tell you k,ham,de call time ill tell k
So dont use hook up any how,ham,dont use hook
How much is blackberry bold2 in nigeria.,ham,much blackberri bold nigeria
Hi where you. You in home or calicut?,ham,hi home calicut
Hey darlin.. i can pick u up at college if u tell me wen & where 2 mt.. love Pete xx,ham,hey darlin pick u colleg u tell wen mt love pete xx
"Call 09094100151 to use ur mins! Calls cast 10p/min (mob vary). Service provided by AOM, just GBP5/month. AOM Box61,M60 1ER until u stop. Ages 18+ only!",spam,call use ur min call cast pmin mob vari servic provid aom gbpmonth aom boxm er u stop age
"Oh... I was thkin of goin yogasana at 10 den no nd to go at 3 den can rush to parco 4 nb... Okie lor, u call me when ready...",ham,oh thkin goin yogasana den nd go den rush parco nb oki lor u call readi
Y so late but i need to go n get da laptop...,ham,late need go n get da laptop
"Sir, I am waiting for your mail.",ham,sir wait mail
.Please charge my mobile when you get up in morning.,ham,pleas charg mobil get morn
"Nothing, i got msg frm tht unknown no..",ham,noth got msg frm tht unknown
Ugh fuck it I'm resubbing to eve,ham,ugh fuck im resub eve
He didn't see his shadow. We get an early spring yay,ham,didnt see shadow get earli spring yay
I did. One slice and one breadstick. Lol,ham,one slice one breadstick lol
"Hey ! I want you ! I crave you ! I miss you ! I need you ! I love you, Ahmad Saeed al Hallaq ...",ham,hey want crave miss need love ahmad saeed al hallaq
Is there any training tomorrow?,ham,train tomorrow
"URGENT! Your mobile No *********** WON a £2,000 Bonus Caller Prize on 02/06/03! This is the 2nd attempt to reach YOU! Call 09066362220 ASAP! BOX97N7QP, 150ppm",spam,urgent mobil £ bonu caller prize nd attempt reach call asap boxnqp ppm
Pass dis to all ur contacts n see wat u get! Red;i'm in luv wid u. Blue;u put a smile on my face. Purple;u r realy hot. Pink;u r so swt. Orange;i thnk i lyk u. Green;i realy wana go out wid u. Yelow;i wnt u bck. Black;i'm jealous of u. Brown;i miss you Nw plz giv me one color,ham,pass di ur contact n see wat u get redim luv wid u blueu put smile face purpleu r reali hot pinku r swt orangei thnk lyk u greeni reali wana go wid u yelowi wnt u bck blackim jealou u browni miss nw plz giv one color
Cos daddy arranging time c wat time fetch ü mah...,ham,co daddi arrang time c wat time fetch ü mah
Then. You are eldest know.,ham,eldest know
Who's there say hi to our drugdealer,ham,who say hi drugdeal
Its hard to believe things like this. All can say lie but think twice before saying anything to me.,ham,hard believ thing like say lie think twice say anyth
"Eerie Nokia tones 4u, rply TONE TITLE to 8007 eg TONE DRACULA to 8007 Titles: GHOST, ADDAMSFA, MUNSTERS, EXORCIST, TWILIGHT www.getzed.co.uk POBox36504W45WQ 150p ",spam,eeri nokia tone u rpli tone titl eg tone dracula titl ghost addamsfa munster exorcist twilight wwwgetzedcouk poboxwwq p
Sexy Singles are waiting for you! Text your AGE followed by your GENDER as wither M or F E.G.23F. For gay men text your AGE followed by a G. e.g.23G.,spam,sexi singl wait text age follow gender wither f egf gay men text age follow g egg
Good night my dear.. Sleepwell&amp;Take care,ham,good night dear sleepwellamptak care
That is wondarfull song,ham,wondarful song
"FreeMsg: Claim ur 250 SMS messages-Text OK to 84025 now!Use web2mobile 2 ur mates etc. Join Txt250.com for 1.50p/wk. T&C BOX139, LA32WU. 16 . Remove txtX or stop",spam,freemsg claim ur sm messagestext ok nowus webmobil ur mate etc join txtcom pwk tc box lawu remov txtx stop
Yar lor actually we quite fast... Cos da ge slow wat... Haha...,ham,yar lor actual quit fast co da ge slow wat haha
Must come later.. I normally bathe him in da afternoon mah..,ham,must come later normal bath da afternoon mah
"Trust me. Even if isn't there, its there.",ham,trust even isnt
Hey hun-onbus goin 2 meet him. He wants 2go out 4a meal but I donyt feel like it cuz have 2 get last bus home!But hes sweet latelyxxx,ham,hey hunonbu goin meet want go meal donyt feel like cuz get last bu homebut he sweet latelyxxx
85233 FREE>Ringtone!Reply REAL,spam,freeringtonerepli real
I can take you at like noon,ham,take like noon
Where is it. Is there any opening for mca.,ham,open mca
I'm aight. Wat's happening on your side.,ham,im aight wat happen side
I'm done oredi...,ham,im done oredi
"you are sweet as well, princess. Please tell me your likes and dislikes in bed...",ham,sweet well princess pleas tell like dislik bed
How are you. Wish you a great semester,ham,wish great semest
Moji i love you more than words. Have a rich day,ham,moji love word rich day
Dude how do you like the buff wind.,ham,dude like buff wind
"alright babe, justthought id sayhey! how u doin?nearly the endof me wk offdam nevamind!We will have 2Hook up sn if uwant m8? loveJen x.",ham,alright babe justthought id sayhey u doinnearli endof wk offdam nevamindw hook sn uwant lovejen x
Well done ENGLAND! Get the official poly ringtone or colour flag on yer mobile! text TONE or FLAG to 84199 NOW! Opt-out txt ENG STOP. Box39822 W111WX £1.50,spam,well done england get offici poli rington colour flag yer mobil text tone flag optout txt eng stop box wwx £
"No i'm not. I can't give you everything you want and need. You actually could do better for yourself on yor own--you've got more money than i do. I can't get work, i can't get a man, i can't pay the rent, i can't even fill my fucking gas tank. yes, i'm stressed and depressed. I didn't even call home for thanksgiving cuz i'll have to tell them i,m up to nothing.",ham,im cant give everyth want need actual could better yor ownyouv got money cant get work cant get man cant pay rent cant even fill fuck ga tank ye im stress depress didnt even call home thanksgiv cuz ill tell im noth
S:-)kallis wont play in first two odi:-),ham,skalli wont play first two odi
Then get some cash together and I'll text jason,ham,get cash togeth ill text jason
"Oh, my love, it's soooo good to hear from you. Omg I missed you so much today. I'm sorry your having problems with the provider but thank you for tming me",ham,oh love soooo good hear omg miss much today im sorri problem provid thank tming
"Final Chance! Claim ur £150 worth of discount vouchers today! Text YES to 85023 now! SavaMob, member offers mobile! T Cs SavaMob POBOX84, M263UZ. £3.00 Subs 16",spam,final chanc claim ur £ worth discount voucher today text ye savamob member offer mobil cs savamob pobox muz £ sub
PRIVATE! Your 2004 Account Statement for 07742676969 shows 786 unredeemed Bonus Points. To claim call 08719180248 Identifier Code: 45239 Expires,spam,privat account statement show unredeem bonu point claim call identifi code expir
"Probably, want to pick up more?",ham,probabl want pick
I'm done...,ham,im done
Are you the cutest girl in the world or what,ham,cutest girl world
"No dice, art class 6 thru 9 :( thanks though. Any idea what time I should come tomorrow?",ham,dice art class thru thank though idea time come tomorrow
"SMS SERVICES. for your inclusive text credits, pls goto www.comuk.net login= ***** unsubscribe with STOP. no extra charge. help:08700469649. PO BOX420. IP4 5WE",spam,sm servic inclus text credit pl goto wwwcomuknet login unsubscrib stop extra charg help po box ip
Oh Howda gud gud.. Mathe en samachara chikku:-),ham,oh howda gud gud math en samachara chikku
I thk 530 lor. But dunno can get tickets a not. Wat u doing now?,ham,thk lor dunno get ticket wat u
Audrie lousy autocorrect,ham,audri lousi autocorrect
Its a site to simulate the test. It just gives you very tough questions to test your readiness.,ham,site simul test give tough question test readi
Anyway seriously hit me up when you're back because otherwise I have to light up with armand and he always has shit and/or is vomiting,ham,anyway serious hit your back otherwis light armand alway shit andor vomit
I fetch yun or u fetch?,ham,fetch yun u fetch
Thank you. I like you as well...,ham,thank like well
"Hmmm ... And imagine after you've come home from that having to rub my feet, make me dinner and help me get ready for my date ! Are you sure your ready for that kind of life ?",ham,hmmm imagin youv come home rub feet make dinner help get readi date sure readi kind life
"FREE2DAY sexy St George's Day pic of Jordan!Txt PIC to 89080 dont miss out, then every wk a saucy celeb!4 more pics c PocketBabe.co.uk 0870241182716 £3/wk",spam,freeday sexi st georg day pic jordantxt pic dont miss everi wk sauci celeb pic c pocketbabecouk £wk
Lara said she can loan me  &lt;#&gt; .,ham,lara said loan ltgt
Do we have any spare power supplies,ham,spare power suppli
Yar he quite clever but aft many guesses lor. He got ask me 2 bring but i thk darren not so willing 2 go. Aiya they thk leona still not attach wat.,ham,yar quit clever aft mani guess lor got ask bring thk darren will go aiya thk leona still attach wat
You are a winner you have been specially selected to receive £1000 cash or a £2000 award. Speak to a live operator to claim call 087123002209am-7pm. Cost 10p,spam,winner special select receiv £ cash £ award speak live oper claim call ampm cost p
"Yeah, don't go to bed, I'll be back before midnight",ham,yeah dont go bed ill back midnight
"Sunshine Hols. To claim ur med holiday send a stamped self address envelope to Drinks on Us UK, PO Box 113, Bray, Wicklow, Eire. Quiz Starts Saturday! Unsub Stop",spam,sunshin hol claim ur med holiday send stamp self address envelop drink us uk po box bray wicklow eir quiz start saturday unsub stop
Well I wasn't available as I washob nobbing with last night so they had to ask Nickey Platt instead of me!;,ham,well wasnt avail washob nob last night ask nickey platt instead
"It's that time of the week again, ryan",ham,time week ryan
Wish u many many returns of the day.. Happy birthday vikky..,ham,wish u mani mani return day happi birthday vikki
"U can WIN £100 of Music Gift Vouchers every week starting NOW Txt the word DRAW to 87066 TsCs www.Idew.com SkillGame, 1Winaweek, age16. 150ppermessSubscription",spam,u win £ music gift voucher everi week start txt word draw tsc wwwidewcom skillgam winaweek age ppermesssubscript
I hope you know I'm still mad at you.,ham,hope know im still mad
"Argh my 3g is spotty, anyway the only thing I remember from the research we did was that province and sterling were the only problem-free places we looked at",ham,argh g spotti anyway thing rememb research provinc sterl problemfre place look
In xam hall boy asked girl Tell me the starting term for dis answer I can den manage on my own After lot of hesitation n lookin around silently she said THE! intha ponnungale ipaditan;),ham,xam hall boy ask girl tell start term di answer den manag lot hesit n lookin around silent said intha ponnungal ipaditan
Do you know when the result.,ham,know result
+123 Congratulations - in this week's competition draw u have won the £1450 prize to claim just call 09050002311 b4280703. T&Cs/stop SMS 08718727868. Over 18 only 150ppm,spam,congratul week competit draw u £ prize claim call b tcsstop sm ppm
"Beautiful Truth against Gravity.. Read carefully: ""Our heart feels light when someone is in it.. But it feels very heavy when someone leaves it.."" GOOD NIGHT",ham,beauti truth graviti read care heart feel light someon feel heavi someon leav good night
"Sorry im getting up now, feel really bad- totally rejected that kinda me thing.",ham,sorri im get feel realli bad total reject kinda thing
You do got a shitload of diamonds though,ham,got shitload diamond though
Tessy..pls do me a favor. Pls convey my birthday wishes to Nimya..pls dnt forget it. Today is her birthday Shijas,ham,tessypl favor pl convey birthday wish nimyapl dnt forget today birthday shija
Well I'm going to be an aunty!,ham,well im go aunti
Mine here like all fr china then so noisy.,ham,mine like fr china noisi
Later i guess. I needa do mcat study too.,ham,later guess needa mcat studi
S...from the training manual it show there is no tech process:)its all about password reset and troubleshooting:),ham,sfrom train manual show tech processit password reset troubleshoot
Your B4U voucher w/c 27/03 is MARSMS. Log onto www.B4Utele.com for discount credit. To opt out reply stop. Customer care call 08717168528,spam,bu voucher wc marsm log onto wwwbutelecom discount credit opt repli stop custom care call
"Spoke with uncle john today. He strongly feels that you need to sacrifice to keep me here. He's going to call you. When he does, i beg you to just listen. Dont make any promises or make it clear things are not easy. And i need you to please let us work things out. As long as i keep expecting help, my creativity will be stifled so pls just keep him happy, no promises on your part.",ham,spoke uncl john today strongli feel need sacrific keep he go call beg listen dont make promis make clear thing easi need pleas let us work thing long keep expect help creativ stifl pl keep happi promis part
If he started searching he will get job in few days.he have great potential and talent.,ham,start search get job daysh great potenti talent
"Carlos took a while (again), we leave in a minute",ham,carlo took leav minut
Well done and ! luv ya all ,ham,well done luv ya
Then why you came to hostel.,ham,came hostel
K still are you loving me.,ham,k still love
But i juz remembered i gotta bathe my dog today..,ham,juz rememb gotta bath dog today
After the drug she will be able to eat.,ham,drug abl eat
Alright took the morphine. Back in yo.,ham,alright took morphin back yo
You see the requirements please,ham,see requir pleas
You stayin out of trouble stranger!!saw Dave the other day hes sorted now!still with me bloke when u gona get a girl MR!ur mum still Thinks we will get 2GETHA! ,ham,stayin troubl strangersaw dave day he sort nowstil bloke u gona get girl mrur mum still think get getha
FreeMsg: Hey - I'm Buffy. 25 and love to satisfy men. Home alone feeling randy. Reply 2 C my PIX! QlynnBV Help08700621170150p a msg Send stop to stop txts,spam,freemsg hey im buffi love satisfi men home alon feel randi repli c pix qlynnbv helpp msg send stop stop txt
"Sunshine Hols. To claim ur med holiday send a stamped self address envelope to Drinks on Us UK, PO Box 113, Bray, Wicklow, Eire. Quiz Starts Saturday! Unsub Stop",spam,sunshin hol claim ur med holiday send stamp self address envelop drink us uk po box bray wicklow eir quiz start saturday unsub stop
So can collect ur laptop?,ham,collect ur laptop
"Ok. Can be later showing around 8-8:30 if you want + cld have drink before. Wld prefer not to spend money on nosh if you don't mind, as doing that nxt wk.",ham,ok later show around want cld drink wld prefer spend money nosh dont mind nxt wk
I will once i get home,ham,get home
Waaaat?? Lololo ok next time then!,ham,waaaat lololo ok next time
"The table's occupied, I'm waiting by the tree",ham,tabl occupi im wait tree
I surely dont forgot to come:)i will always be in touch in with you:-),ham,sure dont forgot comei alway touch
Hi kindly give us back our documents which we submitted for loan from STAPATI,ham,hi kindli give us back document submit loan stapati
I dont have i shall buy one dear,ham,dont shall buy one dear
Oh god i am happy to see your message after 3 days,ham,oh god happi see messag day
What year. And how many miles.,ham,year mani mile
Hey cutie. How goes it? Here in WALES its kinda ok. There is like hills and shit but i still avent killed myself. ,ham,hey cuti goe wale kinda ok like hill shit still avent kill
"Sad story of a Man - Last week was my b'day. My Wife did'nt wish me. My Parents forgot n so did my Kids . I went to work. Even my Colleagues did not wish. As I entered my cabin my PA said, '' Happy B'day Boss !!''. I felt special. She askd me 4 lunch. After lunch she invited me to her apartment. We went there. She said,'' do u mind if I go into the bedroom for a minute ? '' ''OK'', I sed in a sexy mood. She came out 5 minuts latr wid a cake...n My Wife, My Parents, My Kidz, My Friends n My Colleagues. All screaming.. SURPRISE !! and I was waiting on the sofa.. ... ..... ' NAKED...!",ham,sad stori man last week bday wife didnt wish parent forgot n kid went work even colleagu wish enter cabin pa said happi bday boss felt special askd lunch lunch invit apart went said u mind go bedroom minut ok sed sexi mood came minut latr wid caken wife parent kidz friend n colleagu scream surpris wait sofa nake
I think you should go the honesty road. Call the bank tomorrow. Its the tough decisions that make us great people.,ham,think go honesti road call bank tomorrow tough decis make us great peopl
FREE for 1st week! No1 Nokia tone 4 ur mob every week just txt NOKIA to 87077 Get txting and tell ur mates. zed POBox 36504 W45WQ norm150p/tone 16+,spam,free st week nokia tone ur mob everi week txt nokia get txting tell ur mate zed pobox wwq normpton
No. Its not specialisation. Can work but its slave labor. Will look for it this month sha cos no shakara 4 beggar.,ham,specialis work slave labor look month sha co shakara beggar
Is she replying. Has boye changed his phone number,ham,repli boy chang phone number
"1) Go to write msg 2) Put on Dictionary mode 3)Cover the screen with hand, 4)Press  &lt;#&gt; . 5)Gently remove Ur hand.. Its interesting..:)",ham,go write msg put dictionari mode cover screen hand press ltgt gentli remov ur hand interest
hi my darlin im on my way to London and we have just been smashed into by another driver! and have a big dent! im really missing u what have u been up to? xxx,ham,hi darlin im way london smash anoth driver big dent im realli miss u u xxx
"Nothing really, just making sure everybody's up to speed",ham,noth realli make sure everybodi speed
I'm not coming home 4 dinner.,ham,im come home dinner
"Thank you. And by the way, I just lost.",ham,thank way lost
Yes.he have good crickiting mind,ham,yesh good crickit mind
Thx. All will be well in a few months,ham,thx well month
"Shop till u Drop, IS IT YOU, either 10K, 5K, £500 Cash or £100 Travel voucher, Call now, 09064011000. NTT PO Box CR01327BT fixedline Cost 150ppm mobile vary",spam,shop till u drop either k k £ cash £ travel voucher call ntt po box crbt fixedlin cost ppm mobil vari
"CAN I PLEASE COME UP NOW IMIN TOWN.DONTMATTER IF URGOIN OUTL8R,JUST REALLYNEED 2DOCD.PLEASE DONTPLEASE DONTIGNORE MYCALLS,U NO THECD ISV.IMPORTANT TOME 4 2MORO",ham,pleas come imin towndontmatt urgoin outlrjust reallyne docdpleas dontpleas dontignor mycallsu thecd isvimport tome moro
I wont. So wat's wit the guys,ham,wont wat wit guy
Yavnt tried yet and never played original either,ham,yavnt tri yet never play origin either
"Hiya, had a good day? Have you spoken to since the weekend?",ham,hiya good day spoken sinc weekend
See? I thought it all through,ham,see thought
I'm at work. Please call,ham,im work pleas call
get ready to moan and scream :),ham,get readi moan scream
Oh k :)why you got job then whats up?,ham,oh k got job what
"I don,t think so. You don't need to be going out that late on a school night. ESPECIALLY when the one class you have is the one you missed last wednesday and probably failed a test in on friday",ham,dont think dont need go late school night especi one class one miss last wednesday probabl fail test friday
And popping &lt;#&gt; ibuprofens was no help.,ham,pop ltgt ibuprofen help
"Babe ! How goes that day ? What are you doing ? Where are you ? I sip my cappuccino and think of you, my love ... I send a kiss to you from across the sea",ham,babe goe day sip cappuccino think love send kiss across sea
Ok.,ham,ok
PS U no ur a grown up now right?,ham,ps u ur grown right
"Chinatown got porridge, claypot rice, yam cake, fishhead beehoon... Either we eat cheap den go cafe n tok or go nydc or somethin...",ham,chinatown got porridg claypot rice yam cake fishhead beehoon either eat cheap den go cafe n tok go nydc somethin
I know a few people I can hit up and fuck to the yes,ham,know peopl hit fuck ye
Purity of friendship between two is not about smiling after reading the forwarded message..Its about smiling just by seeing the name. Gud evng,ham,puriti friendship two smile read forward messageit smile see name gud evng
So is there anything specific I should be doing with regards to jaklin or what because idk what the fuck,ham,anyth specif regard jaklin idk fuck
Oh god. I'm gonna Google nearby cliffs now.,ham,oh god im gonna googl nearbi cliff
FREE camera phones with linerental from 4.49/month with 750 cross ntwk mins. 1/2 price txt bundle deals also avble. Call 08001950382 or call2optout/J MF,spam,free camera phone linerent month cross ntwk min price txt bundl deal also avbl call calloptoutj mf
Yup i shd haf ard 10 pages if i add figures... Ü all got how many pages?,ham,yup shd haf ard page add figur ü got mani page
"Ooh, 4got, i'm gonna start belly dancing in moseley weds 6.30 if u want 2 join me, they have a cafe too. ",ham,ooh got im gonna start belli danc moseley wed u want join cafe
Thankyou so much for the call. I appreciate your care.,ham,thankyou much call appreci care
Congrats ! Treat pending.i am not on mail for 2 days.will mail once thru.Respect mother at home.check mails.,ham,congrat treat pendingi mail dayswil mail thrurespect mother homecheck mail
I called but no one pick up e phone. I ask both of them already they said ok.,ham,call one pick e phone ask alreadi said ok
Hi my email address has changed now it is ,ham,hi email address chang
"V-aluable. A-ffectionate. L-oveable. E-ternal. N-oble. T-ruthful. I-ntimate. N-atural. E-namous. Happy ""VALENTINES DAY"" in advance",ham,valuabl affection loveabl etern nobl truth intim natur enam happi valentin day advanc
"Not much, just some textin'. How bout you?",ham,much textin bout
Bring it if you got it,ham,bring got
I'm in a movie. Call me 4 wat?,ham,im movi call wat
Not sure I have the stomach for it ...,ham,sure stomach
Haha... can... But i'm having dinner with my cousin...,ham,haha im dinner cousin
"A boy was late 2 home. His father: ""POWER OF FRNDSHIP""",ham,boy late home father power frndship
"(And my man carlos is definitely coming by mu tonight, no excuses)",ham,man carlo definit come mu tonight excus
soon you will have the real thing princess! Do i make you wet? :),ham,soon real thing princess make wet
Raji..pls do me a favour. Pls convey my Birthday wishes to Nimya. Pls. Today is her birthday.,ham,rajipl favour pl convey birthday wish nimya pl today birthday
"Haha, my legs and neck are killing me and my amigos are hoping to end the night with a burn, think I could swing by in like an hour?",ham,haha leg neck kill amigo hope end night burn think could swing like hour
"URGENT! Your mobile No 07xxxxxxxxx won a £2,000 bonus caller prize on 02/06/03! this is the 2nd attempt to reach YOU! call 09066362231 ASAP! BOX97N7QP, 150PPM",spam,urgent mobil xxxxxxxxx £ bonu caller prize nd attempt reach call asap boxnqp ppm
Usually the body takes care of it buy making sure it doesnt progress. Can we pls continue this talk on saturday.,ham,usual bodi take care buy make sure doesnt progress pl continu talk saturday
"URGENT!! Your 4* Costa Del Sol Holiday or £5000 await collection. Call 09050090044 Now toClaim. SAE, TC s, POBox334, Stockport, SK38xh, Cost£1.50/pm, Max10mins",spam,urgent costa del sol holiday £ await collect call toclaim sae tc pobox stockport skxh cost£pm maxmin
"Hmm well, night night ",ham,hmm well night night
Just wanted to say holy shit you guys weren't kidding about this bud,ham,want say holi shit guy werent kid bud
"Just gettin a bit arty with my collages at the mo, well tryin 2 ne way! Got a roast in a min lovely i shall enjoy that!",ham,gettin bit arti collag mo well tryin ne way got roast min love shall enjoy
"This is one of the days you have a billion classes, right?",ham,one day billion class right
"Goodmorning, today i am late for 2hrs. Because of back pain.",ham,goodmorn today late hr back pain
Ok then i'll let him noe later n ask him call u tmr...,ham,ok ill let noe later n ask call u tmr
Prabha..i'm soryda..realy..frm heart i'm sory,ham,prabhaim sorydarealyfrm heart im sori
OK i'm waliking ard now... Do u wan me 2 buy anything go ur house?,ham,ok im walik ard u wan buy anyth go ur hous
* Will have two more cartons off u and is very pleased with shelves,ham,two carton u pleas shelv
Nice talking to you! please dont forget my pix :) i want to see all of you...,ham,nice talk pleas dont forget pix want see
You have WON a guaranteed £1000 cash or a £2000 prize. To claim yr prize call our customer service representative on 08714712379 between 10am-7pm Cost 10p,spam,guarante £ cash £ prize claim yr prize call custom servic repres ampm cost p
But really quite funny lor wat... Then u shd haf run shorter distance wat...,ham,realli quit funni lor wat u shd haf run shorter distanc wat
I notice you like looking in the shit mirror youre turning into a right freak,ham,notic like look shit mirror your turn right freak
Great. I was getting worried about you. Just know that a wonderful and caring person like you will have only the best in life. Know that u r wonderful and God's love is yours.,ham,great get worri know wonder care person like best life know u r wonder god love
"Thanks for your ringtone order, ref number K718. Your mobile will be charged £4.50. Should your tone not arrive please call customer services on 09065069120",spam,thank rington order ref number k mobil charg £ tone arriv pleas call custom servic
"I prefer my free days... Tues, wed, fri oso can... Ü ask those workin lor...",ham,prefer free day tue wed fri oso ü ask workin lor
Alrite jod hows the revision goin? Keris bin doin a smidgin. N e way u wanna cum over after college?xx,ham,alrit jod how revis goin keri bin doin smidgin n e way u wanna cum collegexx
If you have belive me. Come to my home.,ham,beliv come home
Oh k.k..where did you take test?,ham,oh kkwhere take test
Those were my exact intentions,ham,exact intent
haha but no money leh... Later got to go for tuition... Haha and looking for empty slots for driving lessons,ham,haha money leh later got go tuition haha look empti slot drive lesson
"Hey... Thk we juz go accordin to wat we discussed yest lor, except no kb on sun... Cos there's nt much lesson to go if we attend kb on sat...",ham,hey thk juz go accordin wat discuss yest lor except kb sun co there nt much lesson go attend kb sat
"K, wen ur free come to my home and also tel vikky i hav sent mail to him also.. Better come evening il be free today aftr 6pm..:-)",ham,k wen ur free come home also tel vikki hav sent mail also better come even il free today aftr pm
Nothing just getting msgs by dis name wit different no's..,ham,noth get msg di name wit differ no
Good Morning plz call me sir,ham,good morn plz call sir
What's your room number again? Wanna make sure I'm knocking on the right door,ham,what room number wanna make sure im knock right door
"Si.como no?!listened2the plaid album-quite gd&the new air1 which is hilarious-also boughtbraindancea comp.ofstuff on aphexs ;abel,u hav2hear it!c u sn xxxx",ham,sicomo nolistenedth plaid albumquit gdthe new air hilariousalso boughtbraindancea compofstuff aphex abelu havhear itc u sn xxxx
Pls tell nelson that the bb's are no longer comin. The money i was expecting aint coming,ham,pl tell nelson bb longer comin money expect aint come
"Give her something to drink, if she takes it and doesn't vomit then you her temp might drop. If she unmits however let me know.",ham,give someth drink take doesnt vomit temp might drop unmit howev let know
Think you sent the text to the home phone. That cant display texts. If you still want to send it his number is,ham,think sent text home phone cant display text still want send number
Every day i use to sleep after  &lt;#&gt;  so only.,ham,everi day use sleep ltgt
K I'll call you when I'm close,ham,k ill call im close
U buy newspapers already?,ham,u buy newspap alreadi
Nope wif my sis lor... Aft bathing my dog then i can bathe... Looks like it's going 2 rain soon.,ham,nope wif si lor aft bath dog bath look like go rain soon
Boo I'm on my way to my moms. She's making tortilla soup. Yummmm,ham,boo im way mom she make tortilla soup yummmm
No management puzzeles.,ham,manag puzzel
How did you find out in a way that didn't include all of these details,ham,find way didnt includ detail
"Hi ya babe x u 4goten bout me?' scammers getting smart..Though this is a regular vodafone no, if you respond you get further prem rate msg/subscription. Other nos used also. Beware!",spam,hi ya babe x u goten bout scammer get smartthough regular vodafon respond get prem rate msgsubscript no use also bewar
Back 2 work 2morro half term over! Can U C me 2nite 4 some sexy passion B4 I have 2 go back? Chat NOW 09099726481 Luv DENA Calls £1/minMobsmoreLKPOBOX177HP51FL,spam,back work morro half term u c nite sexi passion b go back chat luv dena call £minmobsmorelkpoboxhpfl
will you like to be spoiled? :),ham,like spoil
"Thanks for your ringtone order, ref number R836. Your mobile will be charged £4.50. Should your tone not arrive please call customer services on 09065069154",spam,thank rington order ref number r mobil charg £ tone arriv pleas call custom servic
I am getting threats from your sales executive Shifad as i raised complaint against him. Its an official message.,ham,get threat sale execut shifad rais complaint offici messag
hope things went well at 'doctors' ;) reminds me i still need 2go.did u c d little thing i left in the lounge?,ham,hope thing went well doctor remind still need godid u c littl thing left loung
Den wat will e schedule b lk on sun?,ham,den wat e schedul b lk sun
Lol enjoy role playing much?,ham,lol enjoy role play much
Ok. Me watching tv too.,ham,ok watch tv
"I just lov this line: ""Hurt me with the truth, I don't mind,i wil tolerat.bcs ur my someone..... But, Never comfort me with a lie"" gud ni8 and sweet dreams",ham,lov line hurt truth dont mindi wil toleratbc ur someon never comfort lie gud ni sweet dream
"Just checked out, heading out to drop off my stuff now",ham,check head drop stuff
Here got lots of hair dresser fr china.,ham,got lot hair dresser fr china
Sad story of a Man - Last week was my b'day. My Wife did'nt wish me. My Parents forgot n so did my Kids . I went to work. Even my Colleagues did not wish.,ham,sad stori man last week bday wife didnt wish parent forgot n kid went work even colleagu wish
Ill call you evening ill some ideas.,ham,ill call even ill idea
SplashMobile: Choose from 1000s of gr8 tones each wk! This is a subscrition service with weekly tones costing 300p. U have one credit - kick back and ENJOY,spam,splashmobil choos gr tone wk subscrit servic weekli tone cost p u one credit kick back enjoy
Did you show him and wot did he say or could u not c him 4 dust?,ham,show wot say could u c dust
It should take about  &lt;#&gt;  min,ham,take ltgt min
Not heard from U4 a while. Call 4 rude chat private line 01223585334 to cum. Wan 2C pics of me gettin shagged then text PIX to 8552. 2End send STOP 8552 SAM xxx,spam,heard u call rude chat privat line cum wan c pic gettin shag text pix end send stop sam xxx
Ok . . now i am in bus. . If i come soon i will come otherwise tomorrow,ham,ok bu come soon come otherwis tomorrow
I cant pick the phone right now. Pls send a message,ham,cant pick phone right pl send messag
<Forwarded from 88877>FREE entry into our £250 weekly comp just send the word ENTER to 88877 NOW. 18 T&C www.textcomp.com,spam,forward free entri £ weekli comp send word enter tc wwwtextcompcom
Finish liao... U?,ham,finish liao u
88066 FROM 88066 LOST 3POUND HELP,spam,lost pound help
Haha i think i did too,ham,haha think
U know we watchin at lido?,ham,u know watchin lido
Life spend with someone for a lifetime may be meaningless but a few moments spent with someone who really love you means more than life itself..,ham,life spend someon lifetim may meaningless moment spent someon realli love mean life
"Haha awesome, I've been to 4u a couple times. Who all's coming?",ham,haha awesom ive u coupl time all come
Cold. Dont be sad dear,ham,cold dont sad dear
Think I could stop by in like an hour or so? My roommate's looking to stock up for a trip,ham,think could stop like hour roommat look stock trip
Is that on the telly? No its Brdget Jones!,ham,telli brdget jone
Love you aathi..love u lot..,ham,love aathilov u lot
Hello! How r u? Im bored. Inever thought id get bored with the tv but I am. Tell me something exciting has happened there? Anything! =/,ham,hello r u im bore inev thought id get bore tv tell someth excit happen anyth
Hmm...Bad news...Hype park plaza $700 studio taken...Only left 2 bedrm-$900...,ham,hmmbad newshyp park plaza studio takenonli left bedrm
"Sorry, I'll call later in meeting",ham,sorri ill call later meet
R ü comin back for dinner?,ham,r ü comin back dinner
"I hav almost reached. Call, i m unable to connect u.",ham,hav almost reach call unabl connect u
Whom you waited for yesterday,ham,wait yesterday
I reach home safe n sound liao...,ham,reach home safe n sound liao
"Velly good, yes please!",ham,velli good ye pleas
"Hi, wkend ok but journey terrible. Wk not good as have huge back log of marking to do",ham,hi wkend ok journey terribl wk good huge back log mark
I have had two more letters from . I will copy them for you cos one has a message for you. Speak soon,ham,two letter copi co one messag speak soon
Alex knows a guy who sells mids but he's down in south tampa and I don't think I could set it up before like 8,ham,alex know guy sell mid he south tampa dont think could set like
Dont you have message offer,ham,dont messag offer
Had your mobile 11mths ? Update for FREE to Oranges latest colour camera mobiles & unlimited weekend calls. Call Mobile Upd8 on freefone 08000839402 or 2StopTx,spam,mobil mth updat free orang latest colour camera mobil unlimit weekend call call mobil upd freefon stoptx
"HEY THERE BABE, HOW U DOIN? WOT U UP 2 2NITE LOVE ANNIE X.",ham,hey babe u doin wot u nite love anni x
Remind me how to get there and I shall do so,ham,remind get shall
:-( that's not v romantic!,ham,that v romant
Hello. Damn this christmas thing. I think i have decided to keep this mp3 that doesnt work.,ham,hello damn christma thing think decid keep mp doesnt work
You have 1 new message. Please call 08718738034.,spam,new messag pleas call
HI DARLIN IM MISSIN U HOPE YOU ARE HAVING A GOOD TIME. WHEN ARE U BACK AND WHAT TIME IF U CAN GIVE ME A CALL AT HOME. JESS XX,ham,hi darlin im missin u hope good time u back time u give call home jess xx
<Forwarded from 21870000>Hi - this is your Mailbox Messaging SMS alert. You have 4 messages. You have 21 matches. Please call back on 09056242159 to retrieve your messages and matches,spam,forward hi mailbox messag sm alert messag match pleas call back retriev messag match
Draw va?i dont think so:),ham,draw vai dont think
Dont pick up d call when something important is There to tell. Hrishi,ham,dont pick call someth import tell hrishi
"Congrats! 1 year special cinema pass for 2 is yours. call 09061209465 now! C Suprman V, Matrix3, StarWars3, etc all 4 FREE! bx420-ip4-5we. 150pm. Dont miss out!",spam,congrat year special cinema pass call c suprman v matrix starwar etc free bxipw pm dont miss
Nothin comes to my mind. Ü help me buy hanger lor. Ur laptop not heavy?,ham,nothin come mind ü help buy hanger lor ur laptop heavi
"&lt;#&gt; , that's all? Guess that's easy enough",ham,ltgt that guess that easi enough
We can make a baby in yo tho,ham,make babi yo tho
Should I tell my friend not to come round til like  &lt;#&gt; ish?,ham,tell friend come round til like ltgt ish
Friendship poem: Dear O Dear U R Not Near But I Can Hear Dont Get Fear Live With Cheer No More Tear U R Always my Dear. Gud ni8,ham,friendship poem dear dear u r near hear dont get fear live cheer tear u r alway dear gud ni
Still in the area of the restaurant. Ill try to come back soon,ham,still area restaur ill tri come back soon
"Aight that'll work, thanks",ham,aight thatll work thank
WIN a year supply of CDs 4 a store of ur choice worth £500 & enter our £100 Weekly draw txt MUSIC to 87066 Ts&Cs www.Ldew.com.subs16+1win150ppmx3,spam,win year suppli cd store ur choic worth £ enter £ weekli draw txt music tsc wwwldewcomsubswinppmx
Moby Pub Quiz.Win a £100 High Street prize if u know who the new Duchess of Cornwall will be? Txt her first name to 82277.unsub STOP £1.50 008704050406 SP Arrow,spam,mobi pub quizwin £ high street prize u know new duchess cornwal txt first name unsub stop £ sp arrow
"I have 2 sleeping bags, 1 blanket and paper and  phone details. Anything else?",ham,sleep bag blanket paper phone detail anyth els
You have won a Nokia 7250i. This is what you get when you win our FREE auction. To take part send Nokia to 86021 now. HG/Suite342/2Lands Row/W1JHL 16+ ,spam,nokia get win free auction take part send nokia hgsuiteland rowwjhl
"Congratulations! Thanks to a good friend U have WON the £2,000 Xmas prize. 2 claim is easy, just call 08718726971 NOW! Only 10p per minute. BT-national-rate.",spam,congratul thank good friend u £ xma prize claim easi call p per minut btnationalr
"tddnewsletter@emc1.co.uk (More games from TheDailyDraw) Dear Helen, Dozens of Free Games - with great prizesWith..",spam,tddnewsletteremccouk game thedailydraw dear helen dozen free game great prizeswith
So what do you guys do.,ham,guy
Also that chat was awesome but don't make it regular unless you can see her in person,ham,also chat awesom dont make regular unless see person
That's significant but dont worry.,ham,that signific dont worri
That's cause your old. I live to be high.,ham,that caus old live high
"Waqt se pehle or naseeb se zyada kisi ko kuch nahi milta,Zindgi wo nahi he jo hum sochte hai Zindgi wo hai jo ham jeetey hai..........",ham,waqt se pehl naseeb se zyada kisi ko kuch nahi miltazindgi wo nahi jo hum socht hai zindgi wo hai jo ham jeetey hai
On the way to office da..,ham,way offic da
In which place do you want da.,ham,place want da
This pain couldn't have come at a worse time.,ham,pain couldnt come wors time
Ok...,ham,ok
Should I be stalking u?,ham,stalk u
Sorry dude. Dont know how i forgot. Even after Dan reminded me. Sorry. Hope you guys had fun.,ham,sorri dude dont know forgot even dan remind sorri hope guy fun
Ok lor.,ham,ok lor
Apps class varaya elaya.,ham,app class varaya elaya
The Xmas story is peace.. The Xmas msg is love.. The Xmas miracle is jesus.. Hav a blessed month ahead &amp; wish U Merry Xmas...,ham,xma stori peac xma msg love xma miracl jesu hav bless month ahead amp wish u merri xma
"URGENT! Your mobile number *************** WON a £2000 Bonus Caller prize on 10/06/03! This is the 2nd attempt to reach you! Call 09066368753 ASAP! Box 97N7QP, 150ppm",spam,urgent mobil number £ bonu caller prize nd attempt reach call asap box nqp ppm
That day you asked about anand number. Why:-),ham,day ask anand number
Am surfing online store. For offers do you want to buy any thing.,ham,surf onlin store offer want buy thing
Long beach lor. Expected... U having dinner now?,ham,long beach lor expect u dinner
At home by the way,ham,home way
We are both fine. Thanks,ham,fine thank
What happen to her tell the truth,ham,happen tell truth
Do you like Italian food?,ham,like italian food
Which is weird because I know I had it at one point,ham,weird know one point
Aww you must be nearly dead!Well Jez isComing over toDo some workAnd that whillTake forever!,ham,aww must nearli deadwel jez iscom todo workand whilltak forev
Tell your friends what you plan to do on Valentines day @ &lt;URL&gt;,ham,tell friend plan valentin day lturlgt
"Alright, see you in a bit",ham,alright see bit
Cheers for the message Zogtorius. Ive been staring at my phone for an age deciding whether to text or not.,ham,cheer messag zogtoriu iv stare phone age decid whether text
I will take care of financial problem.i will help:),ham,take care financi problemi help
Tell dear what happen to you. Why you talking to me like an alian,ham,tell dear happen talk like alian
Double your mins & txts on Orange or 1/2 price linerental - Motorola and SonyEricsson with B/Tooth FREE-Nokia FREE Call MobileUpd8 on 08000839402 or2optout/HV9D,spam,doubl min txt orang price linerent motorola sonyericsson btooth freenokia free call mobileupd oroptouthvd
"1) Go to write msg 2) Put on Dictionary mode 3)Cover the screen with hand, 4)Press  &lt;#&gt; . 5)Gently remove Ur hand.. Its interesting..:)",ham,go write msg put dictionari mode cover screen hand press ltgt gentli remov ur hand interest
Okie...,ham,oki
"Hi this is yijue, can i meet u at 11 tmr?",ham,hi yiju meet u tmr
Its posible dnt live in  &lt;#&gt; century cm frwd n thnk different,ham,posibl dnt live ltgt centuri cm frwd n thnk differ
But i dint slept in afternoon.,ham,dint slept afternoon
That seems unnecessarily affectionate,ham,seem unnecessarili affection
Yar else i'll thk of all sorts of funny things.,ham,yar els ill thk sort funni thing
You will be in the place of that man,ham,place man
"Download as many ringtones as u like no restrictions, 1000s 2 choose. U can even send 2 yr buddys. Txt Sir to 80082 £3 ",spam,download mani rington u like restrict choos u even send yr buddi txt sir £
Thats cool. How was your day?,ham,that cool day
Please CALL 08712402902 immediately as there is an urgent message waiting for you.,spam,pleas call immedi urgent messag wait
R we going with the  &lt;#&gt;  bus?,ham,r go ltgt bu
"Hello, my love ! How went your day ? Are you alright ? I think of you, my sweet and send a jolt to your heart to remind you ... I LOVE YOU! Can you hear it ? I screamed it across the sea for all the world to hear. Ahmad al Hallaq is loved ! and owned ! *possessive passionate kiss*",ham,hello love went day alright think sweet send jolt heart remind love hear scream across sea world hear ahmad al hallaq love own possess passion kiss
No..he joined today itself.,ham,nohe join today
Okay same with me. Well thanks for the clarification,ham,okay well thank clarif
I'll talk to the others and probably just come early tomorrow then,ham,ill talk other probabl come earli tomorrow
"Spook up your mob with a Halloween collection of a logo & pic message plus a free eerie tone, txt CARD SPOOK to 8007 zed 08701417012150p per logo/pic",spam,spook mob halloween collect logo pic messag plu free eeri tone txt card spook zed p per logop
"Had the money issue weigh me down but thanks to you, I can breathe easier now. I.ll make sure you dont regret it. Thanks.",ham,money issu weigh thank breath easier ill make sure dont regret thank
Hi. I'm sorry i missed your call. Can you pls call back.,ham,hi im sorri miss call pl call back
How are you doing? Hope you've settled in for the new school year. Just wishin you a gr8 day,ham,hope youv settl new school year wishin gr day
"Fantasy Football is back on your TV. Go to Sky Gamestar on Sky Active and play £250k Dream Team. Scoring starts on Saturday, so register now!SKY OPT OUT to 88088",spam,fantasi footbal back tv go sky gamestar sky activ play £k dream team score start saturday regist nowski opt
Ok then no need to tell me anything i am going to sleep good night,ham,ok need tell anyth go sleep good night
Ok try to do week end course in coimbatore.,ham,ok tri week end cours coimbator
Tone Club: Your subs has now expired 2 re-sub reply MONOC 4 monos or POLYC 4 polys 1 weekly @ 150p per week Txt STOP 2 stop This msg free Stream 0871212025016,spam,tone club sub expir resub repli monoc mono polyc poli weekli p per week txt stop stop msg free stream
V nice! Off 2 sheffield tom 2 air my opinions on categories 2 b used 2 measure ethnicity in next census. Busy transcribing. :-),ham,v nice sheffield tom air opinion categori b use measur ethnic next censu busi transcrib
If you r @ home then come down within 5 min,ham,r home come within min
"A Boy loved a gal. He propsd bt she didnt mind. He gv lv lttrs, Bt her frnds threw thm. Again d boy decided 2 aproach d gal , dt time a truck was speeding towards d gal. Wn it was about 2 hit d girl,d boy ran like hell n saved her. She asked 'hw cn u run so fast?' D boy replied ""Boost is d secret of my energy"" n instantly d girl shouted ""our energy"" n Thy lived happily 2gthr drinking boost evrydy Moral of d story:- I hv free msgs:D;): gud ni8",ham,boy love gal propsd bt didnt mind gv lv lttr bt frnd threw thm boy decid aproach gal dt time truck speed toward gal wn hit girld boy ran like hell n save ask hw cn u run fast boy repli boost secret energi n instantli girl shout energi n thi live happili gthr drink boost evrydi moral stori hv free msgsd gud ni
"That day ü say ü cut ur hair at paragon, is it called hair sense? Do ü noe how much is a hair cut? ",ham,day ü say ü cut ur hair paragon call hair sens ü noe much hair cut
"Hmm, too many of them unfortunately... Pics obviously arent hot cakes. Its kinda fun tho",ham,hmm mani unfortun pic obvious arent hot cake kinda fun tho
Watching tv lor... Y she so funny we bluff her 4 wat. Izzit because she thk it's impossible between us?,ham,watch tv lor funni bluff wat izzit thk imposs us
XMAS Prize draws! We are trying to contact U. Todays draw shows that you have won a £2000 prize GUARANTEED. Call 09058094565 from land line. Valid 12hrs only,spam,xma prize draw tri contact u today draw show £ prize guarante call land line valid hr
Dunno lei he neva say...,ham,dunno lei neva say
Thanx 4 2day! U r a goodmate I THINK UR RITE SARY! ASUSUAL!1 U CHEERED ME UP! LOVE U FRANYxxxxx,ham,thanx day u r goodmat think ur rite sari asusu u cheer love u franyxxxxx
I'm on my way home. Went to change batt 4 my watch then go shop a bit lor.,ham,im way home went chang batt watch go shop bit lor
YES! The only place in town to meet exciting adult singles is now in the UK. Txt CHAT to 86688 now! 150p/Msg.,spam,ye place town meet excit adult singl uk txt chat pmsg
"Hi, Mobile no.  &lt;#&gt;  has added you in their contact list on www.fullonsms.com It s a great place to send free sms to people For more visit fullonsms.com",ham,hi mobil ltgt ad contact list wwwfullonsmscom great place send free sm peopl visit fullonsmscom
"Good evening Sir, hope you are having a nice day. I wanted to bring it to your notice that I have been late in paying rent for the past few months and have had to pay a $ &lt;#&gt;  charge. I felt it would be inconsiderate of me to nag about something you give at great cost to yourself and that's why i didnt speak up. I however am in a recession and wont be able to pay the charge this month hence my askin well ahead of month's end. Can you please help. Thank you for everything.",ham,good even sir hope nice day want bring notic late pay rent past month pay ltgt charg felt would inconsider nag someth give great cost that didnt speak howev recess wont abl pay charg month henc askin well ahead month end pleas help thank everyth
"If i let you do this, i want you in the house by 8am.",ham,let want hous
"Best line said in Love: . ""I will wait till the day I can forget u Or The day u realize that u cannot forget me.""... Gn",ham,best line said love wait till day forget u day u realiz u cannot forget gn
I will reach before ten morning,ham,reach ten morn
Your pussy is perfect!,ham,pussi perfect
"Sorry, I'll call later",ham,sorri ill call later
"Someone has contacted our dating service and entered your phone becausethey fancy you! To find out who it is call from a landline 09058098002. PoBox1, W14RG 150p",spam,someon contact date servic enter phone becausethey fanci find call landlin pobox wrg p
No message..no responce..what happend?,ham,messageno responcewhat happend
Also where's the piece,ham,also where piec
"wiskey Brandy Rum Gin Beer Vodka Scotch Shampain Wine ""KUDI""yarasu dhina vaazhthukkal. ..",ham,wiskey brandi rum gin beer vodka scotch shampain wine kudiyarasu dhina vaazhthukk
Boo. How's things? I'm back at home and a little bored already :-(,ham,boo how thing im back home littl bore alreadi
First has she gained more than  &lt;#&gt; kg since she took in. Second has she done the blood sugar tests. If she has and its ok and her blood pressure is within normal limits then no worries,ham,first gain ltgt kg sinc took second done blood sugar test ok blood pressur within normal limit worri
PICK UR FONE UP NOW U DUMB?,ham,pick ur fone u dumb
"Thanks da thangam, i feel very very happy dear. I also miss you da.",ham,thank da thangam feel happi dear also miss da
"Okey doke. I'm at home, but not dressed cos laying around ill! Speak to you later bout times and stuff. ",ham,okey doke im home dress co lay around ill speak later bout time stuff
I don't run away frm u... I walk slowly &amp; it kills me that u don't care enough to stop me...,ham,dont run away frm u walk slowli amp kill u dont care enough stop
"Babe, I'm back ... Come back to me ...",ham,babe im back come back
Well you told others you'd marry them...,ham,well told other youd marri
Neshanth..tel me who r u?,ham,neshanthtel r u
YO YO YO BYATCH WHASSUP?,ham,yo yo yo byatch whassup
Oh... Kay... On sat right?,ham,oh kay sat right
Hi! This is Roger from CL. How are you?,ham,hi roger cl
Babe: U want me dont u baby! Im nasty and have a thing 4 filthyguys. Fancy a rude time with a sexy bitch. How about we go slo n hard! Txt XXX SLO(4msgs),spam,babe u want dont u babi im nasti thing filthyguy fanci rude time sexi bitch go slo n hard txt xxx slomsg
Oh oh... Wasted... Den muz chiong on sat n sun liao...,ham,oh oh wast den muz chiong sat n sun liao
Jesus christ bitch I'm trying to give you drugs answer your fucking phone,ham,jesu christ bitch im tri give drug answer fuck phone
Please give it 2  or i will pick it up on Tuesday evening about 8 if that is ok.,ham,pleas give pick tuesday even ok
I'm meeting Darren...,ham,im meet darren
"One of best dialogue in cute reltnship..!! ""Wen i Die, Dont Come Near My Body..!! Bcoz My Hands May Not Come 2 Wipe Ur Tears Off That Time..!Gud ni8",ham,one best dialogu cute reltnship wen die dont come near bodi bcoz hand may come wipe ur tear timegud ni
"Solve d Case : A Man Was Found Murdered On  &lt;DECIMAL&gt; . &lt;#&gt;  AfterNoon. 1,His wife called Police. 2,Police questioned everyone. 3,Wife: Sir,I was sleeping, when the murder took place. 4.Cook: I was cooking. 5.Gardener: I was picking vegetables. 6.House-Maid: I went 2 d post office. 7.Children: We went 2 play. 8.Neighbour: We went 2 a marriage. Police arrested d murderer Immediately. Who's It? Reply With Reason, If U r Brilliant.",ham,solv case man found murder ltdecimalgt ltgt afternoon wife call polic polic question everyon wife siri sleep murder took place cook cook garden pick veget housemaid went post offic children went play neighbour went marriag polic arrest murder immedi who repli reason u r brilliant
Dear where you will be when i reach there,ham,dear reach
Aww that's the first time u said u missed me without asking if I missed u first. You DO love me! :),ham,aww that first time u said u miss without ask miss u first love
Ok... Thanx... Gd nite 2 ü too...,ham,ok thanx gd nite ü
"Come to me right now, Ahmad",ham,come right ahmad
I don't know u and u don't know me. Send CHAT to 86688 now and let's find each other! Only 150p/Msg rcvd. HG/Suite342/2Lands/Row/W1J6HL LDN. 18 years or over.,spam,dont know u u dont know send chat let find pmsg rcvd hgsuitelandsrowwjhl ldn year
Lol please do. Actually send a pic of yourself right now. I wanna see. Pose with a comb and hair dryer or something.,ham,lol pleas actual send pic right wanna see pose comb hair dryer someth
O was not into fps then.,ham,fp
Huh means computational science... Y they like dat one push here n there...,ham,huh mean comput scienc like dat one push n
"Could you not read me, my Love ? I answered you",ham,could read love answer
Oh... Lk tt den we take e one tt ends at cine lor... Dun wan yogasana oso can... ,ham,oh lk tt den take e one tt end cine lor dun wan yogasana oso
"Madam,regret disturbance.might receive a reference check from DLF Premarica.kindly be informed.Rgds,Rakhesh,Kerala.",ham,madamregret disturbancemight receiv refer check dlf premaricakindli informedrgdsrakheshkerala
SMS SERVICES For your inclusive text credits pls gotto www.comuk.net login 3qxj9 unsubscribe with STOP no extra charge help 08702840625 comuk.220cm2 9AE,spam,sm servic inclus text credit pl gotto wwwcomuknet login qxj unsubscrib stop extra charg help comukcm ae
Oic... Then better quickly go bathe n settle down...,ham,oic better quickli go bath n settl
Err... Cud do. I'm going to  at 8pm. I haven't got a way to contact him until then.,ham,err cud im go pm havent got way contact
A bloo bloo bloo I'll miss the first bowl,ham,bloo bloo bloo ill miss first bowl
Lmao but its so fun...,ham,lmao fun
Oh k k:)but he is not a big hitter.anyway good,ham,oh k kbut big hitteranyway good
Hey!!! I almost forgot ... Happy B-day babe ! I love ya!!,ham,hey almost forgot happi bday babe love ya
Valentines Day Special! Win over £1000 in our quiz and take your partner on the trip of a lifetime! Send GO to 83600 now. 150p/msg rcvd. CustCare:08718720201,spam,valentin day special win £ quiz take partner trip lifetim send go pmsg rcvd custcar
Do you think i can move  &lt;#&gt;  in a week,ham,think move ltgt week
She.s find. I sent you an offline message to know how anjola's now.,ham,she find sent offlin messag know anjola
Guess who am I?This is the first time I created a web page WWW.ASJESUS.COM read all I wrote. I'm waiting for your opinions. I want to be your friend 1/1,spam,guess ithi first time creat web page wwwasjesuscom read wrote im wait opinion want friend
How was txting and driving,ham,txting drive
That's good. Lets thank God. Please complete the drug. Have lots of water. And have a beautiful day.,ham,that good let thank god pleas complet drug lot water beauti day
Really dun bluff me leh... U sleep early too. Nite...,ham,realli dun bluff leh u sleep earli nite
"Indians r poor but India is not a poor country. Says one of the swiss bank directors. He says that "" &lt;#&gt;  lac crore"" of Indian money is deposited in swiss banks which can be used for 'taxless' budget for  &lt;#&gt;  yrs. Can give  &lt;#&gt;  crore jobs to all Indians. From any village to Delhi 4 lane roads. Forever free power suply to more than  &lt;#&gt;  social projects. Every citizen can get monthly  &lt;#&gt; /- for  &lt;#&gt;  yrs. No need of World Bank &amp; IMF loan. Think how our money is blocked by rich politicians. We have full rights against corrupt politicians. Itna forward karo ki pura INDIA padhe.g.m.""",ham,indian r poor india poor countri say one swiss bank director say ltgt lac crore indian money deposit swiss bank use taxless budget ltgt yr give ltgt crore job indian villag delhi lane road forev free power supli ltgt social project everi citizen get monthli ltgt ltgt yr need world bank amp imf loan think money block rich politician full right corrupt politician itna forward karo ki pura india padhegm
Uncle boye. I need movies oh. Guide me. Plus you know torrents are not particularly legal here. And the system is slowing down. What should i do. Have a gr8 day. Plus have you started cos i dont meet you online. How was the honey moon.,ham,uncl boy need movi oh guid plu know torrent particularli legal system slow gr day plu start co dont meet onlin honey moon
Oh ya ya. I remember da. .,ham,oh ya ya rememb da
Btw regarding that we should really try to see if anyone else can be our 4th guy before we commit to a random dude,ham,btw regard realli tri see anyon els th guy commit random dude
"For ur chance to win £250 cash every wk TXT: PLAY to 83370. T's&C's www.music-trivia.net custcare 08715705022, 1x150p/wk.",spam,ur chanc win £ cash everi wk txt play tsc wwwmusictrivianet custcar xpwk
I not busy juz dun wan 2 go so early.. Hee.. ,ham,busi juz dun wan go earli hee
Rightio. 11.48 it is then. Well arent we all up bright and early this morning.,ham,rightio well arent bright earli morn
"Great. I'm in church now, will holla when i get out",ham,great im church holla get
Back in brum! Thanks for putting us up and keeping us all and happy. See you soon ,ham,back brum thank put us keep us happi see soon
I donno if they are scorable,ham,donno scorabl
&lt;#&gt;  great loxahatchee xmas tree burning update: you can totally see stars here,ham,ltgt great loxahatche xma tree burn updat total see star
"Yes but i dont care! I need you bad, princess!",ham,ye dont care need bad princess
"The guy (kadeem) hasn't been selling since the break, I know one other guy but he's paranoid as fuck and doesn't like selling without me there and I can't be up there til late tonight",ham,guy kadeem hasnt sell sinc break know one guy he paranoid fuck doesnt like sell without cant til late tonight
"Sorry, I'll call later",ham,sorri ill call later
Tmr then ü brin lar... Aiya later i come n c lar... Mayb ü neva set properly ü got da help sheet wif ü...,ham,tmr ü brin lar aiya later come n c lar mayb ü neva set properli ü got da help sheet wif ü
Do u knw dis no. &lt;#&gt; ?,ham,u knw di ltgt
Then she dun believe wat?,ham,dun believ wat
K..give back my thanks.,ham,kgive back thank
I know complain num only..bettr directly go to bsnl offc nd apply for it..,ham,know complain num onlybettr directli go bsnl offc nd appli
Okay. I've seen it. So i should pick it on friday?,ham,okay ive seen pick friday
How much she payed. Suganya.,ham,much pay suganya
Left dessert. U wan me 2 go suntec look 4 u?,ham,left dessert u wan go suntec look u
"Abeg, make profit. But its a start. Are you using it to get sponsors for the next event?",ham,abeg make profit start use get sponsor next event
Onum ela pa. Normal than.,ham,onum ela pa normal
K.k..how is your sister kids?,ham,kkhow sister kid
"Cool, I'll text you when I'm on the way",ham,cool ill text im way
Nope. Meanwhile she talk say make i greet you.,ham,nope meanwhil talk say make greet
i cant talk to you now.i will call when i can.dont keep calling.,ham,cant talk nowi call candont keep call
Anything lar...,ham,anyth lar
"Rose needs water, season needs change, poet needs imagination..My phone needs ur sms and i need ur lovely frndship forever....",ham,rose need water season need chang poet need imaginationmi phone need ur sm need ur love frndship forev
"Good afternoon, babe. How goes that day ? Any job prospects yet ? I miss you, my love ... *sighs* ... :-(",ham,good afternoon babe goe day job prospect yet miss love sigh
They will pick up and drop in car.so no problem..,ham,pick drop carso problem
S.i think he is waste for rr..,ham,si think wast rr
He is world famamus....,ham,world famamu
Is there coming friday is leave for pongal?do you get any news from your work place.,ham,come friday leav pongaldo get news work place
Lol well don't do it without me. We could have a big sale together.,ham,lol well dont without could big sale togeth
* Am on my way,ham,way
Eat at old airport road... But now 630 oredi... Got a lot of pple...,ham,eat old airport road oredi got lot pple
"sry can't talk on phone, with parents",ham,sri cant talk phone parent
"Final Chance! Claim ur £150 worth of discount vouchers today! Text YES to 85023 now! SavaMob, member offers mobile! T Cs SavaMob POBOX84, M263UZ. £3.00 Subs 16",spam,final chanc claim ur £ worth discount voucher today text ye savamob member offer mobil cs savamob pobox muz £ sub
Ok lor wat time ü finish?,ham,ok lor wat time ü finish
"Princess, i like to make love  &lt;#&gt;  times per night. Hope thats not a problem!",ham,princess like make love ltgt time per night hope that problem
Mm i am on the way to railway,ham,mm way railway
i dnt wnt to tlk wid u,ham,dnt wnt tlk wid u
"I'm done. I'm sorry. I hope your next space gives you everything you want. Remember all the furniture is yours. If i'm not around when you move it, just lock all the locks and leave the key with jenne.",ham,im done im sorri hope next space give everyth want rememb furnitur im around move lock lock leav key jenn
Not yet. Just i'd like to keep in touch and it will be the easiest way to do that from barcelona. By the way how ru and how is the house?,ham,yet id like keep touch easiest way barcelona way ru hous
"Sppok up ur mob with a Halloween collection of nokia logo&pic message plus a FREE eerie tone, txt CARD SPOOK to 8007",spam,sppok ur mob halloween collect nokia logop messag plu free eeri tone txt card spook
"Urgent! call 09066612661 from landline. Your complementary 4* Tenerife Holiday or £10,000 cash await collection SAE T&Cs PO Box 3 WA14 2PX 150ppm 18+ Sender: Hol Offer",spam,urgent call landlin complementari tenerif holiday £ cash await collect sae tc po box wa px ppm sender hol offer
K.:)do it at evening da:)urgent:),ham,kdo even daurgent
Pansy! You've been living in a jungle for two years! Its my driving you should be more worried about!,ham,pansi youv live jungl two year drive worri
Mm have some kanji dont eat anything heavy ok,ham,mm kanji dont eat anyth heavi ok
Only if you promise your getting out as SOON as you can. And you'll text me in the morning to let me know you made it in ok.,ham,promis get soon youll text morn let know made ok
Lol that's different. I don't go trying to find every real life photo you ever took.,ham,lol that differ dont go tri find everi real life photo ever took
I dont thnk its a wrong calling between us,ham,dont thnk wrong call us
K ill drink.pa then what doing. I need srs model pls send it to my mail id pa.,ham,k ill drinkpa need sr model pl send mail id pa
Aiyah e rain like quite big leh. If drizzling i can at least run home.,ham,aiyah e rain like quit big leh drizzl least run home
I have 2 docs appointments next week.:/ I'm tired of them shoving stuff up me. Ugh why couldn't I have had a normal body?,ham,doc appoint next week im tire shove stuff ugh couldnt normal bodi
Dun b sad.. It's over.. Dun thk abt it already. Concentrate on ur other papers k.,ham,dun b sad dun thk abt alreadi concentr ur paper k
"Greetings me, ! Consider yourself excused.",ham,greet consid excus
No drama Pls.i have had enough from you and family while i am struggling in the hot sun in a strange place.No reason why there should be an ego of not going 'IF NOT INVITED' when actually its necessity to go.wait for very serious reppurcussions.,ham,drama plsi enough famili struggl hot sun strang placeno reason ego go invit actual necess gowait seriou reppurcuss
they released another Italian one today and it has a cosign option,ham,releas anoth italian one today cosign option
"You at mu? You should try to figure out how much money everyone has for gas and alcohol, jay and I are trying to figure out our weed budget",ham,mu tri figur much money everyon ga alcohol jay tri figur weed budget
WINNER! As a valued network customer you hvae been selected to receive a £900 reward! To collect call 09061701444. Valid 24 hours only. ACL03530150PM,spam,winner valu network custom hvae select receiv £ reward collect call valid hour aclpm
HCL chennai requires FRESHERS for voice process.Excellent english needed.Salary upto  &lt;#&gt; .Call Ms.Suman  &lt;#&gt;  for Telephonic interview -via Indyarocks.com,ham,hcl chennai requir fresher voic processexcel english neededsalari upto ltgt call mssuman ltgt telephon interview via indyarockscom
Dai what this da.. Can i send my resume to this id.,ham,dai da send resum id
"I know where the  &lt;#&gt;  is, I'll be there around 5",ham,know ltgt ill around
Yup i've finished c ü there...,ham,yup ive finish c ü
Remember to ask alex about his pizza,ham,rememb ask alex pizza
No da..today also i forgot..,ham,datoday also forgot
"Ola would get back to you maybe not today but I ve told him you can be his direct link in the US in getting cars he bids for online, you arrange shipping and you get a cut. Or U????? For a partnership where U????? Invest money for shipping and he takes care of the rest!U??Wud b self reliant soon dnt worry",ham,ola would get back mayb today told direct link us get car bid onlin arrang ship get cut u partnership u invest money ship take care restuwud b self reliant soon dnt worri
Fwiw the reason I'm only around when it's time to smoke is that because of gas I can only afford to be around when someone tells me to be and that apparently only happens when somebody wants to light up,ham,fwiw reason im around time smoke ga afford around someon tell appar happen somebodi want light
"Hello, my boytoy! I made it home and my constant thought is of you, my love. I hope your having a nice visit but I can't wait till you come home to me ...*kiss*",ham,hello boytoy made home constant thought love hope nice visit cant wait till come home kiss
Congrats kano..whr s the treat maga?,ham,congrat kanowhr treat maga
Who u talking about?,ham,u talk
Yup...,ham,yup
Ok...,ham,ok
"U wake up already? Wat u doing? U picking us up later rite? I'm taking sq825, reaching ard 7 smth 8 like dat. U can check e arrival time. C ya soon...",ham,u wake alreadi wat u u pick us later rite im take sq reach ard smth like dat u check e arriv time c ya soon
Yunny i'm walking in citylink now ü faster come down... Me very hungry...,ham,yunni im walk citylink ü faster come hungri
Er yep sure. Props?,ham,er yep sure prop
"Hiya , have u been paying money into my account? If so, thanks. Got a pleasant surprise when i checked my balance -u c, i don't get statements 4 that acc",ham,hiya u pay money account thank got pleasant surpris check balanc u c dont get statement acc
U have won a nokia 6230 plus a free digital camera. This is what u get when u win our FREE auction. To take part send NOKIA to 83383 now. POBOX114/14TCR/W1 16,spam,u nokia plu free digit camera u get u win free auction take part send nokia poboxtcrw
Ok ill send you with in  &lt;DECIMAL&gt;  ok.,ham,ok ill send ltdecimalgt ok
Bognor it is! Should be splendid at this time of year.,ham,bognor splendid time year
Yes.i'm in office da:),ham,yesim offic da
"Sorry, I'll call later",ham,sorri ill call later
Joy's father is John. Then John is the NAME of Joy's father. Mandan,ham,joy father john john name joy father mandan
Ok. I only ask abt e movie. U wan ktv oso?,ham,ok ask abt e movi u wan ktv oso
Misplaced your number and was sending texts to your old number. Wondering why i've not heard from you this year. All the best in your mcat. Got this number from my atlanta friends,ham,misplac number send text old number wonder ive heard year best mcat got number atlanta friend
"Sorry, I'll call later",ham,sorri ill call later
Dunno lei... I might b eatin wif my frens... If ü wan to eat then i wait 4 ü lar,ham,dunno lei might b eatin wif fren ü wan eat wait ü lar
"Sorry, I'll call later",ham,sorri ill call later
FREE entry into our £250 weekly comp just send the word WIN to 80086 NOW. 18 T&C www.txttowin.co.uk,spam,free entri £ weekli comp send word win tc wwwtxttowincouk
"Say this slowly.? GOD,I LOVE YOU &amp; I NEED YOU,CLEAN MY HEART WITH YOUR BLOOD.Send this to Ten special people &amp; u c miracle tomorrow, do it,pls,pls do it...",ham,say slowli godi love amp need youclean heart bloodsend ten special peopl amp u c miracl tomorrow itplspl
Do u noe how 2 send files between 2 computers?,ham,u noe send file comput
"Mmmmm ... I loved waking to your words this morning ! I miss you too, my Love. I hope your day goes well and you are happy. I wait for us to be together again",ham,mmmmm love wake word morn miss love hope day goe well happi wait us togeth
jay says he'll put in  &lt;#&gt;,ham,jay say hell put ltgt
Can you just come in for a sec? There's somebody here I want you to see,ham,come sec there somebodi want see
So the sun is anti sleep medicine.,ham,sun anti sleep medicin
What's happening with you. Have you gotten a job and have you begun registration for permanent residency,ham,what happen gotten job begun registr perman resid
Yup ok...,ham,yup ok
Glad it went well :) come over at 11 then we'll have plenty of time before claire goes to work.,ham,glad went well come well plenti time clair goe work
Ok enjoy . R u there in home.,ham,ok enjoy r u home
"Can you pls pls send me a mail on all you know about relatives coming to deliver here? All you know about costs, risks, benefits and anything else. Thanks.",ham,pl pl send mail know rel come deliv know cost risk benefit anyth els thank
You do what all you like,ham,like
That's y we haf to combine n c how lor...,ham,that haf combin n c lor
The monthly amount is not that terrible and you will not pay anything till 6months after finishing school.,ham,monthli amount terribl pay anyth till month finish school
Hmmm:)how many players selected?,ham,hmmmhow mani player select
"They said if its gonna snow, it will start around 8 or 9 pm tonite! They are predicting an inch of accumulation.",ham,said gonna snow start around pm tonit predict inch accumul
I dont. Can you send it to me. Plus how's mode.,ham,dont send plu how mode
Aiyo please ü got time meh.,ham,aiyo pleas ü got time meh
Package all your programs well,ham,packag program well
"She is our sister.. She belongs 2 our family.. She is d hope of tomorrow.. Pray 4 her,who was fated 4 d Shoranur train incident. Lets hold our hands together &amp; fuelled by love &amp; concern prior 2 her grief &amp; pain. Pls join in dis chain &amp; pass it. STOP VIOLENCE AGAINST WOMEN.",ham,sister belong famili hope tomorrow pray herwho fate shoranur train incid let hold hand togeth amp fuell love amp concern prior grief amp pain pl join di chain amp pass stop violenc women
So are you guys asking that i get that slippers again or its gone with last year,ham,guy ask get slipper gone last year
Company is very good.environment is terrific and food is really nice:),ham,compani goodenviron terrif food realli nice
"Text82228>> Get more ringtones, logos and games from www.txt82228.com. Questions: info@txt82228.co.uk",spam,text get rington logo game wwwtxtcom question infotxtcouk
Honestly i've just made a lovely cup of tea and promptly dropped my keys in it and then burnt my fingers getting them out!,ham,honestli ive made love cup tea promptli drop key burnt finger get
Yup but not studying surfing lor. I'm in e lazy mode today.,ham,yup studi surf lor im e lazi mode today
Please sen :)my kind advice :-)please come here and try:-),ham,pleas sen kind advic pleas come tri
I'm done. C ü there.,ham,im done c ü
"Oh fine, I'll be by tonight",ham,oh fine ill tonight
Ü give me some time to walk there.,ham,ü give time walk
I'll reach in ard 20 mins ok...,ham,ill reach ard min ok
"FreeMSG You have been awarded a FREE mini DIGITAL CAMERA, just reply SNAP to collect your prize! (quizclub Opt out? Stop 80122300p/wk SP:RWM Ph:08704050406)",spam,freemsg award free mini digit camera repli snap collect prize quizclub opt stop pwk sprwm ph
Fuck babe ... What happened to you ? How come you never came back?,ham,fuck babe happen come never came back
This message is brought to you by GMW Ltd. and is not connected to the,spam,messag brought gmw ltd connect
"Some friends want me to drive em someplace, probably take a while",ham,friend want drive em someplac probabl take
I also thk too fast... Xy suggest one not me. U dun wan it's ok. Going 2 rain leh where got gd.,ham,also thk fast xy suggest one u dun wan ok go rain leh got gd
Are you still getting the goods.,ham,still get good
And maybe some pressies,ham,mayb pressi
"Yeah I am, so I'll leave maybe 7ish?",ham,yeah ill leav mayb ish
K..k..i'm also fine:)when will you complete the course?,ham,kkim also finewhen complet cours
"Under the sea, there lays a rock. In the rock, there is an envelope. In the envelope, there is a paper. On the paper, there are 3 words... '",ham,sea lay rock rock envelop envelop paper paper word
I told her I had a Dr appt next week. She thinks I'm gonna die. I told her its just a check. Nothing to be worried about. But she didn't listen.,ham,told dr appt next week think im gonna die told check noth worri didnt listen
You in your room? I need a few,ham,room need
I dont want to hear anything,ham,dont want hear anyth
Hey. For me there is no leave on friday. Wait i will ask my superior and tell you..,ham,hey leav friday wait ask superior tell
Ultimately tor motive tui achieve korli.,ham,ultim tor motiv tui achiev korli
From 5 to 2 only my work timing.,ham,work time
… and don‘t worry we‘ll have finished by march … ish!,ham,… don‘t worri we‘ll finish march … ish
"The house is on the water with a dock, a boat rolled up with a newscaster who dabbles in jazz flute behind the wheel",ham,hous water dock boat roll newscast dabbl jazz flute behind wheel
"Congrats 2 mobile 3G Videophones R yours. call 09063458130 now! videochat wid ur mates, play java games, Dload polypH music, noline rentl. bx420. ip4. 5we. 150p",spam,congrat mobil g videophon r call videochat wid ur mate play java game dload polyph music nolin rentl bx ip p
Your next amazing xxx PICSFREE1 video will be sent to you enjoy! If one vid is not enough for 2day text back the keyword PICSFREE1 to get the next video.,spam,next amaz xxx picsfre video sent enjoy one vid enough day text back keyword picsfre get next video
Now thats going to ruin your thesis!,ham,that go ruin thesi
In sch but neva mind u eat 1st lor..,ham,sch neva mind u eat st lor
Hey whats up? U sleeping all morning?,ham,hey what u sleep morn
Erm. I thought the contract ran out the4th of october.,ham,erm thought contract ran theth octob
I dunno until when... Lets go learn pilates...,ham,dunno let go learn pilat
U are subscribed to the best Mobile Content Service in the UK for £3 per ten days until you send STOP to 83435. Helpline 08706091795.,spam,u subscrib best mobil content servic uk £ per ten day send stop helplin
Yup i'm elaborating on the safety aspects and some other issues..,ham,yup im elabor safeti aspect issu
"3 FREE TAROT TEXTS! Find out about your love life now! TRY 3 FOR FREE! Text CHANCE to 85555 16 only! After 3 Free, Msgs £1.50 each",spam,free tarot text find love life tri free text chanc free msg £
"Goodmorning, today i am late for 1hr.",ham,goodmorn today late hr
Hi happy birthday. Hi hi hi hi hi hi hi,ham,hi happi birthday hi hi hi hi hi hi hi
I will be outside office take all from there,ham,outsid offic take
If you don't respond imma assume you're still asleep and imma start calling n shit,ham,dont respond imma assum your still asleep imma start call n shit
"Aight, see you in a bit",ham,aight see bit
My superior telling that friday is leave for all other department except ours:)so it will be leave for you:)any way call waheed fathima hr and conform it:),ham,superior tell friday leav depart except oursso leav youani way call wahe fathima hr conform
Join the UK's horniest Dogging service and u can have sex 2nite!. Just sign up and follow the instructions. Txt ENTRY to 69888 now! Nyt.EC2A.3LP.msg@150p,spam,join uk horniest dog servic u sex nite sign follow instruct txt entri nytecalpmsgp
Lol I have to take it. member how I said my aunt flow didn't visit for 6 months? It's cause I developed ovarian cysts. Bc is the only way to shrink them.,ham,lol take member said aunt flow didnt visit month caus develop ovarian cyst bc way shrink
Still work going on:)it is very small house.,ham,still work go onit small hous
"My friend just got here and says he's upping his order by a few grams (he's got $ &lt;#&gt; ), when can you get here?",ham,friend got say he up order gram he got ltgt get
Tmr timin still da same wat cos i got lesson until 6...,ham,tmr timin still da wat co got lesson
"That‘s the thing with apes, u can fight to the death to keep something, but the minute they have it when u let go, thats it!",ham,that‘ thing ape u fight death keep someth minut u let go that
Sunshine Quiz Wkly Q! Win a top Sony DVD player if u know which country Liverpool played in mid week? Txt ansr to 82277. £1.50 SP:Tyrone,spam,sunshin quiz wkli q win top soni dvd player u know countri liverpool play mid week txt ansr £ sptyron
No i'm not gonna be able to. || too late notice. || i'll be home in a few weeks anyway. || what are the plans,ham,im gonna abl late notic ill home week anyway plan
"Got fujitsu, ibm, hp, toshiba... Got a lot of model how to say...",ham,got fujitsu ibm hp toshiba got lot model say
Okie... Thanx...,ham,oki thanx
"Gosh that , what a pain. Spose I better come then.",ham,gosh pain spose better come
"As usual..iam fine, happy &amp; doing well..:)",ham,usualiam fine happi amp well
Okie,ham,oki
So when you gonna get rimac access ,ham,gonna get rimac access
Im at arestaurant eating squid! i will be out about 10:30 wanna dosomething or is that to late?,ham,im arestaur eat squid wanna dosometh late
You call times job today ok umma and ask them to speed up,ham,call time job today ok umma ask speed
HELLO U.CALL WEN U FINISH WRK.I FANCY MEETIN UP WIV U ALL TONITE AS I NEED A BREAK FROM DABOOKS. DID 4 HRS LAST NITE+2 TODAY OF WRK!,ham,hello ucal wen u finish wrki fanci meetin wiv u tonit need break dabook hr last nite today wrk
R U &SAM P IN EACHOTHER. IF WE MEET WE CAN GO 2 MY HOUSE,ham,r u sam p eachoth meet go hous
:-) yeah! Lol. Luckily i didn't have a starring role like you!,ham,yeah lol luckili didnt star role like
Hello madam how are you ?,ham,hello madam
"Awesome, text me when you're restocked",ham,awesom text your restock
"As usual..iam fine, happy &amp; doing well..:)",ham,usualiam fine happi amp well
Knock Knock Txt whose there to 80082 to enter r weekly draw 4 a £250 gift voucher 4 a store of yr choice. T&Cs www.tkls.com age16 to stoptxtstop£1.50/week,spam,knock knock txt whose enter r weekli draw £ gift voucher store yr choic tc wwwtklscom age stoptxtstop£week
Yes. It's all innocent fun. O:-),ham,ye innoc fun
Thanks for sending this mental ability question..,ham,thank send mental abil question
"Sir, hope your day is going smoothly. i really hoped i wont have to bother you about this. I have some bills that i can't settle this month. I am out of all extra cash. I know this is a challenging time for you also but i have to let you know.",ham,sir hope day go smoothli realli hope wont bother bill cant settl month extra cash know challeng time also let know
2marrow only. Wed at  &lt;#&gt;  to 2 aha.,ham,marrow wed ltgt aha
I went to ur hon lab but no one is there.,ham,went ur hon lab one
I cant pick the phone right now. Pls send a message,ham,cant pick phone right pl send messag
Hey pple...$700 or $900 for 5 nights...Excellent location wif breakfast hamper!!!,ham,hey pple nightsexcel locat wif breakfast hamper
<Forwarded from 21870000>Hi - this is your Mailbox Messaging SMS alert. You have 40 matches. Please call back on 09056242159 to retrieve your messages and matches cc100p/min,spam,forward hi mailbox messag sm alert match pleas call back retriev messag match ccpmin
How come?,ham,come
Lol! Nah wasn't too bad thanks. Its good to b home but its been quite a reality check. Hows ur day been? Did u do anything with website?,ham,lol nah wasnt bad thank good b home quit realiti check how ur day u anyth websit
Ok lor...,ham,ok lor
I'm coming home 4 dinner.,ham,im come home dinner
S da..al r above  &lt;#&gt;,ham,daal r ltgt
"FREE RING TONE just text ""POLYS"" to 87131. Then every week get a new tone. 0870737910216yrs only £1.50/wk.",spam,free ring tone text poli everi week get new tone yr £wk
Unni thank you dear for the recharge..Rakhesh,ham,unni thank dear rechargerakhesh
I know I'm lacking on most of this particular dramastorm's details but for the most part I'm not worried about that,ham,know im lack particular dramastorm detail part im worri
Haha... They cant what... At the most tmr forfeit... haha so how?,ham,haha cant tmr forfeit haha
"Hey there! Glad u r better now. I hear u treated urself to a digi cam, is it good? We r off at 9pm. Have a fab new year, c u in coupla wks!",ham,hey glad u r better hear u treat urself digi cam good r pm fab new year c u coupla wk
No way I'm going back there!,ham,way im go back
"URGENT! Your mobile No 077xxx WON a £2,000 Bonus Caller Prize on 02/06/03! This is the 2nd attempt to reach YOU! Call 09066362206 ASAP! BOX97N7QP, 150ppm",spam,urgent mobil xxx £ bonu caller prize nd attempt reach call asap boxnqp ppm
I WILL CAL YOU SIR. In meeting,ham,cal sir meet
"That's what I love to hear :V see you sundayish, then",ham,that love hear v see sundayish
"Sorry da thangam, very very sorry i am held up with prasad.",ham,sorri da thangam sorri held prasad
Tiwary to rcb.battle between bang and kochi.,ham,tiwari rcbbattl bang kochi
Thank god they are in bed!,ham,thank god bed
No I don't have cancer. Moms making a big deal out of a regular checkup aka pap smear,ham,dont cancer mom make big deal regular checkup aka pap smear
Am in gobi arts college,ham,gobi art colleg
Why she wants to talk to me,ham,want talk
Pandy joined 4w technologies today.he got job..,ham,pandi join w technolog todayh got job
"You are guaranteed the latest Nokia Phone, a 40GB iPod MP3 player or a £500 prize! Txt word: COLLECT to No: 83355! IBHltd LdnW15H 150p/Mtmsgrcvd18",spam,guarante latest nokia phone gb ipod mp player £ prize txt word collect ibhltd ldnwh pmtmsgrcvd
"They can try! They can get lost, in fact. Tee hee",ham,tri get lost fact tee hee
Hi! You just spoke to MANEESHA V. We'd like to know if you were satisfied with the experience. Reply Toll Free with Yes or No.,ham,hi spoke maneesha v wed like know satisfi experi repli toll free ye
My friends use to call the same.,ham,friend use call
"Sorry, I'll call later",ham,sorri ill call later
"Em, its olowoyey@ usc.edu have a great time in argentina. Not sad about secretary, everything is a blessing",ham,em olowoyey uscedu great time argentina sad secretari everyth bless
"It,,s a taxt massage....tie-pos argh ok! Lool!",ham,taxt massagetiepo argh ok lool
"Hi, can i please get a  &lt;#&gt;  dollar loan from you. I.ll pay you back by mid february. Pls.",ham,hi pleas get ltgt dollar loan ill pay back mid februari pl
"You might want to pull out more just in case and just plan on not spending it if you can, I don't have much confidence in derek and taylor's money management",ham,might want pull case plan spend dont much confid derek taylor money manag
Do you like shaking your booty on the dance floor?,ham,like shake booti danc floor
"Text me when you get off, don't call, my phones having problems",ham,text get dont call phone problem
No need for the drug anymore.,ham,need drug anymor
Sorry da:)i was thought of calling you lot of times:)lil busy.i will call you at noon..,ham,sorri dai thought call lot timeslil busyi call noon
Its sarcasm.. .nt scarcasim,ham,sarcasm nt scarcasim
Great! I have to run now so ttyl!,ham,great run ttyl
Feel like trying kadeem again? :V,ham,feel like tri kadeem v
Dai  &lt;#&gt;  naal eruku.,ham,dai ltgt naal eruku
Not yet chikku..wat abt u?,ham,yet chikkuwat abt u
Ok...,ham,ok
Want to finally have lunch today?,ham,want final lunch today
Do you know when dad will be back?,ham,know dad back
"Hello darling how are you today? I would love to have a chat, why dont you tell me what you look like and what you are in to sexy?",spam,hello darl today would love chat dont tell look like sexi
8007 FREE for 1st week! No1 Nokia tone 4 ur mob every week just txt NOKIA to 8007 Get txting and tell ur mates www.getzed.co.uk POBox 36504 W4 5WQ norm 150p/tone 16+,spam,free st week nokia tone ur mob everi week txt nokia get txting tell ur mate wwwgetzedcouk pobox w wq norm ptone
He remains a bro amongst bros,ham,remain bro amongst bro
R u meeting da ge at nite tmr?,ham,r u meet da ge nite tmr
"* Was a nice day and, impressively, i was sensible, went home early and now feel fine. Or am i just boring?! When's yours, i can't remember.",ham,nice day impress sensibl went home earli feel fine bore when cant rememb
Why de. You looking good only:-)..,ham,de look good
Wanna get laid 2nite? Want real Dogging locations sent direct to ur mobile? Join the UK's largest Dogging Network. Txt PARK to 69696 now! Nyt. ec2a. 3lp £1.50/msg,spam,wanna get laid nite want real dog locat sent direct ur mobil join uk largest dog network txt park nyt eca lp £msg
we tried to contact you re your response to our offer of a new nokia fone and camcorder hit reply or call 08000930705 for delivery,spam,tri contact respons offer new nokia fone camcord hit repli call deliveri
Yes. They replied my mail. I'm going to the management office later. Plus will in to bank later also.or on wednesday.,ham,ye repli mail im go manag offic later plu bank later alsoor wednesday
"That's cool, I'll come by like  &lt;#&gt; ish",ham,that cool ill come like ltgt ish
Super msg da:)nalla timing.,ham,super msg danalla time
"Good afternoon, my boytoy ... How are you feeling today ? Better I hope? Are you being my good boy? Are you my obedient, slave? Do you please your Queen?",ham,good afternoon boytoy feel today better hope good boy obedi slave pleas queen
I am 6 ft. We will be a good combination!,ham,ft good combin
I'm sick !! I'm needy !! I want you !! *pouts* *stomps feet* Where are you ?! *pouts* *stomps feet* I want my slave !! I want him now !!,ham,im sick im needi want pout stomp feet pout stomp feet want slave want
* Am on a train back from northampton so i'm afraid not!,ham,train back northampton im afraid
Where in abj are you serving. Are you staying with dad or alone.,ham,abj serv stay dad alon
Was playng 9 doors game and gt racing on phone lol,ham,playng door game gt race phone lol
"New Tones This week include: 1)McFly-All Ab.., 2) Sara Jorge-Shock.. 3) Will Smith-Switch.. To order follow instructions on next message",spam,new tone week includ mcflyall ab sara jorgeshock smithswitch order follow instruct next messag
"Solve d Case : A Man Was Found Murdered On  &lt;DECIMAL&gt; . &lt;#&gt;  AfterNoon. 1,His wife called Police. 2,Police questioned everyone. 3,Wife: Sir,I was sleeping, when the murder took place. 4.Cook: I was cooking. 5.Gardener: I was picking vegetables. 6.House-Maid: I went 2 d post office. 7.Children: We went 2 play. 8.Neighbour: We went 2 a marriage. Police arrested d murderer Immediately. Who's It? Reply With Reason, If U r Brilliant.",ham,solv case man found murder ltdecimalgt ltgt afternoon wife call polic polic question everyon wife siri sleep murder took place cook cook garden pick veget housemaid went post offic children went play neighbour went marriag polic arrest murder immedi who repli reason u r brilliant
I'm on da bus going home...,ham,im da bu go home
I got a call from a landline number. . . I am asked to come to anna nagar . . . I will go in the afternoon,ham,got call landlin number ask come anna nagar go afternoon
I'm okay. Chasing the dream. What's good. What are you doing next.,ham,im okay chase dream what good next
Yupz... I've oredi booked slots 4 my weekends liao... ,ham,yupz ive oredi book slot weekend liao
URGENT! We are trying to contact U. Todays draw shows that you have won a £800 prize GUARANTEED. Call 09050003091 from land line. Claim C52. Valid 12hrs only,spam,urgent tri contact u today draw show £ prize guarante call land line claim c valid hr
There r many model..sony ericson also der.. &lt;#&gt; ..it luks good bt i forgot modl no,ham,r mani modelsoni ericson also der ltgt luk good bt forgot modl
Okie,ham,oki
Yes I know the cheesy songs from frosty the snowman :),ham,ye know cheesi song frosti snowman
"Ya ok, vikky vl c witin  &lt;#&gt; mins and il reply u..",ham,ya ok vikki vl c witin ltgt min il repli u
sports fans - get the latest sports news str* 2 ur mobile 1 wk FREE PLUS a FREE TONE Txt SPORT ON to 8007 www.getzed.co.uk 0870141701216+ norm 4txt/120p ,spam,sport fan get latest sport news str ur mobil wk free plu free tone txt sport wwwgetzedcouk norm txtp
Hey tmr meet at bugis 930 ?,ham,hey tmr meet bugi
"Urgent Urgent! We have 800 FREE flights to Europe to give away, call B4 10th Sept & take a friend 4 FREE. Call now to claim on 09050000555. BA128NNFWFLY150ppm",spam,urgent urgent free flight europ give away call b th sept take friend free call claim bannfwflyppm
All these nice new shirts and the only thing I can wear them to is nudist themed ;_; you in mu?,ham,nice new shirt thing wear nudist theme mu
Hey sexy buns! What of that day? No word from you this morning on YM ... :-( ... I think of you,ham,hey sexi bun day word morn ym think
And whenever you and i see we can still hook up too.,ham,whenev see still hook
Nope but i'm going home now then go pump petrol lor... Like going 2 rain soon...,ham,nope im go home go pump petrol lor like go rain soon
Can you use foreign stamps for whatever you send them off for? ,ham,use foreign stamp whatev send
FROM 88066 LOST £12 HELP,spam,lost £ help
Oh baby of the house. How come you dont have any new pictures on facebook,ham,oh babi hous come dont new pictur facebook
"Feb  &lt;#&gt;  is ""I LOVE U"" day. Send dis to all ur ""VALUED FRNDS"" evn me. If 3 comes back u'll gt married d person u luv! If u ignore dis u will lose ur luv 4 Evr",ham,feb ltgt love u day send di ur valu frnd evn come back ull gt marri person u luv u ignor di u lose ur luv evr
"Hiya, sorry didn't hav signal. I haven't seen or heard from and neither has, which is unusual in itself! I'll put on the case and get him to sort it out! Hugs and snogs.",ham,hiya sorri didnt hav signal havent seen heard neither unusu ill put case get sort hug snog
"Omw back to tampa from west palm, you hear what happened?",ham,omw back tampa west palm hear happen
Yup no more already... Thanx 4 printing n handing it up.,ham,yup alreadi thanx print n hand
FreeMsg: Fancy a flirt? Reply DATE now & join the UKs fastest growing mobile dating service. Msgs rcvd just 25p to optout txt stop to 83021. Reply DATE now!,spam,freemsg fanci flirt repli date join uk fastest grow mobil date servic msg rcvd p optout txt stop repli date
What i mean is do they come chase you out when its over or is it stated you can watch as many movies as you want.,ham,mean come chase state watch mani movi want
S now only i took tablets . Reaction morning only.,ham,took tablet reaction morn
Great NEW Offer - DOUBLE Mins & DOUBLE Txt on best Orange tariffs AND get latest camera phones 4 FREE! Call MobileUpd8 free on 08000839402 NOW! or 2stoptxt T&Cs,spam,great new offer doubl min doubl txt best orang tariff get latest camera phone free call mobileupd free stoptxt tc
"Nah, I'm a perpetual DD",ham,nah im perpetu dd
Sorry de i went to shop.,ham,sorri de went shop
Hope you enjoyed your new content. text stop to 61610 to unsubscribe. help:08712400602450p Provided by tones2you.co.uk,spam,hope enjoy new content text stop unsubscrib helpp provid tonesyoucouk
"Wen ur lovable bcums angry wid u, dnt take it seriously.. Coz being angry is d most childish n true way of showing deep affection, care n luv!.. kettoda manda... Have nice day da.",ham,wen ur lovabl bcum angri wid u dnt take serious coz angri childish n true way show deep affect care n luv kettoda manda nice day da
Hey you still want to go for yogasana? Coz if we end at cine then can go bathe and hav the steam bath,ham,hey still want go yogasana coz end cine go bath hav steam bath
Nope i'm not drivin... I neva develop da photos lei...,ham,nope im drivin neva develop da photo lei
I am thinking of going down to reg for pract lessons.. Flung my advance.. Haha wat time u going?,ham,think go reg pract lesson flung advanc haha wat time u go
Cool. I am  &lt;#&gt;  inches long. hope you like them big!,ham,cool ltgt inch long hope like big
"House-Maid is the murderer, coz the man was murdered on  &lt;#&gt; th January.. As public holiday all govt.instituitions are closed,including post office..understand?",ham,housemaid murder coz man murder ltgt th januari public holiday govtinstituit closedinclud post officeunderstand
Okie.. Thanx..,ham,oki thanx
18 days to Euro2004 kickoff! U will be kept informed of all the latest news and results daily. Unsubscribe send GET EURO STOP to 83222.,spam,day euro kickoff u kept inform latest news result daili unsubscrib send get euro stop
Go where n buy? Juz buy when we get there lar.,ham,go n buy juz buy get lar
Ok lor...,ham,ok lor
I'm working technical support :)voice process.,ham,im work technic support voic process
It's justbeen overa week since we broke up and already our brains are going to mush!,ham,justbeen overa week sinc broke alreadi brain go mush
"Tunde, how are you doing. This is just wishing you a great day. Abiola.",ham,tund wish great day abiola
Nope... C ü then...,ham,nope c ü
No. But we'll do medical missions to nigeria,ham,well medic mission nigeria
No i am not having not any movies in my laptop,ham,movi laptop
Whatsup there. Dont u want to sleep,ham,whatsup dont u want sleep
Urgent Please call 09066612661 from landline. £5000 cash or a luxury 4* Canary Islands Holiday await collection. T&Cs SAE award. 20M12AQ. 150ppm. 16+ “,spam,urgent pleas call landlin £ cash luxuri canari island holiday await collect tc sae award maq ppm “
"Urgent! Please call 09066612661 from your landline, your complimentary 4* Lux Costa Del Sol holiday or £1000 CASH await collection. ppm 150 SAE T&Cs James 28, EH74RR",spam,urgent pleas call landlin complimentari lux costa del sol holiday £ cash await collect ppm sae tc jame ehrr
I havent lei.. Next mon can?,ham,havent lei next mon
Mm feeling sleepy. today itself i shall get that dear,ham,mm feel sleepi today shall get dear
How dare you stupid. I wont tell anything to you. Hear after i wont talk to you:-.,ham,dare stupid wont tell anyth hear wont talk
Do ü noe if ben is going?,ham,ü noe ben go
Can you do a mag meeting this avo at some point?,ham,mag meet avo point
I meant middle left or right?,ham,meant middl left right
Really? I crashed out cuddled on my sofa.,ham,realli crash cuddl sofa
Hi Chachi tried calling u now unable to reach u .. Pl give me a missed cal once u c tiz msg  Kanagu,ham,hi chachi tri call u unabl reach u pl give miss cal u c tiz msg kanagu
"I sent you the prices and do you mean the  &lt;#&gt; g,",ham,sent price mean ltgt g
Are you this much buzy,ham,much buzi
Nothing. Can...,ham,noth
I don't know u and u don't know me. Send CHAT to 86688 now and let's find each other! Only 150p/Msg rcvd. HG/Suite342/2Lands/Row/W1J6HL LDN. 18 years or over.,spam,dont know u u dont know send chat let find pmsg rcvd hgsuitelandsrowwjhl ldn year
No * am working on the ringing u thing but have whole houseful of screaming brats so * am pulling my hair out! Loving u,ham,work ring u thing whole hous scream brat pull hair love u
But my family not responding for anything. Now am in room not went to home for diwali but no one called me and why not coming. It makes me feel like died.,ham,famili respond anyth room went home diwali one call come make feel like die
"Tick, tick, tick ... Babe",ham,tick tick tick babe
R ü going 4 today's meeting?,ham,r ü go today meet
K da:)how many page you want?,ham,k dahow mani page want
Ya had just now.onion roast.,ham,ya nowonion roast
Send his number and give reply tomorrow morning for why you said that to him like that ok,ham,send number give repli tomorrow morn said like ok
You said not now. No problem. When you can. Let me know.,ham,said problem let know
Ok but tell me half an hr b4 u come i need 2 prepare.,ham,ok tell half hr b u come need prepar
Play w computer? Aiyah i tok 2 u lor?,ham,play w comput aiyah tok u lor
Sat right? Okay thanks... ,ham,sat right okay thank
"Derp. Which is worse, a dude who always wants to party or a dude who files a complaint about the three drug abusers he lives with",ham,derp wors dude alway want parti dude file complaint three drug abus live
Ok Chinese food on its way. When I get fat you're paying for my lipo.,ham,ok chines food way get fat your pay lipo
We r outside already.,ham,r outsid alreadi
Have a good trip. Watch out for . Remember when you get back we must decide about easter.,ham,good trip watch rememb get back must decid easter
Yo we are watching a movie on netflix,ham,yo watch movi netflix
What time. I‘m out until prob 3 or so,ham,time i‘m prob
"Can meh? Thgt some will clash... Really ah, i dun mind... I dun seen to have lost any weight... Gee...",ham,meh thgt clash realli ah dun mind dun seen lost weight gee
I dont thnk its a wrong calling between us,ham,dont thnk wrong call us
I am not sure about night menu. . . I know only about noon menu,ham,sure night menu know noon menu
ARR birthday today:) i wish him to get more oscar.,ham,arr birthday today wish get oscar
"Say this slowly.? GOD,I LOVE YOU &amp; I NEED YOU,CLEAN MY HEART WITH YOUR BLOOD.Send this to Ten special people &amp; u c miracle tomorrow, do it,pls,pls do it...",ham,say slowli godi love amp need youclean heart bloodsend ten special peopl amp u c miracl tomorrow itplspl
"Open rebtel with firefox. When it loads just put plus sign in the user name place, and it will show you two numbers. The lower number is my number. Once you pick that number the pin will display okay!",ham,open rebtel firefox load put plu sign user name place show two number lower number number pick number pin display okay
 and  picking them up from various points,ham,pick variou point
Married local women looking for discreet action now! 5 real matches instantly to your phone. Text MATCH to 69969 Msg cost 150p 2 stop txt stop BCMSFWC1N3XX,spam,marri local women look discreet action real match instantli phone text match msg cost p stop txt stop bcmsfwcnxx
Wow v v impressed. Have funs shopping!,ham,wow v v impress fun shop
I am on the way to ur home,ham,way ur home
Burger King - Wanna play footy at a top stadium? Get 2 Burger King before 1st Sept and go Large or Super with Coca-Cola and walk out a winner,spam,burger king wanna play footi top stadium get burger king st sept go larg super cocacola walk winner
No problem. Talk to you later,ham,problem talk later
Then ur sis how?,ham,ur si
Still in customer place,ham,still custom place
How come it takes so little time for a child who is afraid of the dark to become a teenager who wants to stay out all night?,spam,come take littl time child afraid dark becom teenag want stay night
"Dude u knw also telugu..thts gud..k, gud nyt..",ham,dude u knw also telugutht gudk gud nyt
We confirm eating at esplanade?,ham,confirm eat esplanad
Send me your id and password,ham,send id password
Kind of. Took it to garage. Centre part of exhaust needs replacing. Part ordered n taking it to be fixed tomo morning.,ham,kind took garag centr part exhaust need replac part order n take fix tomo morn
"For ur chance to win a £250 cash every wk TXT: ACTION to 80608. T's&C's www.movietrivia.tv custcare 08712405022, 1x150p/wk.",spam,ur chanc win £ cash everi wk txt action tsc wwwmovietriviatv custcar xpwk
Well I might not come then...,ham,well might come
Long after I quit. I get on only like 5 minutes a day as it is.,ham,long quit get like minut day
Then its most likely called Mittelschmertz. Google it. If you dont have paracetamol dont worry it will go.,ham,like call mittelschmertz googl dont paracetamol dont worri go
Well at this right I'm gonna have to get up and check today's steam sales/pee so text me when you want me to come get you,ham,well right im gonna get check today steam salespe text want come get
"Just arrived, see you in a couple days &lt;3",ham,arriv see coupl day lt
"K, wat s tht incident?",ham,k wat tht incid
Yeah get the unlimited,ham,yeah get unlimit
cThen i thk shd b enuff.. Still got conclusion n contents pg n references.. I'll b doing da contents pg n cover pg..,ham,cthen thk shd b enuff still got conclus n content pg n refer ill b da content pg n cover pg
"Forgot it takes me 3 years to shower, sorry. Where you at/your phone dead yet?",ham,forgot take year shower sorri atyour phone dead yet
Ü got wat to buy tell us then ü no need to come in again.,ham,ü got wat buy tell us ü need come
When you are big..| God will bring success.,ham,big god bring success
U’ve Bin Awarded £50 to Play 4 Instant Cash. Call 08715203028 To Claim. EVERY 9th Player Wins Min £50-£500. OptOut 08718727870,spam,u’v bin award £ play instant cash call claim everi th player win min ££ optout
"… we r stayin here an extra week, back next wed. How did we do in the rugby this weekend? Hi to and and , c u soon """,ham,… r stayin extra week back next wed rugbi weekend hi c u soon
Well there's still a bit left if you guys want to tonight,ham,well there still bit left guy want tonight
Not from this campus. Are you in the library?,ham,campu librari
"The affidavit says  &lt;#&gt;  E Twiggs St, division g, courtroom  &lt;#&gt; , &lt;TIME&gt;  AM. I'll double check and text you again tomorrow",ham,affidavit say ltgt e twigg st divis g courtroom ltgt lttimegt ill doubl check text tomorrow
How will I creep on you now? ;_;,ham,creep
Tell your friends what you plan to do on Valentines day @ &lt;URL&gt;,ham,tell friend plan valentin day lturlgt
If I get there before you after your ten billion calls and texts so help me god,ham,get ten billion call text help god
Purity of friendship between two is not about smiling after reading the forwarded message..Its about smiling just by seeing the name. Gud evng musthu,ham,puriti friendship two smile read forward messageit smile see name gud evng musthu
I've told him that i've returned it. That should i re order it.,ham,ive told ive return order
"House-Maid is the murderer, coz the man was murdered on  &lt;#&gt; th January.. As public holiday all govt.instituitions are closed,including post office..",ham,housemaid murder coz man murder ltgt th januari public holiday govtinstituit closedinclud post offic
Depends on where u going lor.,ham,depend u go lor
And smile for me right now as you go and the world will wonder what you are smiling about and think your crazy and keep away from you ... *grins*,ham,smile right go world wonder smile think crazi keep away grin
FreeMsg>FAV XMAS TONES!Reply REAL,spam,freemsgfav xma tonesrepli real
Lil fever:) now fine:),ham,lil fever fine
I think it's all still in my car,ham,think still car
Can a not?,ham,
December only! Had your mobile 11mths+? You are entitled to update to the latest colour camera mobile for Free! Call The Mobile Update Co FREE on 08002986906 ,spam,decemb mobil mth entitl updat latest colour camera mobil free call mobil updat co free
Yes princess! I want to catch you with my big strong hands...,ham,ye princess want catch big strong hand
Oh yeah I forgot. U can only take 2 out shopping at once.,ham,oh yeah forgot u take shop
Mm so you asked me not to call radio,ham,mm ask call radio
Thinkin about someone is all good. No drugs for that,ham,thinkin someon good drug
"Say this slowly.? GOD,I LOVE YOU &amp; I NEED YOU,CLEAN MY HEART WITH YOUR BLOOD.Send this to Ten special people &amp; u c miracle tomorrow, do it,pls,pls do it...",ham,say slowli godi love amp need youclean heart bloodsend ten special peopl amp u c miracl tomorrow itplspl
"Enjoy the showers of possessiveness poured on u by ur loved ones, bcoz in this world of lies, it is a golden gift to be loved truly..",ham,enjoy shower possess pour u ur love one bcoz world lie golden gift love truli
"Alright if you're sure, let me know when you're leaving",ham,alright your sure let know your leav
Some are lasting as much as 2 hours. You might get lucky.,ham,last much hour might get lucki
Genius what's up. How your brother. Pls send his number to my skype.,ham,geniu what brother pl send number skype
"Gr8 Poly tones 4 ALL mobs direct 2u rply with POLY TITLE to 8007 eg POLY BREATHE1 Titles: CRAZYIN, SLEEPINGWITH, FINEST, YMCA :getzed.co.uk POBox365O4W45WQ 300p",spam,gr poli tone mob direct u rpli poli titl eg poli breath titl crazyin sleepingwith finest ymca getzedcouk poboxowwq p
Thk some of em find wtc too far... Weiyi not goin... E rest i dunno yet... R ur goin 4 dinner den i might b able to join...,ham,thk em find wtc far weiyi goin e rest dunno yet r ur goin dinner den might b abl join
Don't forget who owns you and who's private property you are ... And be my good boy always .. *passionate kiss*,ham,dont forget own who privat properti good boy alway passion kiss
INTERFLORA - It's not too late to order Interflora flowers for christmas call 0800 505060 to place your order before Midnight tomorrow.,spam,interflora it late order interflora flower christma call place order midnight tomorrow
Oh god..taken the teeth?is it paining,ham,oh godtaken teethi pain
ROMCAPspam Everyone around should be responding well to your presence since you are so warm and outgoing. You are bringing in a real breath of sunshine.,spam,romcapspam everyon around respond well presenc sinc warm outgo bring real breath sunshin
Then u ask darren go n pick u lor... But i oso sian tmr haf 2 meet lect...,ham,u ask darren go n pick u lor oso sian tmr haf meet lect
No need to buy lunch for me.. I eat maggi mee..,ham,need buy lunch eat maggi mee
"Congratulations - Thanks to a good friend U have WON the £2,000 Xmas prize. 2 claim is easy, just call 08712103738 NOW! Only 10p per minute. BT-national-rate",spam,congratul thank good friend u £ xma prize claim easi call p per minut btnationalr
Ok lor...,ham,ok lor
"Oh right, ok. I'll make sure that i do loads of work during the day!  got a really nasty cough today and is dry n shot so that should really help it!",ham,oh right ok ill make sure load work day got realli nasti cough today dri n shot realli help
Wife.how she knew the time of murder exactly,ham,wifehow knew time murder exactli
Send a logo 2 ur lover - 2 names joined by a heart. Txt LOVE NAME1 NAME2 MOBNO eg LOVE ADAM EVE 07123456789 to 87077 Yahoo! POBox36504W45WQ TxtNO 4 no ads 150p.,spam,send logo ur lover name join heart txt love name name mobno eg love adam eve yahoo poboxwwq txtno ad p
Howz that persons story,ham,howz person stori
Thanx 4 sending me home...,ham,thanx send home
Its normally hot mail. Com you see!,ham,normal hot mail com see
"You've won tkts to the EURO2004 CUP FINAL or £800 CASH, to collect CALL 09058099801 b4190604, POBOX 7876150ppm",spam,youv tkt euro cup final £ cash collect call b pobox ppm
U sick still can go shopping?,ham,u sick still go shop
"Ya they are well and fine., BBD(pooja) full pimples..even she become quite black..and ur rite here its too cold, wearing sweatter..",ham,ya well fine bbdpooja full pimpleseven becom quit blackand ur rite cold wear sweatter
Nice.nice.how is it working?,ham,nicenicehow work
1's reach home call me.,ham,reach home call
Were trying to find a Chinese food place around here,ham,tri find chines food place around
"Easy mate, * guess the quick drink was bit ambitious.",ham,easi mate guess quick drink bit ambiti
BABE !!! I miiiiiiissssssssss you ! I need you !!! I crave you !!! :-( ... Geeee ... I'm so sad without you babe ... I love you ...,ham,babe miiiiiiissssssssss need crave geeee im sad without babe love
Ok thanx...,ham,ok thanx
aathi..where are you dear..,ham,aathiwher dear
"Tunji, how's the queen? how are you doing. This is just wishing you a great day. Abiola.",ham,tunji how queen wish great day abiola
Today iZ Yellow rose day. If u love my frndship give me 1 misscall &amp; send this to ur frndZ &amp; See how many miss calls u get. If u get 6missed U marry ur Lover.,ham,today iz yellow rose day u love frndship give misscal amp send ur frndz amp see mani miss call u get u get miss u marri ur lover
Will be out of class in a few hours. Sorry,ham,class hour sorri
Wat time u finish ur lect today?,ham,wat time u finish ur lect today
"Free-message: Jamster!Get the crazy frog sound now! For poly text MAD1, for real text MAD2 to 88888. 6 crazy sounds for just 3 GBP/week! 16+only! T&C's apply",spam,freemessag jamsterget crazi frog sound poli text mad real text mad crazi sound gbpweek tc appli
"Sad story of a Man - Last week was my b'day. My Wife did'nt wish me. My Parents forgot n so did my Kids . I went to work. Even my Colleagues did not wish. As I entered my cabin my PA said, '' Happy B'day Boss !!''. I felt special. She askd me 4 lunch. After lunch she invited me to her apartment. We went there. She said,'' do u mind if I go into the bedroom for a minute ? '' ''OK'', I sed in a sexy mood. She came out 5 minuts latr wid a cake...n My Wife, My Parents, My Kidz, My Friends n My Colleagues. All screaming.. SURPRISE !! and I was waiting on the sofa.. ... ..... ' NAKED...!",ham,sad stori man last week bday wife didnt wish parent forgot n kid went work even colleagu wish enter cabin pa said happi bday boss felt special askd lunch lunch invit apart went said u mind go bedroom minut ok sed sexi mood came minut latr wid caken wife parent kidz friend n colleagu scream surpris wait sofa nake
"YOUR CHANCE TO BE ON A REALITY FANTASY SHOW call now = 08707509020 Just 20p per min NTT Ltd, PO Box 1327 Croydon CR9 5WB 0870 is a national = rate call",spam,chanc realiti fantasi show call p per min ntt ltd po box croydon cr wb nation rate call
She's fine. Good to hear from you. How are you my dear? Happy new year oh.,ham,she fine good hear dear happi new year oh
Are you going to wipro interview today?,ham,go wipro interview today
how tall are you princess?,ham,tall princess
I doubt you could handle 5 times per night in any case...,ham,doubt could handl time per night case
Haha... Hope ü can hear the receipt sound... Gd luck!,ham,haha hope ü hear receipt sound gd luck
Your gonna be the death if me. I'm gonna leave a note that says its all robs fault. Avenge me.,ham,gonna death im gonna leav note say rob fault aveng
"Japanese Proverb: If one Can do it, U too Can do it, If none Can do it,U must do it Indian version: If one Can do it, LET HIM DO it.. If none Can do it,LEAVE it!! And finally Kerala version: If one can do it, Stop him doing it.. If none can do it, Make a strike against it ...",ham,japanes proverb one u none itu must indian version one let none itleav final kerala version one stop none make strike
Today i'm not workin but not free oso... Gee... Thgt u workin at ur fren's shop ? ,ham,today im workin free oso gee thgt u workin ur fren shop
In life when you face choices Just toss a coin not becoz its settle the question But while the coin in the air U will know what your heart is hoping for. Gudni8,ham,life face choic toss coin becoz settl question coin air u know heart hope gudni
"Do you know why god created gap between your fingers..? So that, One who is made for you comes &amp; fills those gaps by holding your hand with LOVE..!",ham,know god creat gap finger one made come amp fill gap hold hand love
I want to be there so i can kiss you and feel you next to me,ham,want kiss feel next
I am not at all happy with what you saying or doing,ham,happi say
Adult 18 Content Your video will be with you shortly,spam,adult content video shortli
"Ok that would b lovely, if u r sure. Think about wot u want to do, drinkin, dancin, eatin, cinema, in, out, about... Up to u! Wot about ? ",ham,ok would b love u r sure think wot u want drinkin dancin eatin cinema u wot
What I'm saying is if you haven't explicitly told nora I know someone I'm probably just not gonna bother,ham,im say havent explicitli told nora know someon im probabl gonna bother
He says hi and to get your ass back to south tampa (preferably at a kegger),ham,say hi get ass back south tampa prefer kegger
Smith waste da.i wanna gayle.,ham,smith wast dai wanna gayl
"Mum, i've sent you many many messages since i got here. I just want to know that you are actually getting them. Do enjoy the rest of your day.",ham,mum ive sent mani mani messag sinc got want know actual get enjoy rest day
"Aight, tomorrow around  &lt;#&gt;  it is",ham,aight tomorrow around ltgt
"House-Maid is the murderer, coz the man was murdered on  &lt;#&gt; th January.. As public holiday all govt.instituitions are closed,including post office..understand?",ham,housemaid murder coz man murder ltgt th januari public holiday govtinstituit closedinclud post officeunderstand
"YOUR CHANCE TO BE ON A REALITY FANTASY SHOW call now = 08707509020 Just 20p per min NTT Ltd, PO Box 1327 Croydon CR9 5WB 0870 is a national = rate call.",spam,chanc realiti fantasi show call p per min ntt ltd po box croydon cr wb nation rate call
I actually did for the first time in a while. I went to bed not too long after i spoke with you. Woke up at 7. How was your night?,ham,actual first time went bed long spoke woke night
See you there! ,ham,see
I dont understand your message.,ham,dont understand messag
Crucify is c not s. You should have told me earlier.,ham,crucifi c told earlier
"Idk. You keep saying that you're not, but since he moved, we keep butting heads over freedom vs. responsibility. And i'm tired. I have so much other shit to deal with that i'm barely keeping myself together once this gets added to it.",ham,idk keep say your sinc move keep but head freedom vs respons im tire much shit deal im bare keep togeth get ad
Fuck cedar key and fuck her (come over anyway tho),ham,fuck cedar key fuck come anyway tho
twenty past five he said will this train have been to durham already or not coz i am in a reserved seat,ham,twenti past five said train durham alreadi coz reserv seat
"Hey Boys. Want hot XXX pics sent direct 2 ur phone? Txt PORN to 69855, 24Hrs free and then just 50p per day. To stop text STOPBCM SF WC1N3XX",spam,hey boy want hot xxx pic sent direct ur phone txt porn hr free p per day stop text stopbcm sf wcnxx
U still painting ur wall?,ham,u still paint ur wall
"Last Chance! Claim ur £150 worth of discount vouchers today! Text SHOP to 85023 now! SavaMob, offers mobile! T Cs SavaMob POBOX84, M263UZ. £3.00 Sub. 16",spam,last chanc claim ur £ worth discount voucher today text shop savamob offer mobil cs savamob pobox muz £ sub
Printer is cool. I mean groovy. Wine is groovying,ham,printer cool mean groovi wine groovi
Hi Harish's rent has been transfred to ur Acnt.,ham,hi harish rent transfr ur acnt
Anything lor is she coming?,ham,anyth lor come
Cbe is really good nowadays:)lot of shop and showrooms:)city is shaping good.,ham,cbe realli good nowadayslot shop showroomsc shape good
Ü still attending da talks?,ham,ü still attend da talk
No probs hon! How u doinat the mo?,ham,prob hon u doinat mo
K I'll take care of it,ham,k ill take care
I take it we didn't have the phone callon Friday. Can we assume we won't have it this year now?,ham,take didnt phone callon friday assum wont year
My battery is low babe,ham,batteri low babe
Shuhui has bought ron's present it's a swatch watch...,ham,shuhui bought ron present swatch watch
"Yeah there's quite a bit left, I'll swing by tomorrow when I get up",ham,yeah there quit bit left ill swing tomorrow get
Babe? You said 2 hours and it's been almost 4 ... Is your internet down ?,ham,babe said hour almost internet
K I'll be sure to get up before noon and see what's what,ham,k ill sure get noon see what
K...k...yesterday i was in cbe .,ham,kkyesterday cbe
Went to ganesh dress shop,ham,went ganesh dress shop
"pdate_Now - Double mins and 1000 txts on Orange tariffs. Latest Motorola, SonyEricsson & Nokia & Bluetooth FREE! Call MobileUpd8 on 08000839402 or call2optout/!YHL",spam,pdatenow doubl min txt orang tariff latest motorola sonyericsson nokia bluetooth free call mobileupd calloptoutyhl
Ü collecting ur laptop then going to configure da settings izzit?,ham,ü collect ur laptop go configur da set izzit
If you r @ home then come down within 5 min,ham,r home come within min
"Aight, I should be there by 8 at the latest, probably closer to 7. Are jay and tyler down or should we just do two trips?",ham,aight latest probabl closer jay tyler two trip
Come aftr  &lt;DECIMAL&gt; ..now i m cleaning the house,ham,come aftr ltdecimalgt clean hous
Ur cash-balance is currently 500 pounds - to maximize ur cash-in now send CASH to 86688 only 150p/msg. CC: 08718720201 PO BOX 114/14 TCR/W1,spam,ur cashbal current pound maxim ur cashin send cash pmsg cc po box tcrw
"Bill, as in: Are there any letters for me. i’m expecting one from orange that isn’t a bill but may still say orange on it.",ham,bill letter i’m expect one orang isn’t bill may still say orang
Tell me pa. How is pain de.,ham,tell pa pain de
HI DARLIN I HOPE YOU HAD A NICE NIGHT I WISH I HAD COME CANT WAIT TO SEE YOU LOVE FRAN PS I WANT DIRTY ANAL SEX AND I WANT A 10 MAN GANG BANG,ham,hi darlin hope nice night wish come cant wait see love fran ps want dirti anal sex want man gang bang
"Ha. You don‘t know either. I did a a clever but simple thing with pears the other day, perfect for christmas.",ham,ha don‘t know either clever simpl thing pear day perfect christma
"Helloooo... Wake up..! ""Sweet"" ""morning"" ""welcomes"" ""You"" ""Enjoy"" ""This Day"" ""with full of joy"".. ""GUD MRNG"".",ham,helloooo wake sweet morn welcom enjoy day full joy gud mrng
ALRITE,ham,alrit
Why must we sit around and wait for summer days to celebrate. Such a magical sight when the worlds dressed in white. Oooooh let there be snow.,ham,must sit around wait summer day celebr magic sight world dress white oooooh let snow
URGENT! Your Mobile number has been awarded with a £2000 prize GUARANTEED. Call 09058094454 from land line. Claim 3030. Valid 12hrs only,spam,urgent mobil number award £ prize guarante call land line claim valid hr
How do you guys go to see movies on your side.,ham,guy go see movi side
"Sorry,in meeting I'll call later",ham,sorryin meet ill call later
You didn't have to tell me that...now i'm thinking. Plus he's going to stop all your runs,ham,didnt tell thatnow im think plu he go stop run
Kindly send some one to our flat before  &lt;DECIMAL&gt;  today.,ham,kindli send one flat ltdecimalgt today
Sorry! U can not unsubscribe yet. THE MOB offer package has a min term of 54 weeks> pls resubmit request after expiry. Reply THEMOB HELP 4 more info,spam,sorri u unsubscrib yet mob offer packag min term week pl resubmit request expiri repli themob help info
Nothing lor... A bit bored too... Then y dun u go home early 2 sleep today...,ham,noth lor bit bore dun u go home earli sleep today
What time should I tell my friend to be around?,ham,time tell friend around
Yes. that will be fine. Love you. Be safe.,ham,ye fine love safe
Thanks chikku..:-) gud nyt:-*,ham,thank chikku gud nyt
Is xy in ur car when u picking me up?,ham,xy ur car u pick
"Thanx 4 the time weve spent 2geva, its bin mint! Ur my Baby and all I want is u!xxxx",ham,thanx time wev spent geva bin mint ur babi want uxxxx
"Yo, any way we could pick something up tonight?",ham,yo way could pick someth tonight
I've not sent it. He can send me.,ham,ive sent send
Fine am simply sitting.,ham,fine simpli sit
Thts god's gift for birds as humans hav some natural gift frm god..,ham,tht god gift bird human hav natur gift frm god
Are you coming to day for class.,ham,come day class
Im done. Just studyn in library,ham,im done studyn librari
Ok... U enjoy ur shows...,ham,ok u enjoy ur show
Anything...,ham,anyth
Where wuld I be without my baby? The thought alone mite break me and I dont wanna go crazy but everyboy needs his lady xxxxxxxx,ham,wuld without babi thought alon mite break dont wanna go crazi everyboy need ladi xxxxxxxx
Wat's my dear doing? Sleeping ah?,ham,wat dear sleep ah
Hi' Test on  &lt;#&gt; rd ....,ham,hi test ltgt rd
Only 2% students solved this CAT question in 'xam... 5+3+2= &lt;#&gt;  9+2+4= &lt;#&gt;  8+6+3= &lt;#&gt;  then 7+2+5=????? Tell me the answer if u r brilliant...1thing.i got d answr.,ham,student solv cat question xam ltgt ltgt ltgt tell answer u r brilliantthingi got answr
Yo do you know anyone  &lt;#&gt;  or otherwise able to buy liquor? Our guy flaked and right now if we don't get a hold of somebody its just 4 loko all night,ham,yo know anyon ltgt otherwis abl buy liquor guy flake right dont get hold somebodi loko night
Yup n her fren lor. I'm meeting my fren at 730.,ham,yup n fren lor im meet fren
"Yeah, we got one lined up for us",ham,yeah got one line us
"And stop wondering ""wow is she ever going to stop tm'ing me ?!"" because I will tm you whenever I want because you are MINE ... *laughs*",ham,stop wonder wow ever go stop tming tm whenev want mine laugh
Lol yep did that yesterday. Already got my fireplace. Now its just another icon sitting there for me.,ham,lol yep yesterday alreadi got fireplac anoth icon sit
Hey i've booked the pilates and yoga lesson already... Haha,ham,hey ive book pilat yoga lesson alreadi haha
Are you ok. What happen to behave like this,ham,ok happen behav like
You have 1 new message. Please call 08712400200.,spam,new messag pleas call
My supervisor find 4 me one lor i thk his students. I havent ask her yet. Tell u aft i ask her.,ham,supervisor find one lor thk student havent ask yet tell u aft ask
"Hello. No news on job, they are making me wait a fifth week! Yeah im up for some woozles and weasels... In exeter still, but be home about 3. ",ham,hello news job make wait fifth week yeah im woozl weasel exet still home
No message..no responce..what happend?,ham,messageno responcewhat happend
We currently have a message awaiting your collection. To collect your message just call 08718723815.,spam,current messag await collect collect messag call
"Hey babe, sorry i didn't get sooner. Gary can come and fix it cause he thinks he knows what it is but he doesn't go as far a Ptbo and he says it will cost  &lt;#&gt;  bucks. I don't know if it might be cheaper to find someone there ? We don't have any second hand machines at all right now, let me know what you want to do babe",ham,hey babe sorri didnt get sooner gari come fix caus think know doesnt go far ptbo say cost ltgt buck dont know might cheaper find someon dont second hand machin right let know want babe
make that 3! 4 fucks sake?! x,ham,make fuck sake x
Leave it. U will always be ignorant.,ham,leav u alway ignor
Nope but i'll b going 2 sch on fri quite early lor cos mys sis got paper in da morn :-),ham,nope ill b go sch fri quit earli lor co my si got paper da morn
at bruce b downs &amp; fletcher now,ham,bruce b down amp fletcher
Where are you ? You said you would be here when I woke ... :-(,ham,said would woke
Hey now am free you can call me.,ham,hey free call
Tell me whos this pls:-),ham,tell who pl
"URGENT! Your mobile was awarded a £1,500 Bonus Caller Prize on 27/6/03. Our final attempt 2 contact U! Call 08714714011",spam,urgent mobil award £ bonu caller prize final attempt contact u call
"Think i might have to give it a miss. Am teaching til twelve, then have lecture at two. Damn this working thing.",ham,think might give miss teach til twelv lectur two damn work thing
Id have to check but there's only like 1 bowls worth left,ham,id check there like bowl worth left
Yes there were many sweets,ham,ye mani sweet
I would but I'm still cozy. And exhausted from last night.nobody went to school or work. Everything is closed.,ham,would im still cozi exhaust last nightnobodi went school work everyth close
U have a secret admirer. REVEAL who thinks U R So special. Call 09065174042. To opt out Reply REVEAL STOP. 1.50 per msg recd. Cust care 07821230901,spam,u secret admir reveal think u r special call opt repli reveal stop per msg recd cust care
Buzzzz! *grins* Did I buzz your ass? Buzz your chest ? Buzz your cock ? Where do you keep your phone ? Is the vibrator on ? Did you feel it shake ?,ham,buzzzz grin buzz ass buzz chest buzz cock keep phone vibrat feel shake
Sir send to group mail check it.,ham,sir send group mail check
I'm doing da intro covers energy trends n pros n cons... Brief description of nuclear fusion n oso brief history of iter n jet got abt 7 n half pages..,ham,im da intro cover energi trend n pro n con brief descript nuclear fusion n oso brief histori iter n jet got abt n half page
NONE!NOWHERE IKNO DOESDISCOUNT!SHITINNIT,ham,nonenowher ikno doesdiscountshitinnit
You dont know you jabo me abi.,ham,dont know jabo abi
"Do you ever notice that when you're driving, anyone going slower than you is an idiot and everyone driving faster than you is a maniac?",spam,ever notic your drive anyon go slower idiot everyon drive faster maniac
Not yet had..ya sapna aunty manege y'day hogidhe..chinnu full weak and swalpa black agidhane..,ham,yet hadya sapna aunti maneg yday hogidhechinnu full weak swalpa black agidhan
"Are you being good, baby? :)",ham,good babi
NEFT Transaction with reference number  &lt;#&gt;  for Rs. &lt;DECIMAL&gt;  has been credited to the beneficiary account on  &lt;#&gt;  at  &lt;TIME&gt; : &lt;#&gt;,ham,neft transact refer number ltgt rs ltdecimalgt credit beneficiari account ltgt lttimegt ltgt
"Mostly sports type..lyk footbl,crckt..",ham,mostli sport typelyk footblcrckt
Ma head dey swell oh. Thanks for making my day,ham,head dey swell oh thank make day
U should make a fb list,ham,u make fb list
"Height of Confidence: All the Aeronautics professors wer calld &amp; they wer askd 2 sit in an aeroplane. Aftr they sat they wer told dat the plane ws made by their students. Dey all hurried out of d plane.. Bt only 1 didnt move... He said:""if it is made by my students,this wont even start........ Datz confidence..",ham,height confid aeronaut professor wer calld amp wer askd sit aeroplan aftr sat wer told dat plane ws made student dey hurri plane bt didnt move saidif made studentsthi wont even start datz confid
Sary just need Tim in the bollox &it hurt him a lot so he tol me!,ham,sari need tim bollox hurt lot tol
Happy New Year Princess!,ham,happi new year princess
"I'll text carlos and let you know, hang on",ham,ill text carlo let know hang
"Don't worry, * is easy once have ingredients!",ham,dont worri easi ingredi
I love u 2 my little pocy bell I am sorry but I love u,ham,love u littl poci bell sorri love u
"Ok omw now, you at castor?",ham,ok omw castor
Yar lor... Keep raining non stop... Or u wan 2 go elsewhere?,ham,yar lor keep rain non stop u wan go elsewher
"Xmas Offer! Latest Motorola, SonyEricsson & Nokia & FREE Bluetooth or DVD! Double Mins & 1000 Txt on Orange. Call MobileUpd8 on 08000839402 or call2optout/4QF2",spam,xma offer latest motorola sonyericsson nokia free bluetooth dvd doubl min txt orang call mobileupd calloptoutqf
What u mean u almost done? Done wif sleeping? But i tot u going to take a nap.. Yup i send her liao so i'm picking her up at ard 4 smth lor..,ham,u mean u almost done done wif sleep tot u go take nap yup send liao im pick ard smth lor
"7 wonders in My WORLD 7th You 6th Ur style 5th Ur smile 4th Ur Personality 3rd Ur Nature 2nd Ur SMS and 1st ""Ur Lovely Friendship""... good morning dear",ham,wonder world th th ur style th ur smile th ur person rd ur natur nd ur sm st ur love friendship good morn dear
"Tonight? Yeah, I'd be down for that",ham,tonight yeah id
What should i eat fo lunch senor,ham,eat fo lunch senor
"He said that he had a right giggle when he saw u again! You would possibly be the first person2die from NVQ, but think how much you could for! ",ham,said right giggl saw u would possibl first persondi nvq think much could
No break time one... How... I come out n get my stuff fr ü?,ham,break time one come n get stuff fr ü
Reply to win £100 weekly! What professional sport does Tiger Woods play? Send STOP to 87239 to end service,spam,repli win £ weekli profession sport tiger wood play send stop end servic
"I'm there and I can see you, but you can't see me ? Maybe you should reboot ym ? I seen the buzz",ham,im see cant see mayb reboot ym seen buzz
Do you still have the grinder?,ham,still grinder
No 1 POLYPHONIC tone 4 ur mob every week! Just txt PT2 to 87575. 1st Tone FREE ! so get txtin now and tell ur friends. 150p/tone. 16 reply HL 4info,spam,polyphon tone ur mob everi week txt pt st tone free get txtin tell ur friend ptone repli hl info
"Love isn't a decision, it's a feeling. If we could decide who to love, then, life would be much simpler, but then less magical",ham,love isnt decis feel could decid love life would much simpler less magic
"HOT LIVE FANTASIES call now 08707509020 Just 20p per min NTT Ltd, PO Box 1327 Croydon CR9 5WB 0870 is a national rate call",spam,hot live fantasi call p per min ntt ltd po box croydon cr wb nation rate call
K.i did't see you.:)k:)where are you now?,ham,ki didt see youkwher
So i'm doing a list of buyers.,ham,im list buyer
"No idea, I guess we'll work that out an hour after we're supposed to leave since as usual nobody has any interest in figuring shit out before the last second",ham,idea guess well work hour suppos leav sinc usual nobodi interest figur shit last second
Mm not entirely sure i understood that text but hey. Ho. Which weekend?,ham,mm entir sure understood text hey ho weekend
They released vday shirts and when u put it on it makes your bottom half naked instead of those white underwear.,ham,releas vday shirt u put make bottom half nake instead white underwear
Don know..he is watching film in computer..,ham,knowh watch film comput
No b4 Thursday,ham,b thursday
"Oh, then your phone phoned me but it disconnected",ham,oh phone phone disconnect
Id onluy matters when getting on from offcampus,ham,id onluy matter get offcampu
This message is free. Welcome to the new & improved Sex & Dogging club! To unsubscribe from this service reply STOP. msgs@150p 18+only,spam,messag free welcom new improv sex dog club unsubscrib servic repli stop msgsp
"Excellent, I'll see what riley's plans are",ham,excel ill see riley plan
I will see in half an hour,ham,see half hour
"You've won tkts to the EURO2004 CUP FINAL or £800 CASH, to collect CALL 09058099801 b4190604, POBOX 7876150ppm",spam,youv tkt euro cup final £ cash collect call b pobox ppm
Ew are you one of them?,ham,ew one
Also hi wesley how've you been,ham,also hi wesley howv
Ah you see. You have to be in the lingo. I will let you know wot on earth it is when has finished making it!,ham,ah see lingo let know wot earth finish make
"Loan for any purpose £500 - £75,000. Homeowners + Tenants welcome. Have you been previously refused? We can still help. Call Free 0800 1956669 or text back 'help'",spam,loan purpos £ £ homeown tenant welcom previous refus still help call free text back help
Update_Now - 12Mths Half Price Orange line rental: 400mins...Call MobileUpd8 on 08000839402 or call2optout=J5Q,spam,updatenow mth half price orang line rental minscal mobileupd calloptoutjq
Imagine Life WITHOUT ME... see.. How fast u are searching me?Don't worry.. l'm always there To disturb U.. Goodnoon..:),ham,imagin life without see fast u search medont worri lm alway disturb u goodnoon
"Hm good morning, headache anyone? :-)",ham,hm good morn headach anyon
Yeah no probs - last night is obviously catching up with you... Speak soon ,ham,yeah prob last night obvious catch speak soon
FREE UNLIMITED HARDCORE PORN direct 2 your mobile Txt PORN to 69200 & get FREE access for 24 hrs then chrgd@50p per day txt Stop 2exit. This msg is free,spam,free unlimit hardcor porn direct mobil txt porn get free access hr chrgdp per day txt stop exit msg free
I might go 2 sch. Yar at e salon now v boring.,ham,might go sch yar e salon v bore
 &lt;#&gt;  mins but i had to stop somewhere first.,ham,ltgt min stop somewher first
"&lt;#&gt;  is fast approaching. So, Wish u a very Happy New Year Happy Sankranti Happy republic day Happy Valentines Day Happy Shivratri Happy Ugadi Happy Fools day Happy May Day Happy Independence Day, Happy Friendship,Mother,Father,Teachers,Childrens Day, &amp; HAPPY BIRTHDAY 4 U. Happy Ganesh festival Happy Dasara Happy Diwali Happy Christmas  &lt;#&gt;  Good Mornings Afternoons, Evenings Nights. RememberI AM the first to WISHING U ALL THESE...your's Raj",ham,ltgt fast approach wish u happi new year happi sankranti happi republ day happi valentin day happi shivratri happi ugadi happi fool day happi may day happi independ day happi friendshipmotherfatherteacherschildren day amp happi birthday u happi ganesh festiv happi dasara happi diwali happi christma ltgt good morn afternoon even night rememberi first wish u theseyour raj
One of the joys in lifeis waking up each daywith thoughts that somewhereSomeone cares enough tosend a warm morning greeting.. -,ham,one joy lifei wake daywith thought somewheresomeon care enough tosend warm morn greet
I didn't get the second half of that message,ham,didnt get second half messag
Wat time do u wan 2 meet me later?,ham,wat time u wan meet later
I thank you so much for all you do with selflessness. I love you plenty.,ham,thank much selfless love plenti
Am in film ill call you later.,ham,film ill call later
How dare you change my ring,ham,dare chang ring
You are a very very very very bad girl. Or lady.,ham,bad girl ladi
I love ya too but try and budget your money better babe. Gary would freak on me if he knew,ham,love ya tri budget money better babe gari would freak knew
"What part of ""don't initiate"" don't you understand",ham,part dont initi dont understand
I finished my lunch already. U wake up already?,ham,finish lunch alreadi u wake alreadi
You still at the game?,ham,still game
You have got tallent but you are wasting.,ham,got tallent wast
What is your record for one night? :),ham,record one night
"Also sir, i sent you an email about how to log into the usc payment portal. I.ll send you another message that should explain how things are back home. Have a great weekend.",ham,also sir sent email log usc payment portal ill send anoth messag explain thing back home great weekend
 gonna let me know cos comes bak from holiday that day.  is coming. Don't4get2text me  number. ,ham,gonna let know co come bak holiday day come dontgettext number
Jokin only lar... :-) depends on which phone my father can get lor...,ham,jokin lar depend phone father get lor
"Aight, lemme know what's up",ham,aight lemm know what
Get ready for  &lt;#&gt;  inches of pleasure...,ham,get readi ltgt inch pleasur
Raji..pls do me a favour. Pls convey my Birthday wishes to Nimya. Pls. Today is her birthday.,ham,rajipl favour pl convey birthday wish nimya pl today birthday
;-) ok. I feel like john lennon.,ham,ok feel like john lennon
Cos darren say ü considering mah so i ask ü...,ham,co darren say ü consid mah ask ü
You are not bothering me but you have to trust my answers. Pls.,ham,bother trust answer pl
"Wishing you and your family Merry ""X"" mas and HAPPY NEW Year in advance..",ham,wish famili merri x ma happi new year advanc
One day a crab was running on the sea shore..The waves came n cleared the footprints of the crab.. Crab asked: being my frnd y r u clearing my beautiful footprints? Waves replied: A fox was following ur footprints to catch you! thats y i cleared it off:) frndsship never lets u dwn :-) GUD nyt..,ham,one day crab run sea shoreth wave came n clear footprint crab crab ask frnd r u clear beauti footprint wave repli fox follow ur footprint catch that clear frndsship never let u dwn gud nyt
Aight what time you want me to come up?,ham,aight time want come
Slaaaaave ! Where are you ? Must I summon you to me all the time now ? Don't you wish to come to me on your own anymore?,ham,slaaaaav must summon time dont wish come anymor
Your bill at 3 is £33.65 so thats not bad!,ham,bill £ that bad
Let me know how it changes in the next 6hrs. It can even be appendix but you are out of that age range. However its not impossible. So just chill and let me know in 6hrs,ham,let know chang next hr even appendix age rang howev imposs chill let know hr
"Hello, yeah i've just got out of the bath and need to do my hair so i'll come up when i'm done, yeah?",ham,hello yeah ive got bath need hair ill come im done yeah
So how's the weather over there?,ham,how weather
"Ok. Not much to do here though. H&M Friday, cant wait. Dunno wot the hell im gonna do for another 3 weeks! Become a slob- oh wait, already done that! ",ham,ok much though hm friday cant wait dunno wot hell im gonna anoth week becom slob oh wait alreadi done
Die... Now i have e toot fringe again...,ham,die e toot fring
Lol they don't know about my awesome phone. I could click delete right now if I want.,ham,lol dont know awesom phone could click delet right want
Ok,ham,ok
"Awesome question with a cute answer: Someone asked a boy ""how is ur life?"" . . He smiled &amp; answered: . . ""She is fine!"" Gudnite",ham,awesom question cute answer someon ask boy ur life smile amp answer fine gudnit
Please leave this topic..sorry for telling that..,ham,pleas leav topicsorri tell
Pls send me the correct name da.,ham,pl send correct name da
What happened to our yo date?,ham,happen yo date
EASTENDERS TV Quiz. What FLOWER does DOT compare herself to? D= VIOLET E= TULIP F= LILY txt D E or F to 84025 NOW 4 chance 2 WIN £100 Cash WKENT/150P16+,spam,eastend tv quiz flower dot compar violet e tulip f lili txt e f chanc win £ cash wkentp
Webpage s not available!,ham,webpag avail
Just woke up. Yeesh its late. But I didn't fall asleep til &lt;#&gt; am :/,ham,woke yeesh late didnt fall asleep til ltgt
You are now unsubscribed all services. Get tons of sexy babes or hunks straight to your phone! go to http://gotbabes.co.uk. No subscriptions.,spam,unsubscrib servic get ton sexi babe hunk straight phone go httpgotbabescouk subscript
"Dear all, as we know  &lt;#&gt; th is the  &lt;#&gt; th birthday of our loving Gopalettan. We are planning to give a small gift on that day. Those who like to participate in that you are welcome. Please contact our admin team for more details",ham,dear know ltgt th ltgt th birthday love gopalettan plan give small gift day like particip welcom pleas contact admin team detail
K..k...from tomorrow onwards started ah?,ham,kkfrom tomorrow onward start ah
What u talking bout early morning? It's almost noon where your at!,ham,u talk bout earli morn almost noon
Fine. Do you remember me.,ham,fine rememb
"Hi babe its Jordan, how r u? Im home from abroad and lonely, text me back if u wanna chat xxSP visionsms.com Text stop to stopCost 150p 08712400603",spam,hi babe jordan r u im home abroad lone text back u wanna chat xxsp visionsmscom text stop stopcost p
Ok. How many should i buy.,ham,ok mani buy
"Sounds good, keep me posted",ham,sound good keep post
Get a brand new mobile phone by being an agent of The Mob! Plus loads more goodies! For more info just text MAT to 87021.,spam,get brand new mobil phone agent mob plu load goodi info text mat
Ok. So april. Cant wait,ham,ok april cant wait
Boy you best get yo ass out here quick,ham,boy best get yo ass quick
Ay wana meet on sat?ü wkg on sat?,ham,ay wana meet satü wkg sat
I'm now but have to wait till 2 for the bus to pick me.,ham,im wait till bu pick
Apart from the one i told you about yesterday?,ham,apart one told yesterday
Ok lor... But buy wat?,ham,ok lor buy wat
Somebody should go to andros and steal ice,ham,somebodi go andro steal ice
Don know. I did't msg him recently.,ham,know didt msg recent
Take us out shopping and Mark will distract Isaiah.=D,ham,take us shop mark distract isaiahd
"Mum, hope you are having a great day. Hoping this text meets you well and full of life. Have a great day. Abiola",ham,mum hope great day hope text meet well full life great day abiola
There is no sense in my foot and penis.,ham,sens foot peni
Okay but i thought you were the expert,ham,okay thought expert
*deep sigh* ... I miss you :-( ... I am really surprised you haven't gone to the net cafe yet to get to me ... Don't you miss me?,ham,deep sigh miss realli surpris havent gone net cafe yet get dont miss
S.s:)i thinl role is like sachin.just standing. Others have to hit.,ham,ssi thinl role like sachinjust stand other hit
Have a great trip to India. And bring the light to everyone not just with the project but with everyone that is lucky to see you smile. Bye. Abiola,ham,great trip india bring light everyon project everyon lucki see smile bye abiola
"And very importantly, all we discuss is between u and i only.",ham,importantli discuss u
K..k:)how about your training process?,ham,kkhow train process
Ok lor. I ned 2 go toa payoh 4 a while 2 return smth u wan 2 send me there or wat?,ham,ok lor ned go toa payoh return smth u wan send wat
In da car park ,ham,da car park
I wish that I was with you. Holding you tightly. Making you see how important you are. How much you mean to me ... How much I need you ... In my life ...,ham,wish hold tightli make see import much mean much need life
So i asked how's anthony. Dad. And your bf,ham,ask how anthoni dad bf
"'Wnevr i wana fal in luv vth my books, My bed fals in luv vth me..!'' . Yen madodu, nav pretsorginta, nammanna pretsovru important alwa....!!:) Gud eveB-).",ham,wnevr wana fal luv vth book bed fal luv vth yen madodu nav pretsorginta nammanna pretsovru import alwa gud eveb
What Today-sunday..sunday is holiday..so no work..,ham,todaysundaysunday holidayso work
Am going to take bath ill place the key in window:-),ham,go take bath ill place key window
LORD OF THE RINGS:RETURN OF THE KING in store NOW!REPLY LOTR by 2 June 4 Chance 2 WIN LOTR soundtrack CDs StdTxtRate. Reply STOP to end txts,spam,lord ringsreturn king store nowrepli lotr june chanc win lotr soundtrack cd stdtxtrate repli stop end txt
"Dear, take care. I am just reaching home.love u a lot.",ham,dear take care reach homelov u lot
staff.science.nus.edu.sg/~phyhcmk/teaching/pc1323,ham,staffsciencenusedusgphyhcmkteachingpc
Have you emigrated or something? Ok maybe 5.30 was a bit hopeful...,ham,emigr someth ok mayb bit hope
Olol i printed out a forum post by a guy with the exact same  prob which was fixed with a gpu replacement. Hopefully they dont ignore that.,ham,olol print forum post guy exact prob fix gpu replac hope dont ignor
We walked from my moms. Right on stagwood pass right on winterstone left on victors hill. Address is &lt;#&gt;,ham,walk mom right stagwood pass right winterston left victor hill address ltgt
"Yo, you at jp and hungry like a mofo?",ham,yo jp hungri like mofo
This is all just creepy and crazy to me.,ham,creepi crazi
Ok... I din get ur msg...,ham,ok din get ur msg
Tessy..pls do me a favor. Pls convey my birthday wishes to Nimya..pls dnt forget it. Today is her birthday Shijas,ham,tessypl favor pl convey birthday wish nimyapl dnt forget today birthday shija
Pathaya enketa maraikara pa',ham,pathaya enketa maraikara pa
Even if he my friend he is a priest call him now,ham,even friend priest call
"U so lousy, run already come back then half dead... Hee...",ham,u lousi run alreadi come back half dead hee
That's y i said it's bad dat all e gals know u... Wat u doing now?,ham,that said bad dat e gal know u wat u
Or remind me in a few hrs.,ham,remind hr
"I had been hoping i would not have to send you this message. My rent is due and i dont have enough for it. My reserves are completely gone. Its a loan i need and was hoping you could her. The balance is  &lt;#&gt; . Is there a way i could get that from you, till mid march when i hope to pay back.",ham,hope would send messag rent due dont enough reserv complet gone loan need hope could balanc ltgt way could get till mid march hope pay back
Hi. Happy New Year. I dont mean to intrude but can you pls let me know how much tuition you paid last semester and how much this semester is. Thanks,ham,hi happi new year dont mean intrud pl let know much tuition paid last semest much semest thank
Hello hun how ru? Its here by the way. Im good. Been on 2 dates with that guy i met in walkabout so far. We have to meet up soon. Hows everyone else?,ham,hello hun ru way im good date guy met walkabout far meet soon how everyon els
Lol I was gonna last month. I cashed some in but I left &lt;#&gt; just in case. I was collecting more during the week cause they announced it on the blog.,ham,lol gonna last month cash left ltgt case collect week caus announc blog
Good Luck! Draw takes place 28th Feb 06. Good Luck! For removal send STOP to 87239 customer services 08708034412,spam,good luck draw take place th feb good luck remov send stop custom servic
"Short But Cute : "" Be a good person , but dont try to prove"" ..... Gud mrng...",ham,short cute good person dont tri prove gud mrng
Just haven't decided where yet eh ?,ham,havent decid yet eh
"Wat time liao, where still got.",ham,wat time liao still got
Yes watching footie but worried we're going to blow it - Phil Neville?,ham,ye watch footi worri go blow phil nevil
I wait 4 ü inside da car park...,ham,wait ü insid da car park
Uncle Abbey! Happy New Year. Abiola,ham,uncl abbey happi new year abiola
Now am free call me pa.,ham,free call pa
R u saying i should re order the slippers cos i had to pay for returning it.,ham,r u say order slipper co pay return
Stop knowing me so well!,ham,stop know well
Good evening! this is roger. How are you?,ham,good even roger
Small problem in auction:)punj now asking tiwary,ham,small problem auctionpunj ask tiwari
Free entry in 2 a weekly comp for a chance to win an ipod. Txt POD to 80182 to get entry (std txt rate) T&C's apply 08452810073 for details 18+,spam,free entri weekli comp chanc win ipod txt pod get entri std txt rate tc appli detail
He telling not to tell any one. If so treat for me hi hi hi,ham,tell tell one treat hi hi hi
My uncles in Atlanta. Wish you guys a great semester.,ham,uncl atlanta wish guy great semest
1st wk FREE! Gr8 tones str8 2 u each wk. Txt NOKIA ON to 8007 for Classic Nokia tones or HIT ON to 8007 for Polys. Nokia/150p Poly/200p 16+,spam,st wk free gr tone str u wk txt nokia classic nokia tone hit poli nokiap polyp
U coming 2 pick me?,ham,u come pick
Thats cool. i liked your photos. You are very sexy!,ham,that cool like photo sexi
would u fuckin believe it they didnt know i had thurs pre booked off so they re cancelled me AGAIN! that needs to b sacked,ham,would u fuckin believ didnt know thur pre book cancel need b sack
"Haha better late than ever, any way I could swing by?",ham,haha better late ever way could swing
Ok. But i finish at 6.,ham,ok finish
"LookAtMe!: Thanks for your purchase of a video clip from LookAtMe!, you've been charged 35p. Think you can do better? Why not send a video in a MMSto 32323.",spam,lookatm thank purchas video clip lookatm youv charg p think better send video mmsto
I've been barred from all B and Q stores for life!?This twat in orange dungerees came up to me and asked if I wanted decking? So I got the first punch in!!,ham,ive bar b q store lifethi twat orang dungere came ask want deck got first punch
So no messages. Had food?,ham,messag food
Ok going to sleep. Hope i can meet her.,ham,ok go sleep hope meet
Wat makes some people dearer is not just de happiness dat u feel when u meet them but de pain u feel when u miss dem!!!,ham,wat make peopl dearer de happi dat u feel u meet de pain u feel u miss dem
Can you let me know details of fri when u find out cos I'm not in tom or fri. mentionned chinese. Thanks,ham,let know detail fri u find co im tom fri mention chines thank
You're right I have now that I think about it,ham,your right think
Wat r u doing now?,ham,wat r u
Is ur lecture over?,ham,ur lectur
sexy sexy cum and text me im wet and warm and ready for some porn! u up for some fun? THIS MSG IS FREE RECD MSGS 150P INC VAT 2 CANCEL TEXT STOP,spam,sexi sexi cum text im wet warm readi porn u fun msg free recd msg p inc vat cancel text stop
Customer place i will call you,ham,custom place call
Not planned yet :)going to join company on jan 5 only.don know what will happen after that.,ham,plan yet go join compani jan onlydon know happen
Boy; I love u Grl: Hogolo Boy: gold chain kodstini Grl: Agalla Boy: necklace madstini Grl: agalla Boy: Hogli 1 mutai eerulli kodthini! Grl: I love U kano;-),ham,boy love u grl hogolo boy gold chain kodstini grl agalla boy necklac madstini grl agalla boy hogli mutai eerulli kodthini grl love u kano
"Haha I heard that, text me when you're around",ham,haha heard text your around
I.ll get there tomorrow and send it to you,ham,ill get tomorrow send
"SHIT BABE.. THASA BIT MESSED UP.YEH, SHE SHUDVETOLD U. DID URGRAN KNOW?NEWAY, ILLSPEAK 2 U2MORO WEN IM NOT ASLEEP...",ham,shit babe thasa bit mess upyeh shudvetold u urgran knowneway illspeak umoro wen im asleep
Oh thats late! Well have a good night and i will give u a call tomorrow. Iam now going to go to sleep night night,ham,oh that late well good night give u call tomorrow iam go go sleep night night
CHEERS U TEX MECAUSE U WEREBORED! YEAH OKDEN HUNNY R UIN WK SAT?SOUNDS LIKEYOUR HAVIN GR8FUN J! KEEP UPDAT COUNTINLOTS OF LOVEME XXXXX.,ham,cheer u tex mecaus u werebor yeah okden hunni r uin wk satsound likeyour havin grfun j keep updat countinlot lovem xxxxx
"Sorry,  in meeting I'll call you later",ham,sorri meet ill call later
Yo! Howz u? girls never rang after india. L,ham,yo howz u girl never rang india l
Yeah but which is worse for i,ham,yeah wors
Hard LIVE 121 chat just 60p/min. Choose your girl and connect LIVE. Call 09094646899 now! Cheap Chat UK's biggest live service. VU BCM1896WC1N3XX,spam,hard live chat pmin choos girl connect live call cheap chat uk biggest live servic vu bcmwcnxx
I tagged MY friends that you seemed to count as YOUR friends.,ham,tag friend seem count friend
Not heard from U4 a while. Call 4 rude chat private line 01223585334 to cum. Wan 2C pics of me gettin shagged then text PIX to 8552. 2End send STOP 8552 SAM xxx,spam,heard u call rude chat privat line cum wan c pic gettin shag text pix end send stop sam xxx
Ok...,ham,ok
Long time. You remember me today.,ham,long time rememb today
Havent shopping now lor i juz arrive only,ham,havent shop lor juz arriv
Thank u. IT BETTER WORK OUT CAUSE I WILL FEEL USED OTHERWISE,ham,thank u better work caus feel use otherwis
Are you up for the challenge? I know i am :),ham,challeng know
How much did ur hdd casing cost.,ham,much ur hdd case cost
Mystery solved! Just opened my email and he's sent me another batch! Isn't he a sweetie,ham,mysteri solv open email he sent anoth batch isnt sweeti
I can't describe how lucky you are that I'm actually awake by noon,ham,cant describ lucki im actual awak noon
This is the 2nd time we have tried to contact u. U have won the £1450 prize to claim just call 09053750005 b4 310303. T&Cs/stop SMS 08718725756. 140ppm,spam,nd time tri contact u u £ prize claim call b tcsstop sm ppm
"TODAY is Sorry day.! If ever i was angry with you, if ever i misbehaved or hurt you? plz plz JUST SLAP URSELF Bcoz, Its ur fault, I'm basically GOOD",ham,today sorri day ever angri ever misbehav hurt plz plz slap urself bcoz ur fault im basic good
Cheers for the card ... Is it that time of year already?,ham,cheer card time year alreadi
"HOT LIVE FANTASIES call now 08707509020 Just 20p per min NTT Ltd, PO Box 1327 Croydon CR9 5WB 0870..k",spam,hot live fantasi call p per min ntt ltd po box croydon cr wb k
"When people see my msgs, They think Iam addicted to msging... They are wrong, Bcoz They don\'t know that Iam addicted to my sweet Friends..!! BSLVYL",ham,peopl see msg think iam addict msging wrong bcoz dont know iam addict sweet friend bslvyl
Ugh hopefully the asus ppl dont randomly do a reformat.,ham,ugh hope asu ppl dont randomli reformat
"Haven't seen my facebook, huh? Lol!",ham,havent seen facebook huh lol
"Mah b, I'll pick it up tomorrow",ham,mah b ill pick tomorrow
Still otside le..u come 2morrow maga..,ham,still otsid leu come morrow maga
Do u still have plumbers tape and a wrench we could borrow?,ham,u still plumber tape wrench could borrow
"Dear Voucher Holder, To claim this weeks offer, at you PC please go to http://www.e-tlp.co.uk/reward. Ts&Cs apply.",spam,dear voucher holder claim week offer pc pleas go httpwwwetlpcoukreward tsc appli
It vl bcum more difficult..,ham,vl bcum difficult
UR GOING 2 BAHAMAS! CallFREEFONE 08081560665 and speak to a live operator to claim either Bahamas cruise of£2000 CASH 18+only. To opt out txt X to 07786200117,spam,ur go bahama callfreefon speak live oper claim either bahama cruis of£ cash opt txt x
Havent still waitin as usual... Ü come back sch oredi?,ham,havent still waitin usual ü come back sch oredi
In meeting da. I will call you,ham,meet da call
K k :-):-) then watch some films.,ham,k k watch film
Does cinema plus drink appeal tomo? * Is a fr thriller by director i like on at mac at 8.30.,ham,cinema plu drink appeal tomo fr thriller director like mac
There the size of elephant tablets & u shove um up ur ass!!,ham,size eleph tablet u shove um ur ass
"So many people seems to be special at first sight, But only very few will remain special to you till your last sight.. Maintain them till life ends.. take cr da",ham,mani peopl seem special first sight remain special till last sight maintain till life end take cr da
"My Parents, My Kidz, My Friends n My Colleagues. All screaming.. SURPRISE !! and I was waiting on the sofa.. ... ..... ' NAKED...!",ham,parent kidz friend n colleagu scream surpris wait sofa nake
Dunno i juz askin cos i got a card got 20% off 4 a salon called hair sense so i tot it's da one ü cut ur hair. ,ham,dunno juz askin co got card got salon call hair sens tot da one ü cut ur hair
Good morning pookie pie! Lol hope I didn't wake u up,ham,good morn pooki pie lol hope didnt wake u
MAYBE IF YOU WOKE UP BEFORE FUCKING 3 THIS WOULDN'T BE A PROBLEM.,ham,mayb woke fuck wouldnt problem
Happy birthday to you....dear.with lots of love.rakhesh NRI,ham,happi birthday youdearwith lot loverakhesh nri
Howz that persons story,ham,howz person stori
"This is the 2nd time we have tried 2 contact u. U have won the 750 Pound prize. 2 claim is easy, call 08712101358 NOW! Only 10p per min. BT-national-rate",spam,nd time tri contact u u pound prize claim easi call p per min btnationalr
X2  &lt;#&gt; . Are you going to get that,ham,x ltgt go get
Hi neva worry bout da truth coz the truth will lead me 2 ur heart. Its the least a unique person like u deserve. Sleep tight or morning,ham,hi neva worri bout da truth coz truth lead ur heart it least uniqu person like u deserv sleep tight morn
UR awarded a City Break and could WIN a £200 Summer Shopping spree every WK. Txt STORE to 88039.SkilGme.TsCs087147403231Winawk!Age16+£1.50perWKsub,spam,ur award citi break could win £ summer shop spree everi wk txt store skilgmetscswinawkage£perwksub
Is ur paper today in e morn or aft?,ham,ur paper today e morn aft
I will lick up every drop :) are you ready to use your mouth as well?,ham,lick everi drop readi use mouth well
And you! Will expect you whenever you text! Hope all goes well tomo ,ham,expect whenev text hope goe well tomo
Great. P diddy is my neighbor and comes for toothpaste every morning,ham,great p diddi neighbor come toothpast everi morn
"I av a new number,  . Wil u only use this one,ta.",ham,av new number wil u use oneta
So its to be poking man everyday that they teach you in canada abi! How are you. Just saying hi.,ham,poke man everyday teach canada abi say hi
7 lor... Change 2 suntec... Wat time u coming?,ham,lor chang suntec wat time u come
No de.am seeing in online shop so that i asked.,ham,deam see onlin shop ask
Just curious because my cuz asked what I was up to,ham,curiou cuz ask
Nice.nice.how is it working?,ham,nicenicehow work
Okay lor... Wah... like that def they wont let us go... Haha... What did they say in the terms and conditions?,ham,okay lor wah like def wont let us go haha say term condit
Haha... Yup hopefully  we will lose a few kg by mon. after hip hop can go orchard and weigh again,ham,haha yup hope lose kg mon hip hop go orchard weigh
She's good. How are you. Where r u working now,ham,she good r u work
"Oh, yes, I've just been a little under the weather so i've kind of been coccooning at home",ham,oh ye ive littl weather ive kind coccoon home
At home also.,ham,home also
This phone has the weirdest auto correct.,ham,phone weirdest auto correct
Oops my phone died and I didn't even know. Yeah I like it better.,ham,oop phone die didnt even know yeah like better
Havent mus ask if u can 1st wat. Of meet 4 lunch den u n him meet can already lor. Or u wan 2 go ask da ge 1st then confirm w me asap?,ham,havent mu ask u st wat meet lunch den u n meet alreadi lor u wan go ask da ge st confirm w asap
"She said,'' do u mind if I go into the bedroom for a minute ? '' ''OK'', I sed in a sexy mood. She came out 5 minuts latr wid a cake...n My Wife,",ham,said u mind go bedroom minut ok sed sexi mood came minut latr wid caken wife
"OH YEAH,AND HAV A GREAT TIME IN NEWQUAY-SEND ME A POSTCARD !1 LOOK AFTER ALL THE GIRLS WHILE IM GONE(U KNOW THE 1IM TALKIN BOUT!)xx",ham,oh yeahand hav great time newquaysend postcard look girl im goneu know im talkin boutxx
We got a divorce. Lol. She.s here,ham,got divorc lol she
What's ur pin?,ham,what ur pin
"Babe, have you got enough money to pick up bread and milk ? And I'll give you it back when you get home ?",ham,babe got enough money pick bread milk ill give back get home
I want snow. It's just freezing and windy.,ham,want snow freez windi
URGENT! We are trying to contact U. Todays draw shows that you have won a £2000 prize GUARANTEED. Call 09066358361 from land line. Claim Y87. Valid 12hrs only,spam,urgent tri contact u today draw show £ prize guarante call land line claim valid hr
Come to mahal bus stop.. &lt;DECIMAL&gt;,ham,come mahal bu stop ltdecimalgt
Don know:)this week i'm going to tirunelvai da.,ham,knowthi week im go tirunelvai da
Me too baby! I promise to treat you well! I bet you will take good care of me...,ham,babi promis treat well bet take good care
Its like that hotel dusk game i think. You solve puzzles in a area thing,ham,like hotel dusk game think solv puzzl area thing
"Thanks for your ringtone order, reference number X29. Your mobile will be charged 4.50. Should your tone not arrive please call customer services 09065989180",spam,thank rington order refer number x mobil charg tone arriv pleas call custom servic
"Hi, my love! How goes that day? Fuck, this morning I woke and dropped my cell on the way down the stairs but it seems alright ... *phews* I miss you !",ham,hi love goe day fuck morn woke drop cell way stair seem alright phew miss
Well that must be a pain to catch,ham,well must pain catch
Sorry da thangam.it's my mistake.,ham,sorri da thangamit mistak
I need... Coz i never go before ,ham,need coz never go
"Rose for red,red for blood,blood for heart,heart for u. But u for me.... Send tis to all ur friends.. Including me.. If u like me.. If u get back, 1-u r poor in relation! 2-u need some 1 to support 3-u r frnd 2 many 4-some1 luvs u 5+- some1 is praying god to marry u.:-) try it....",ham,rose redr bloodblood heartheart u u send ti ur friend includ u like u get back u r poor relat u need support u r frnd mani luv u pray god marri u tri
Wife.how she knew the time of murder exactly,ham,wifehow knew time murder exactli
"SIX chances to win CASH! From 100 to 20,000 pounds txt> CSH11 and send to 87575. Cost 150p/day, 6days, 16+ TsandCs apply Reply HL 4 info",spam,six chanc win cash pound txt csh send cost pday day tsandc appli repli hl info
Ur cash-balance is currently 500 pounds - to maximize ur cash-in now send COLLECT to 83600 only 150p/msg. CC: 08718720201 PO BOX 114/14 TCR/W1,spam,ur cashbal current pound maxim ur cashin send collect pmsg cc po box tcrw
"I feel like a dick because I keep sleeping through your texts and facebook messages. Sup, you in town?",ham,feel like dick keep sleep text facebook messag sup town
No plm i will come da. On the way.,ham,plm come da way
Guess he wants alone time. We could just show up and watch when they do..,ham,guess want alon time could show watch
Height of recycling: Read twice- People spend time for earning money and the same money is spent for spending time!;-) Good morning.. keep smiling:-),ham,height recycl read twice peopl spend time earn money money spent spend time good morn keep smile
Yup ü not comin :-(,ham,yup ü comin
"Yes, princess. Toledo.",ham,ye princess toledo
"Aight text me when you're back at mu and I'll swing by, need somebody to get the door for me",ham,aight text your back mu ill swing need somebodi get door
Ron say fri leh. N he said ding tai feng cant make reservations. But he said wait lor.,ham,ron say fri leh n said ding tai feng cant make reserv said wait lor
Good. No swimsuit allowed :),ham,good swimsuit allow
Am okay. Will soon be over. All the best,ham,okay soon best
"A cute thought for friendship: ""Its not necessary to share every secret with ur close Frnd, but watever u shared should be true""....",ham,cute thought friendship necessari share everi secret ur close frnd watev u share true
Ok i've sent u da latest version of da project.,ham,ok ive sent u da latest version da project
Good Morning my Dear........... Have a great &amp; successful day.,ham,good morn dear great amp success day
Pls accept me for one day. Or am begging you change the number.,ham,pl accept one day beg chang number
Squeeeeeze!! This is christmas hug.. If u lik my frndshp den hug me back.. If u get 3 u r cute:) 6 u r luvd:* 9 u r so lucky;) None? People hate u:,ham,squeeeeez christma hug u lik frndshp den hug back u get u r cute u r luvd u r lucki none peopl hate u
"Its ok, if anybody asks abt me, u tel them..:-P",ham,ok anybodi ask abt u tel themp
"Funny fact Nobody teaches volcanoes 2 erupt, tsunamis 2 arise, hurricanes 2 sway aroundn no 1 teaches hw 2 choose a wife Natural disasters just happens",ham,funni fact nobodi teach volcano erupt tsunami aris hurrican sway aroundn teach hw choos wife natur disast happen
* You gonna ring this weekend or wot?,ham,gonna ring weekend wot
Also track down any lighters you can find,ham,also track lighter find
"Sorry, I can't help you on this.",ham,sorri cant help
"Babe, I need your advice",ham,babe need advic
"I‘ll leave around four, ok?",ham,i‘ll leav around four ok
Come to medical college at 7pm ......forward it da,ham,come medic colleg pm forward da
K:)k..its good:)when are you going?,ham,kkit goodwhen go
I can make lasagna for you... vodka...,ham,make lasagna vodka
HI ITS KATE CAN U GIVE ME A RING ASAP XXX,ham,hi kate u give ring asap xxx
Who were those people ? Were you in a tour ? I thought you were doing that sofa thing you sent me ? Your curious sugar,ham,peopl tour thought sofa thing sent curiou sugar
"No, but you told me you were going, before you got drunk!",ham,told go got drunk
He fucking chickened out. He messaged me he would be late and woould buzz me and then I didn't hear a word from him,ham,fuck chicken messag would late woould buzz didnt hear word
"Congratulations! Thanks to a good friend U have WON the £2,000 Xmas prize. 2 claim is easy, just call 08718726978 NOW! Only 10p per minute. BT-national-rate",spam,congratul thank good friend u £ xma prize claim easi call p per minut btnationalr
I'm always looking for an excuse to be in the city.,ham,im alway look excus citi
Yup i'm still having coffee wif my frens... My fren drove she'll give me a lift...,ham,yup im still coffe wif fren fren drove shell give lift
O shore are you takin the bus,ham,shore takin bu
So u gonna get deus ex?,ham,u gonna get deu ex
I will send them to your email. Do you mind  &lt;#&gt;  times per night?,ham,send email mind ltgt time per night
"44 7732584351, Do you want a New Nokia 3510i colour phone DeliveredTomorrow? With 300 free minutes to any mobile + 100 free texts + Free Camcorder reply or call 08000930705.",spam,want new nokia colour phone deliveredtomorrow free minut mobil free text free camcord repli call
tap & spile at seven. * Is that pub on gas st off broad st by canal. Ok?,ham,tap spile seven pub ga st broad st canal ok
Ok then i come n pick u at engin?,ham,ok come n pick u engin
Which is why i never wanted to tell you any of this. Which is why i'm so short with you and on-edge as of late.,ham,never want tell im short onedg late
Raviyog Peripherals bhayandar east,ham,raviyog peripher bhayandar east
K actually can you guys meet me at the sunoco on howard? It should be right on the way,ham,k actual guy meet sunoco howard right way
You have 1 new voicemail. Please call 08719181513.,spam,new voicemail pleas call
"MOON has come to color your dreams, STARS to make them musical and my SMS to give you warm and Peaceful Sleep. Good Night",ham,moon come color dream star make music sm give warm peac sleep good night
Just finished eating. Got u a plate. NOT leftovers this time.,ham,finish eat got u plate leftov time
Thanx a lot...,ham,thanx lot
Hurry home u big butt. Hang up on your last caller if u have to. Food is done and I'm starving. Don't ask what I cooked.,ham,hurri home u big butt hang last caller u food done im starv dont ask cook
Lol your right. What diet? Everyday I cheat anyway. I'm meant to be a fatty :(,ham,lol right diet everyday cheat anyway im meant fatti
Its a great day. Do have yourself a beautiful one.,ham,great day beauti one
What happened in interview?,ham,happen interview
"Solve d Case : A Man Was Found Murdered On  &lt;DECIMAL&gt; . &lt;#&gt;  AfterNoon. 1,His wife called Police. 2,Police questioned everyone. 3,Wife: Sir,I was sleeping, when the murder took place. 4.Cook: I was cooking. 5.Gardener: I was picking vegetables. 6.House-Maid: I went 2 d post office. 7.Children: We went 2 play. 8.Neighbour: We went 2 a marriage. Police arrested d murderer Immediately. Who's It? Reply With Reason, If U r Brilliant.",ham,solv case man found murder ltdecimalgt ltgt afternoon wife call polic polic question everyon wife siri sleep murder took place cook cook garden pick veget housemaid went post offic children went play neighbour went marriag polic arrest murder immedi who repli reason u r brilliant
Badrith is only for chennai:)i will surely pick for us:)no competition for him.,ham,badrith chennaii sure pick usno competit
I tot it's my group mate... Lucky i havent reply... Wat time do ü need to leave... ,ham,tot group mate lucki havent repli wat time ü need leav
Hey you around? I've got enough for a half + the ten I owe you,ham,hey around ive got enough half ten owe
Hey tmr maybe can meet you at yck,ham,hey tmr mayb meet yck
ALRITE SAM ITS NIC JUST CHECKIN THAT THIS IS UR NUMBER-SO IS IT?T.B*,ham,alrit sam nic checkin ur numberso ittb
They are just making it easy to pay back. I have  &lt;#&gt; yrs to say but i can pay back earlier. You get?,ham,make easi pay back ltgt yr say pay back earlier get
Not to worry. I'm sure you'll get it.,ham,worri im sure youll get
"The gas station is like a block away from my house, you'll drive right by it since armenia ends at swann and you have to take howard",ham,ga station like block away hous youll drive right sinc armenia end swann take howard
"Someone U know has asked our dating service 2 contact you! Cant Guess who? CALL 09058097189 NOW all will be revealed. POBox 6, LS15HB 150p ",spam,someon u know ask date servic contact cant guess call reveal pobox lshb p
Camera - You are awarded a SiPix Digital Camera! call 09061221066 fromm landline. Delivery within 28 days,spam,camera award sipix digit camera call fromm landlin deliveri within day
My tuition is at 330. Hm we go for the 1120 to 1205 one? Do you mind?,ham,tuition hm go one mind
"I'm not smoking while people use ""wylie smokes too much"" to justify ruining my shit",ham,im smoke peopl use wyli smoke much justifi ruin shit
Dear good morning how you feeling dear,ham,dear good morn feel dear
A little. Meds say take once every 8 hours. It's only been 5 but pain is back. So I took another. Hope I don't die,ham,littl med say take everi hour pain back took anoth hope dont die
"Beautiful tomorrow never comes.. When it comes, it's already TODAY.. In the hunt of beautiful tomorrow don't waste your wonderful TODAY.. GOODMORNING:)",ham,beauti tomorrow never come come alreadi today hunt beauti tomorrow dont wast wonder today goodmorn
Dunno lei ü all decide lor. How abt leona? Oops i tot ben is going n i msg him.,ham,dunno lei ü decid lor abt leona oop tot ben go n msg
Hi there. We have now moved in2 our pub . Would be great 2 c u if u cud come up.,ham,hi move pub would great c u u cud come
Todays Voda numbers ending 5226 are selected to receive a ?350 award. If you hava a match please call 08712300220 quoting claim code 1131 standard rates app ,spam,today voda number end select receiv award hava match pleas call quot claim code standard rate app
This message is free. Welcome to the new & improved Sex & Dogging club! To unsubscribe from this service reply STOP. msgs@150p 18 only,spam,messag free welcom new improv sex dog club unsubscrib servic repli stop msgsp
"Honeybee Said: *I'm d Sweetest in d World* God Laughed &amp; Said: *Wait,U Havnt Met d Person Reading This Msg* MORAL: Even GOD Can Crack Jokes! GM+GN+GE+GN:)",ham,honeybe said im sweetest world god laugh amp said waitu havnt met person read msg moral even god crack joke gmgngegn
Just do what ever is easier for you,ham,ever easier
RCT' THNQ Adrian for U text. Rgds Vatian,spam,rct thnq adrian u text rgd vatian
Stop calling everyone saying I might have cancer. My throat hurts to talk. I can't be answering everyones calls. If I get one more call I'm not babysitting on Monday,ham,stop call everyon say might cancer throat hurt talk cant answer everyon call get one call im babysit monday
"It'll be tough, but I'll do what I have to",ham,itll tough ill
IM GONNAMISSU SO MUCH!!I WOULD SAY IL SEND U A POSTCARD BUTTHERES ABOUTAS MUCH CHANCE OF MEREMEMBERIN ASTHERE IS OFSI NOT BREAKIN HIS CONTRACT!! LUV Yaxx,ham,im gonnamissu muchi would say il send u postcard butther abouta much chanc merememberin asther ofsi breakin contract luv yaxx
Ee msg na poortiyagi odalebeku: Hanumanji 7 name 1-Hanuman 2-Bajarangabali 3-Maruti 4-Pavanaputra 5-Sankatmochan 6-Ramaduth 7-Mahaveer ee 7 name  &lt;#&gt;  janarige ivatte kalisidare next saturday olage ondu good news keluviri...! Maretare inde 1 dodda problum nalli siguviri idu matra  &lt;#&gt; % true.. Don't neglet.,ham,ee msg na poortiyagi odalebeku hanumanji name hanuman bajarangabali maruti pavanaputra sankatmochan ramaduth mahav ee name ltgt janarig ivatt kalisidar next saturday olag ondu good news keluviri maretar ind dodda problum nalli siguviri idu matra ltgt true dont neglet
HI DARLIN I FINISH AT 3 DO U 1 2 PICK ME UP OR MEET ME? TEXT BACK ON THIS NUMBER LUV KATE XXX,ham,hi darlin finish u pick meet text back number luv kate xxx
"Set a place for me in your heart and not in your mind, as the mind easily forgets but the heart will always remember. Wish you Happy Valentines Day!",ham,set place heart mind mind easili forget heart alway rememb wish happi valentin day
But i'm surprised she still can guess right lor...,ham,im surpris still guess right lor
Okie ü wan meet at bishan? Cos me at bishan now. I'm not driving today.,ham,oki ü wan meet bishan co bishan im drive today
Oh ho. Is this the first time u use these type of words,ham,oh ho first time u use type word
HI DARLIN HOW WAS WORK DID U GET INTO TROUBLE? IJUST TALKED TO YOUR MUM ALL MORNING! I HAD A REALLY GOOD TIME LAST NIGHT IM GOIN OUT SOON BUT CALL ME IF U CAN,ham,hi darlin work u get troubl ijust talk mum morn realli good time last night im goin soon call u
I know you are serving. I mean what are you doing now.,ham,know serv mean
"Huh... Hyde park not in mel ah, opps, got confused... Anyway, if tt's e best choice den we juz have to take it...",ham,huh hyde park mel ah opp got confus anyway tt e best choic den juz take
Oh gei. That happend to me in tron. Maybe ill dl it in 3d when its out,ham,oh gei happend tron mayb ill dl
"FREE MESSAGE Activate your 500 FREE Text Messages by replying to this message with the word FREE For terms & conditions, visit www.07781482378.com",spam,free messag activ free text messag repli messag word free term condit visit wwwcom
I know girls always safe and selfish know i got it pa. Thank you. good night.,ham,know girl alway safe selfish know got pa thank good night
"No worries, hope photo shoot went well. have a spiffing fun at workage. ",ham,worri hope photo shoot went well spif fun workag
I'm freezing and craving ice. Fml,ham,im freez crave ice fml
Kay... Since we are out already ,ham,kay sinc alreadi
Eh sorry leh... I din c ur msg. Not sad already lar. Me watching tv now. U still in office?,ham,eh sorri leh din c ur msg sad alreadi lar watch tv u still offic
Yo im right by yo work,ham,yo im right yo work
Ok darlin i supose it was ok i just worry too much.i have to do some film stuff my mate and then have to babysit again! But you can call me there.xx,ham,ok darlin supos ok worri muchi film stuff mate babysit call therexx
"She said,'' do u mind if I go into the bedroom for a minute ? '' ''OK'', I sed in a sexy mood. She came out 5 minuts latr wid a cake...n My Wife,",ham,said u mind go bedroom minut ok sed sexi mood came minut latr wid caken wife
I don wake since. I checked that stuff and saw that its true no available spaces. Pls call the embassy or send a mail to them.,ham,wake sinc check stuff saw true avail space pl call embassi send mail
Nope... Juz off from work...,ham,nope juz work
Huh so fast... Dat means u havent finished painting?,ham,huh fast dat mean u havent finish paint
 what number do u live at? Is it 11?,ham,number u live
"No we put party 7 days a week and study lightly, I think we need to draw in some custom checkboxes so they know we're hardcore",ham,put parti day week studi lightli think need draw custom checkbox know hardcor
Sac will score big hundred.he is set batsman:-),ham,sac score big hundredh set batsman
Send me yetty's number pls.,ham,send yetti number pl
How much it will cost approx . Per month.,ham,much cost approx per month
Ok... The theory test? when are ü going to book? I think it's on 21 may. Coz thought wanna go out with jiayin. But she isnt free,ham,ok theori test ü go book think may coz thought wanna go jiayin isnt free
"You are being contacted by our dating service by someone you know! To find out who it is, call from a land line 09050000928. PoBox45W2TG150P",spam,contact date servic someon know find call land line poboxwtgp
"That's fine, have him give me a call if he knows what he wants or has any questions",ham,that fine give call know want question
"Sorry, got a late start, we're on the way",ham,sorri got late start way
Then u go back urself lor...,ham,u go back urself lor
I AM AT THE GAS STATION. GO THERE.,ham,ga station go
"K, if u bored up just come to my home..",ham,k u bore come home
Babe !!!! I LOVE YOU !!!! *covers your face in kisses*,ham,babe love cover face kiss
"Like I made him throw up when we were smoking in our friend's car one time, it was awesome",ham,like made throw smoke friend car one time awesom
Still i have not checked it da. . .,ham,still check da
You will go to walmart. I.ll stay.,ham,go walmart ill stay
"I haven't forgotten you, i might have a couple bucks to send you tomorrow, k? I love ya too",ham,havent forgotten might coupl buck send tomorrow k love ya
Oh great. I.ll disturb him more so that we can talk.,ham,oh great ill disturb talk
Reverse is cheating. That is not mathematics.,ham,revers cheat mathemat
U're welcome... Caught u using broken english again...,ham,ure welcom caught u use broken english
No problem baby. Is this is a good time to talk? I called and left a message.,ham,problem babi good time talk call left messag
"Sorry, I'll call later",ham,sorri ill call later
Oh is it! Which brand?,ham,oh brand
Sorry i cant take your call right now. It so happens that there r 2waxsto do wat you want. She can come and ill get her medical insurance. And she'll be able to deliver and have basic care. I'm currently shopping for the right medical insurance for her. So just give me til friday morning. Thats when i.ll see the major person that can guide me to the right insurance.,ham,sorri cant take call right happen r waxsto wat want come ill get medic insur shell abl deliv basic care im current shop right medic insur give til friday morn that ill see major person guid right insur
At what time are you coming.,ham,time come
Call him and say you not coming today ok and tell them not to fool me like this ok,ham,call say come today ok tell fool like ok
I emailed yifeng my part oredi.. Can ü get it fr him..,ham,email yifeng part oredi ü get fr
R u sure they'll understand that! Wine * good idea just had a slurp!,ham,r u sure theyll understand wine good idea slurp
Minimum walk is 3miles a day.,ham,minimum walk mile day
Ok not a problem will get them a taxi. C ing  tomorrow and tuesday. On tuesday think we r all going to the cinema. ,ham,ok problem get taxi c ing tomorrow tuesday tuesday think r go cinema
"Brainless Baby Doll..:-D;-), vehicle sariyag drive madoke barolla..",ham,brainless babi dolld vehicl sariyag drive madok barolla
I don't run away frm u... I walk slowly &amp; it kills me that u don't care enough to stop me...,ham,dont run away frm u walk slowli amp kill u dont care enough stop
Sorry I missed your call let's talk when you have the time. I'm on 07090201529,spam,sorri miss call let talk time im
Please attend the phone:),ham,pleas attend phone
You only hate me. You can call any but you didnt accept even a single call of mine. Or even you messaged,ham,hate call didnt accept even singl call mine even messag
No messages on her phone. I'm holding it now,ham,messag phone im hold
Can... I'm free...,ham,im free
"Yo my trip got postponed, you still stocked up?",ham,yo trip got postpon still stock
"Sorry, I'll call later",ham,sorri ill call later
I am waiting for your call sir.,ham,wait call sir
Hey what are you doing. Y no reply pa..,ham,hey repli pa
"Hey elaine, is today's meeting still on?",ham,hey elain today meet still
Sorry i've not gone to that place. I.ll do so tomorrow. Really sorry.,ham,sorri ive gone place ill tomorrow realli sorri
Most of the tiime when i don't let you hug me it's so i don't break into tears.,ham,tiim dont let hug dont break tear
Tomorrow i am not going to theatre. . . So i can come wherever u call me. . . Tell me where and when to come tomorrow,ham,tomorrow go theatr come wherev u call tell come tomorrow
And now electricity just went out fml.,ham,electr went fml
"Looks like you found something to do other than smoke, great job!",ham,look like found someth smoke great job
Also andros ice etc etc,ham,also andro ice etc etc
:) ,ham,
"Good afternon, my love. How are today? I hope your good and maybe have some interviews. I wake and miss you babe. A passionate kiss from across the sea",ham,good afternon love today hope good mayb interview wake miss babe passion kiss across sea
Yup. Wun believe wat? U really neva c e msg i sent shuhui?,ham,yup wun believ wat u realli neva c e msg sent shuhui
Hows that watch resizing,ham,how watch resiz
Dear umma she called me now :-),ham,dear umma call
Just finished. Missing you plenty,ham,finish miss plenti
"complimentary 4 STAR Ibiza Holiday or £10,000 cash needs your URGENT collection. 09066364349 NOW from Landline not to lose out! Box434SK38WP150PPM18+",spam,complimentari star ibiza holiday £ cash need urgent collect landlin lose boxskwpppm
"Well, I meant as opposed to my drunken night of before",ham,well meant oppos drunken night
K... Must book a not huh? so going for yoga basic on sunday?,ham,k must book huh go yoga basic sunday
FREE MSG:We billed your mobile number by mistake from shortcode 83332.Please call 08081263000 to have charges refunded.This call will be free from a BT landline,spam,free msgwe bill mobil number mistak shortcod pleas call charg refundedthi call free bt landlin
Ok can...,ham,ok
"Oops - am at my mum's in somerset... Bit far! Back tomo, see you soon x",ham,oop mum somerset bit far back tomo see soon x
So u workin overtime nigpun?,ham,u workin overtim nigpun
Same as kallis dismissial in 2nd test:-).,ham,kalli dismissi nd test
O. Guess they both got screwd,ham,guess got screwd
Please CALL 08712402972 immediately as there is an urgent message waiting for you,spam,pleas call immedi urgent messag wait
"I'm in a meeting, call me later at",ham,im meet call later
What r u cooking me for dinner?,ham,r u cook dinner
Ok thanx...,ham,ok thanx
Bull. Your plan was to go floating off to IKEA with me without a care in the world. So i have to live with your mess another day.,ham,bull plan go float ikea without care world live mess anoth day
Then i buy.,ham,buy
URGENT! Your Mobile number has been awarded with a £2000 Bonus Caller Prize. Call 09058095201 from land line. Valid 12hrs only,spam,urgent mobil number award £ bonu caller prize call land line valid hr
Heehee that was so funny tho,ham,heehe funni tho
It only does simple arithmetic not percentages.,ham,simpl arithmet percentag
"Yeah we wouldn't leave for an hour at least, how's 4 sound?",ham,yeah wouldnt leav hour least how sound
"As a valued customer, I am pleased to advise you that following recent review of your Mob No. you are awarded with a £1500 Bonus Prize, call 09066364589",spam,valu custom pleas advis follow recent review mob award £ bonu prize call
Thanks honey. Have a great day.,ham,thank honey great day
"'An Amazing Quote'' - ""Sometimes in life its difficult to decide whats wrong!! a lie that brings a smile or the truth that brings a tear....""",ham,amaz quot sometim life difficult decid what wrong lie bring smile truth bring tear
Good night my dear.. Sleepwell&amp;Take care,ham,good night dear sleepwellamptak care
Then ü ask dad to pick ü up lar... Ü wan 2 stay until 6 meh...,ham,ü ask dad pick ü lar ü wan stay meh
"Jus chillaxin, what up",ham,ju chillaxin
HEY DAS COOL... IKNOW ALL 2 WELLDA PERIL OF STUDENTFINANCIAL CRISIS!SPK 2 U L8R.,ham,hey da cool iknow wellda peril studentfinanci crisisspk u lr
"Beautiful Truth against Gravity.. Read carefully: ""Our heart feels light when someone is in it.. But it feels very heavy when someone leaves it.."" GOODMORNING",ham,beauti truth graviti read care heart feel light someon feel heavi someon leav goodmorn
Do you want a New Nokia 3510i colour phone DeliveredTomorrow? With 300 free minutes to any mobile + 100 free texts + Free Camcorder reply or call 08000930705,spam,want new nokia colour phone deliveredtomorrow free minut mobil free text free camcord repli call
"Whats that coming over the hill..... Is it a monster! Hope you have a great day. Things r going fine here, busy though! ",ham,what come hill monster hope great day thing r go fine busi though
Joy's father is John. Then John is the ____ of Joy's father. If u ans ths you hav  &lt;#&gt;  IQ. Tis s IAS question try to answer.,ham,joy father john john joy father u an th hav ltgt iq ti ia question tri answer
Only once then after ill obey all yours.,ham,ill obey
No she didnt. I will search online and let you know.,ham,didnt search onlin let know
Where do you need to go to get it?,ham,need go get
No pic. Please re-send.,ham,pic pleas resend
He remains a bro amongst bros,ham,remain bro amongst bro
Uhhhhrmm isnt having tb test bad when youre sick,ham,uhhhhrmm isnt tb test bad your sick
But i haf enuff space got like 4 mb...,ham,haf enuff space got like mb
LIFE has never been this much fun and great until you came in. You made it truly special for me. I won't forget you! enjoy @ one gbp/sms,spam,life never much fun great came made truli special wont forget enjoy one gbpsm
Do you want a new Video phone? 600 anytime any network mins 400 Inclusive Video calls AND downloads 5 per week Free delTOMORROW call 08002888812 or reply NOW,spam,want new video phone anytim network min inclus video call download per week free deltomorrow call repli
"As a valued customer, I am pleased to advise you that following recent review of your Mob No. you are awarded with a £1500 Bonus Prize, call 09066368470",spam,valu custom pleas advis follow recent review mob award £ bonu prize call
Welcome! Please reply with your AGE and GENDER to begin. e.g 24M,spam,welcom pleas repli age gender begin eg
Freemsg: 1-month unlimited free calls! Activate SmartCall Txt: CALL to No: 68866. Subscriptn3gbp/wk unlimited calls Help: 08448714184 Stop?txt stop landlineonly,spam,freemsg month unlimit free call activ smartcal txt call subscriptngbpwk unlimit call help stoptxt stop landlineonli
Had your mobile 10 mths? Update to latest Orange camera/video phones for FREE. Save £s with Free texts/weekend calls. Text YES for a callback orno to opt out,spam,mobil mth updat latest orang cameravideo phone free save £s free textsweekend call text ye callback orno opt
Am new 2 club & dont fink we met yet Will B gr8 2 C U Please leave msg 2day wiv ur area 09099726553 reply promised CARLIE x Calls£1/minMobsmore LKPOBOX177HP51FL,spam,new club dont fink met yet b gr c u pleas leav msg day wiv ur area repli promis carli x calls£minmobsmor lkpoboxhpfl
True. Its easier with her here.,ham,true easier
Sure but since my parents will be working on Tuesday I don't really need a cover story,ham,sure sinc parent work tuesday dont realli need cover stori
Haha okay... Today weekend leh... ,ham,haha okay today weekend leh
Hi darlin did youPhone me? Im atHome if youwanna chat.,ham,hi darlin youphon im athom youwanna chat
I don't know jack shit about anything or i'd say/ask something helpful but if you want you can pretend that I did and just text me whatever in response to the hypotheticalhuagauahahuagahyuhagga,ham,dont know jack shit anyth id sayask someth help want pretend text whatev respons hypotheticalhuagauahahuagahyuhagga
You've always been the brainy one.,ham,youv alway braini one
Yeah if we do have to get a random dude we need to change our info sheets to PARTY  &lt;#&gt; /7 NEVER STUDY just to be safe,ham,yeah get random dude need chang info sheet parti ltgt never studi safe
Camera - You are awarded a SiPix Digital Camera! call 09061221066 fromm landline. Delivery within 28 days.,spam,camera award sipix digit camera call fromm landlin deliveri within day
"Christmas is An occasion that is Celebrated as a Reflection of UR... Values..., Desires..., Affections...&amp; Traditions.... Have an ideal Christmas...",ham,christma occas celebr reflect ur valu desir affectionsamp tradit ideal christma
Sending you greetings of joy and happiness. Do have a gr8 evening,ham,send greet joy happi gr even
Hi darlin i cantdo anythingtomorrow as myparents aretaking me outfor a meal. when are u free? Katexxx,ham,hi darlin cantdo anythingtomorrow mypar aretak outfor meal u free katexxx
If india win or level series means this is record:),ham,india win level seri mean record
Then what about further plan?,ham,plan
Its good to hear from you,ham,good hear
"awesome, how do I deal with the gate? Charles told me last night but, uh, yeah",ham,awesom deal gate charl told last night uh yeah
What time you thinkin of goin?,ham,time thinkin goin
Get a FREE mobile video player FREE movie. To collect text GO to 89105. Its free! Extra films can be ordered t's and c's apply. 18 yrs only,spam,get free mobil video player free movi collect text go free extra film order ts cs appli yr
Save money on wedding lingerie at www.bridal.petticoatdreams.co.uk Choose from a superb selection with national delivery. Brought to you by WeddingFriend,spam,save money wed lingeri wwwbridalpetticoatdreamscouk choos superb select nation deliveri brought weddingfriend
Your board is working fine. The issue of overheating is also reslove. But still software inst is pending. I will come around 8'o clock.,ham,board work fine issu overh also reslov still softwar inst pend come around clock
Yes but I don't care cause I know its there!,ham,ye dont care caus know
"wiskey Brandy Rum Gin Beer Vodka Scotch Shampain Wine ""KUDI""yarasu dhina vaazhthukkal. ..",ham,wiskey brandi rum gin beer vodka scotch shampain wine kudiyarasu dhina vaazhthukk
"Mon okie lor... Haha, best is cheap n gd food la, ex oso okie... Depends on whether wana eat western or chinese food... Den which u prefer... ",ham,mon oki lor haha best cheap n gd food la ex oso oki depend whether wana eat western chines food den u prefer
Sitting ard nothing to do lor. U leh busy w work?,ham,sit ard noth lor u leh busi w work
Its  &lt;#&gt; k here oh. Should i send home for sale.,ham,ltgt k oh send home sale
Sorry. || mail? || ,ham,sorri mail
Ya just telling abt tht incident..,ham,ya tell abt tht incid
Yes we were outside for like 2 hours. And I called my whole family to wake them up cause it started at 1 am,ham,ye outsid like hour call whole famili wake caus start
Ugh just got outta class,ham,ugh got outta class
"Nowadays people are notixiquating the laxinorficated opportunity for bambling of entropication.... Have you ever oblisingately opted ur books for the masteriastering amplikater of fidalfication? It is very champlaxigating, i think it is atrocious.. Wotz Ur Opinion???? Junna",ham,nowaday peopl notixiqu laxinorf opportun bambl entrop ever oblising opt ur book masteriast amplikat fidalf champlaxig think atroci wotz ur opinion junna
I dont have any of your file in my bag..i was in work when you called me.i 'll tell you if i find anything in my room.,ham,dont file bagi work call mei tell find anyth room
No need lar. Jus testing e phone card. Dunno network not gd i thk. Me waiting 4 my sis 2 finish bathing so i can bathe. Dun disturb u liao u cleaning ur room.,ham,need lar ju test e phone card dunno network gd thk wait si finish bath bath dun disturb u liao u clean ur room
Ok. I.ll do you right later.,ham,ok ill right later
Friendship poem: Dear O Dear U R Not Near But I Can Hear Dont Get Fear Live With Cheer No More Tear U R Always my Dear. Gud ni8,ham,friendship poem dear dear u r near hear dont get fear live cheer tear u r alway dear gud ni
Have your lunch and come quickly and open the door:),ham,lunch come quickli open door
Not heard from U4 a while. Call me now am here all night with just my knickers on. Make me beg for it like U did last time 01223585236 XX Luv Nikiyu4.net,spam,heard u call night knicker make beg like u last time xx luv nikiyunet
I am back. Bit long cos of accident on a30. Had to divert via wadebridge.I had a brilliant weekend thanks. Speak soon. Lots of love,ham,back bit long co accid divert via wadebridgei brilliant weekend thank speak soon lot love
"K.. I yan jiu liao... Sat we can go 4 bugis vill one frm 10 to 3 den hop to parco 4 nb. Sun can go cine frm 1030 to 2, den hop to orc mrt 4 hip hop at 4...",ham,k yan jiu liao sat go bugi vill one frm den hop parco nb sun go cine frm den hop orc mrt hip hop
Bloomberg -Message center +447797706009 Why wait? Apply for your future http://careers. bloomberg.com,spam,bloomberg messag center wait appli futur httpcareer bloombergcom
i am seeking a lady in the street and a freak in the sheets. Is that you?,ham,seek ladi street freak sheet
My phone,ham,phone
"Haha figures, well I found the piece and priscilla's bowl",ham,haha figur well found piec priscilla bowl
"Actually fuck that, just do whatever, do find an excuse to be in tampa at some point before january though",ham,actual fuck whatev find excus tampa point januari though
URGENT! We are trying to contact U. Todays draw shows that you have won a £800 prize GUARANTEED. Call 09050001808 from land line. Claim M95. Valid12hrs only,spam,urgent tri contact u today draw show £ prize guarante call land line claim validhr
yay! finally lol. i missed our cinema trip last week :-(,ham,yay final lol miss cinema trip last week
All day working day:)except saturday and sunday..,ham,day work dayexcept saturday sunday
aathi..where are you dear..,ham,aathiwher dear
Heart is empty without love.. Mind is empty without wisdom.. Eyes r empty without dreams &amp; Life is empty without frnds.. So Alwys Be In Touch. Good night &amp; sweet dreams,ham,heart empti without love mind empti without wisdom eye r empti without dream amp life empti without frnd alwi touch good night amp sweet dream
"I think I‘m waiting for the same bus! Inform me when you get there, if you ever get there.",ham,think i‘m wait bu inform get ever get
You getting back any time soon?,ham,get back time soon
", how's things? Just a quick question.",ham,how thing quick question
"Night has ended for another day, morning has come in a special way. May you smile like the sunny rays and leaves your worries at the blue blue bay. Gud mrng",ham,night end anoth day morn come special way may smile like sunni ray leav worri blue blue bay gud mrng
"I can probably come by, everybody's done around  &lt;#&gt;  right?",ham,probabl come everybodi done around ltgt right
I got it before the new year cos yetunde said she wanted to surprise you with it but when i didnt see money i returned it mid january before the  &lt;#&gt; day return period ended.,ham,got new year co yetund said want surpris didnt see money return mid januari ltgt day return period end
I can ask around but there's not a lot in terms of mids up here,ham,ask around there lot term mid
Be sure to check your yahoo email. We sent photos yesterday,ham,sure check yahoo email sent photo yesterday
What was she looking for?,ham,look
Wherre's my boytoy ? :-(,ham,wherr boytoy
Do you want a NEW video phone750 anytime any network mins 150 text for only five pounds per week call 08000776320 now or reply for delivery tomorrow,spam,want new video phone anytim network min text five pound per week call repli deliveri tomorrow
"Hello, my love! How goes that day ? I wish your well and fine babe and hope that you find some job prospects. I miss you, boytoy ... *a teasing kiss*",ham,hello love goe day wish well fine babe hope find job prospect miss boytoy teas kiss
Tell my  bad character which u Dnt lik in me. I'll try to change in  &lt;#&gt; . I ll add tat 2 my new year resolution. Waiting for ur reply.Be frank...good morning.,ham,tell bad charact u dnt lik ill tri chang ltgt add tat new year resolut wait ur replyb frankgood morn
No:-)i got rumour that you going to buy apartment in chennai:-),ham,noi got rumour go buy apart chennai
"Yeah, probably earlier than that",ham,yeah probabl earlier
Change windows logoff sound..,ham,chang window logoff sound
Still i have not checked it da. . .,ham,still check da
I'm also came to room.,ham,im also came room
Huh but i got lesson at 4 lei n i was thinkin of going to sch earlier n i tot of parkin at kent vale...  ,ham,huh got lesson lei n thinkin go sch earlier n tot parkin kent vale
Ok.,ham,ok
I will reach office around  &lt;DECIMAL&gt; . &amp; my mobile have problem. You cann't get my voice. So call you asa i'll free,ham,reach offic around ltdecimalgt amp mobil problem cannt get voic call asa ill free
"Cool, text me when you head out",ham,cool text head
"You are being contacted by our dating service by someone you know! To find out who it is, call from a land line 09050000878. PoBox45W2TG150P",spam,contact date servic someon know find call land line poboxwtgp
"Wan2 win a Meet+Greet with Westlife 4 U or a m8? They are currently on what tour? 1)Unbreakable, 2)Untamed, 3)Unkempt. Text 1,2 or 3 to 83049. Cost 50p +std text",spam,wan win meetgreet westlif u current tour unbreak untam unkempt text cost p std text
Happy birthday... May u find ur prince charming soon n dun work too hard...,ham,happi birthday may u find ur princ charm soon n dun work hard
"Oh, the grand is having a bit of a party but it doesn't mention any cover charge so it's probably first come first served",ham,oh grand bit parti doesnt mention cover charg probabl first come first serv
You said to me before i went back to bed that you can't sleep for anything.,ham,said went back bed cant sleep anyth
I hope you arnt pissed off but id would really like to see you tomorrow. Love me xxxxxxxxxxxxxX,ham,hope arnt piss id would realli like see tomorrow love xxxxxxxxxxxxxx
Dorothy@kiefer.com (Bank of Granite issues Strong-Buy) EXPLOSIVE PICK FOR OUR MEMBERS *****UP OVER 300% *********** Nasdaq Symbol CDGT That is a $5.00 per..,spam,dorothykiefercom bank granit issu strongbuy explos pick member nasdaq symbol cdgt per
says the  &lt;#&gt;  year old with a man and money. I'm down to my last  &lt;#&gt; . Still waiting for that check.,ham,say ltgt year old man money im last ltgt still wait check
I will come to ur home now,ham,come ur home
Free any day but i finish at 6 on mon n thurs...,ham,free day finish mon n thur
Will you be here for food,ham,food
"life alle mone,eppolum oru pole allalo",ham,life all moneeppolum oru pole allalo
Nite...,ham,nite
"Two fundamentals of cool life: ""Walk, like you are the KING""...! OR ""Walk like you Dont care,whoever is the KING""!... Gud nyt",ham,two fundament cool life walk like king walk like dont carewhoev king gud nyt
"Camera quite good, 10.1mega pixels, 3optical and 5digital dooms. Have a lovely holiday, be safe and i hope you hav a good journey! Happy new year to you both! See you in a couple of weeks! ",ham,camera quit good mega pixel optic digit doom love holiday safe hope hav good journey happi new year see coupl week
Hi Petey!noim ok just wanted 2 chat coz avent spoken 2 u 4 a long time-hope ur doin alrite.have good nit at js love ya am.x,ham,hi peteynoim ok want chat coz avent spoken u long timehop ur doin alritehav good nit js love ya amx
I just saw ron burgundy captaining a party boat so yeah,ham,saw ron burgundi captain parti boat yeah
I'm serious. You are in the money base,ham,im seriou money base
Already one guy loving you:-.,ham,alreadi one guy love
Staff of placement training in Amrita college.,ham,staff placement train amrita colleg
I always chat with you. In fact i need money can you raise me?,ham,alway chat fact need money rais
I'm job profile seems like bpo..,ham,im job profil seem like bpo
"Well, I was about to give up cos they all said no they didn‘t do one nighters. I persevered and found one but it is very cheap so i apologise in advance. It is just somewhere to sleep isnt it?",ham,well give co said didn‘t one nighter persev found one cheap apologis advanc somewher sleep isnt
"So you think i should actually talk to him? Not call his boss in the morning? I went to this place last year and he told me where i could go and get my car fixed cheaper. He kept telling me today how much he hoped i would come back in, how he always regretted not getting my number, etc.",ham,think actual talk call boss morn went place last year told could go get car fix cheaper kept tell today much hope would come back alway regret get number etc
Are you willing to go for apps class.,ham,will go app class
Hanging out with my brother and his family,ham,hang brother famili
No it will reach by 9 only. She telling she will be there. I dont know,ham,reach tell dont know
Hey... are you going to quit soon? Xuhui and i working till end of the month ,ham,hey go quit soon xuhui work till end month
"Im sorry bout last nite it wasnt ur fault it was me, spouse it was pmt or sumthin! U 4give me? I think u shldxxxx",ham,im sorri bout last nite wasnt ur fault spous pmt sumthin u give think u shldxxxx
Try neva mate!!,ham,tri neva mate
Yeah that'd pretty much be the best case scenario,ham,yeah thatd pretti much best case scenario
I not free today i haf 2 pick my parents up tonite...,ham,free today haf pick parent tonit
"HEY BABE! FAR 2 SPUN-OUT 2 SPK AT DA MO... DEAD 2 DA WRLD. BEEN SLEEPING ON DA SOFA ALL DAY, HAD A COOL NYTHO, TX 4 FONIN HON, CALL 2MWEN IM BK FRMCLOUD 9! J X",ham,hey babe far spunout spk da mo dead da wrld sleep da sofa day cool nytho tx fonin hon call mwen im bk frmcloud j x
Should i send you naughty pix? :),ham,send naughti pix
"You are a £1000 winner or Guaranteed Caller Prize, this is our Final attempt to contact you! To Claim Call 09071517866 Now! 150ppmPOBox10183BhamB64XE",spam,£ winner guarante caller prize final attempt contact claim call ppmpoboxbhambx
"Xmas & New Years Eve tickets are now on sale from the club, during the day from 10am till 8pm, and on Thurs, Fri & Sat night this week. They're selling fast!",spam,xma new year eve ticket sale club day till pm thur fri sat night week theyr sell fast
"Tyler (getting an 8th) has to leave not long after 9, can you get here in like an hour?",ham,tyler get th leav long get like hour
Prepare to be pounded every night...,ham,prepar pound everi night
"Actually, my mobile is full of msg. And i m doing a work online, where i need to send them  &lt;#&gt;  sent msg i wil explain u later.",ham,actual mobil full msg work onlin need send ltgt sent msg wil explain u later
"Sorry, I'll call later",ham,sorri ill call later
Good evening! How are you?,ham,good even
I'm at home. Please call,ham,im home pleas call
Oic cos me n my sis got no lunch today my dad went out... So dunno whether 2 eat in sch or wat...,ham,oic co n si got lunch today dad went dunno whether eat sch wat
"Mmmmm ... It was sooooo good to wake to your words this morning, my Love!! Mmmm fuck ... I love you too, my Lion ... *devouring kiss from across the sea*",ham,mmmmm sooooo good wake word morn love mmmm fuck love lion devour kiss across sea
We are pleased to inform that your application for Airtel Broadband is processed successfully. Your installation will happen within 3 days.,ham,pleas inform applic airtel broadband process success instal happen within day
What happen dear. Why you silent. I am tensed,ham,happen dear silent tens
"I'll get there at 3, unless you guys want me to come some time sooner",ham,ill get unless guy want come time sooner
If you are not coughing then its nothing,ham,cough noth
Ü come lt 25 n pass to me lar,ham,ü come lt n pass lar
I'm e person who's doing e sms survey...,ham,im e person who e sm survey
Lol ok ill try to send. Be warned Sprint is dead slow. You'll prolly get it tomorrow,ham,lol ok ill tri send warn sprint dead slow youll prolli get tomorrow
Thank You meet you monday,ham,thank meet monday
SO IS TH GOWER MATE WHICH IS WHERE I AM!?! HOW R U MAN? ALL IS GOOD IN WALES ILL B BACK MORROW. C U THIS WK? WHO WAS THE MSG 4?  RANDOM!,ham,th gower mate r u man good wale ill b back morrow c u wk msg  random
"Rock yr chik. Get 100's of filthy films &XXX pics on yr phone now. rply FILTH to 69669. Saristar Ltd, E14 9YT 08701752560. 450p per 5 days. Stop2 cancel",spam,rock yr chik get filthi film xxx pic yr phone rpli filth saristar ltd e yt p per day stop cancel
"Single line with a big meaning::::: ""Miss anything 4 ur ""Best Life"" but, don't miss ur best life for anything... Gud nyt...",ham,singl line big mean miss anyth ur best life dont miss ur best life anyth gud nyt
"I got like $ &lt;#&gt; , I can get some more later though. Get whatever you feel like",ham,got like ltgt get later though get whatev feel like
"Dad wanted to talk about the apartment so I got a late start, omw now",ham,dad want talk apart got late start omw
I love you both too :-),ham,love
Lol u still feeling sick?,ham,lol u still feel sick
Din i tell u jus now 420,ham,din tell u ju
am up to my eyes in philosophy,ham,eye philosophi
From next month get upto 50% More Calls 4 Ur standard network charge 2 activate Call 9061100010 C Wire3.net 1st4Terms PoBox84 M26 3UZ Cost £1.50 min MobcudB more,spam,next month get upto call ur standard network charg activ call c wirenet stterm pobox uz cost £ min mobcudb
Ok lor. I'm in town now lei.,ham,ok lor im town lei
I had it already..sabarish asked me to go..,ham,alreadysabarish ask go
No da. . Vijay going to talk in jaya tv,ham,da vijay go talk jaya tv
URGENT! We are trying to contact U Todays draw shows that you have won a £800 prize GUARANTEED. Call 09050000460 from land line. Claim J89. po box245c2150pm,spam,urgent tri contact u today draw show £ prize guarante call land line claim j po boxcpm
Lol I know! Hey someone did a great inpersonation of flea on the forums. I love it!,ham,lol know hey someon great inperson flea forum love
Text BANNEDUK to 89555 to see! cost 150p textoperator g696ga 18+ XXX,spam,text banneduk see cost p textoper gga xxx
Still chance there. If you search hard you will get it..let have a try :),ham,still chanc search hard get itlet tri
"Auction round 4. The highest bid is now £54. Next maximum bid is £71. To bid, send BIDS e. g. 10 (to bid £10) to 83383. Good luck.",spam,auction round highest bid £ next maximum bid £ bid send bid e g bid £ good luck
Do you always celebrate NY's with your family ?,ham,alway celebr ny famili
"We know TAJ MAHAL as symbol of love. But the other lesser known facts 1. Mumtaz was Shahjahan's 4th wife, out of his 7 wifes. 2. Shahjahan killed Mumtaz's husband to marry her. 3. Mumtaz died in her  &lt;#&gt; th delivery. 4. He then married Mumtaz's sister. Question arises where the Hell is the LOVE?:-| -The Great Hari-",ham,know taj mahal symbol love lesser known fact mumtaz shahjahan th wife wife shahjahan kill mumtaz husband marri mumtaz die ltgt th deliveri marri mumtaz sister question aris hell love great hari
Its ok..come to my home it vl nice to meet and v can chat..,ham,okcom home vl nice meet v chat
Collect your VALENTINE'S weekend to PARIS inc Flight & Hotel + £200 Prize guaranteed! Text: PARIS to No: 69101. www.rtf.sphosting.com,spam,collect valentin weekend pari inc flight hotel £ prize guarante text pari wwwrtfsphostingcom
Sent me de webadres for geting salary slip,ham,sent de webadr gete salari slip
She's fine. Sends her greetings,ham,she fine send greet
Customer Loyalty Offer:The NEW Nokia6650 Mobile from ONLY £10 at TXTAUCTION! Txt word: START to No: 81151 & get yours Now! 4T&Ctxt TC 150p/MTmsg,spam,custom loyalti offerth new nokia mobil £ txtauction txt word start get tctxt tc pmtmsg
But you dint in touch with me.,ham,dint touch
"Yup, leaving right now, be back soon",ham,yup leav right back soon
You won't believe it but it's true. It's Incredible Txts! Reply G now to learn truly amazing things that will blow your mind. From O2FWD only 18p/txt,spam,wont believ true incred txt repli g learn truli amaz thing blow mind ofwd ptxt
Yeah sure I'll leave in a min,ham,yeah sure ill leav min
And do you have any one that can teach me how to ship cars.,ham,one teach ship car
"The sign of maturity is not when we start saying big things.. But actually it is, when we start understanding small things... *HAVE A NICE EVENING* BSLVYL",ham,sign matur start say big thing actual start understand small thing nice even bslvyl
Yeah confirmed for you staying at  that weekend,ham,yeah confirm stay weekend
They said ü dun haf passport or smth like dat.. Or ü juz send to my email account..  ,ham,said ü dun haf passport smth like dat ü juz send email account
"Multiply the numbers independently and count decimal points then, for the division, push the decimal places like i showed you.",ham,multipli number independ count decim point divis push decim place like show
"Have a lovely night and when you wake up to see this message, i hope you smile knowing all is as should be. Have a great morning",ham,love night wake see messag hope smile know great morn
Ard 4 lor...,ham,ard lor
You are right. Meanwhile how's project twins comin up,ham,right meanwhil how project twin comin
I sent your maga that money yesterday oh.,ham,sent maga money yesterday oh
Hi 07734396839 IBH Customer Loyalty Offer: The NEW NOKIA6600 Mobile from ONLY £10 at TXTAUCTION!Txt word:START to No:81151 & get Yours Now!4T&,spam,hi ibh custom loyalti offer new nokia mobil £ txtauctiontxt wordstart get nowt
Heart is empty without love.. Mind is empty without wisdom.. Eyes r empty without dreams &amp; Life is empty without frnds.. So Alwys Be In Touch. Good night &amp; sweet dreams,ham,heart empti without love mind empti without wisdom eye r empti without dream amp life empti without frnd alwi touch good night amp sweet dream
I am hot n horny and willing I live local to you - text a reply to hear strt back from me 150p per msg Netcollex LtdHelpDesk: 02085076972 reply Stop to end,spam,hot n horni will live local text repli hear strt back p per msg netcollex ltdhelpdesk repli stop end
Our ride equally uneventful - not too many of those pesky cyclists around at that time of night ;).,ham,ride equal unev mani peski cyclist around time night
If you were/are free i can give. Otherwise nalla adi entey nattil kittum,ham,werear free give otherwis nalla adi entey nattil kittum
I've sent my wife your text. After we buy them she'll tell you what to do. So just relax. We should go get them this wkend.,ham,ive sent wife text buy shell tell relax go get wkend
I am in escape theatre now. . Going to watch KAVALAN in a few minutes,ham,escap theatr go watch kavalan minut
How much would it cost to hire a hitman,ham,much would cost hire hitman
I anything lor...,ham,anyth lor
"Sorry, I'll call later",ham,sorri ill call later
Do you want a New Nokia 3510i Colour Phone Delivered Tomorrow? With 200 FREE minutes to any mobile + 100 FREE text + FREE camcorder Reply or Call 08000930705,spam,want new nokia colour phone deliv tomorrow free minut mobil free text free camcord repli call
Huh but i cant go 2 ur house empty handed right?,ham,huh cant go ur hous empti hand right
Good morning princess! Happy New Year!,ham,good morn princess happi new year
Congratulations YOU'VE Won. You're a Winner in our August £1000 Prize Draw. Call 09066660100 NOW. Prize Code 2309.,spam,congratul youv your winner august £ prize draw call prize code
"Aight, we'll head out in a few",ham,aight well head
Then wat r u doing now? Busy wif work?,ham,wat r u busi wif work
I know you mood off today,ham,know mood today
"Jay told me already, will do",ham,jay told alreadi
Cps is causing the outages to conserve energy.,ham,cp caus outag conserv energi
"I'm not sure, I was just checking out what was happening around the area",ham,im sure check happen around area
Hey morning what you come to ask:-) pa...,ham,hey morn come ask pa
Jordan got voted out last nite!,ham,jordan got vote last nite
"That means you got an A in epi, she.s fine. She.s here now.",ham,mean got epi she fine she
I have no idea where you are,ham,idea
Pls come quick cant bare this.,ham,pl come quick cant bare
Joy's father is John. Then John is the ____ of Joy's father. If u ans ths you hav  &lt;#&gt;  IQ. Tis s IAS question try to answer.,ham,joy father john john joy father u an th hav ltgt iq ti ia question tri answer
"Call me. I m unable to cal. Lets meet bhaskar, and deep",ham,call unabl cal let meet bhaskar deep
No. I.ll meet you in the library,ham,ill meet librari
"K, my roommate also wants a dubsack and another friend may also want some so plan on bringing extra, I'll tell you when they know for sure",ham,k roommat also want dubsack anoth friend may also want plan bring extra ill tell know sure
Depends on individual lor e hair dresser say pretty but my parents say look gong. U kaypoh.. I also dunno wat she collecting.,ham,depend individu lor e hair dresser say pretti parent say look gong u kaypoh also dunno wat collect
Ok c ü then.,ham,ok c ü
I enjoy watching and playing football and basketball. Anything outdoors. And you?,ham,enjoy watch play footbal basketbal anyth outdoor
"Can you please ask macho what his price range is, does he want something new or used plus it he only interfued in the blackberry bold  &lt;#&gt;  or any bb",ham,pleas ask macho price rang want someth new use plu interfu blackberri bold ltgt bb
Sorry sent blank msg again. Yup but trying 2 do some serious studying now.,ham,sorri sent blank msg yup tri seriou studi
Hey check it da. I have listed da.,ham,hey check da list da
8007 25p 4 Alfie Moon's Children in Need song on ur mob. Tell ur m8s. Txt TONE CHARITY to 8007 for nokias or POLY CHARITY for polys :zed 08701417012 profit 2 charity ,spam,p alfi moon children need song ur mob tell ur ms txt tone chariti nokia poli chariti poli zed profit chariti
I meant as an apology from me for texting you to get me drugs at  &lt;#&gt; at night,ham,meant apolog text get drug ltgt night
That means from february to april i'll be getting a place to stay down there so i don't have to hustle back and forth during audition season as i have since my sister moved away from harlem.,ham,mean februari april ill get place stay dont hustl back forth audit season sinc sister move away harlem
Goin to workout lor... Muz lose e fats... ,ham,goin workout lor muz lose e fat
"Damn, poor zac doesn't stand a chance",ham,damn poor zac doesnt stand chanc
No message..no responce..what happend?,ham,messageno responcewhat happend
I want to tel u one thing u should not mistake me k THIS IS THE MESSAGE THAT YOU SENT:),ham,want tel u one thing u mistak k messag sent
Yeah right! I'll bring my tape measure fri!,ham,yeah right ill bring tape measur fri
Still chance there. If you search hard you will get it..let have a try :),ham,still chanc search hard get itlet tri
Meeting u is my work. . . Tel me when shall i do my work tomorrow,ham,meet u work tel shall work tomorrow
Should I head straight there or what,ham,head straight
Get the official ENGLAND poly ringtone or colour flag on yer mobile for tonights game! Text TONE or FLAG to 84199. Optout txt ENG STOP Box39822 W111WX £1.50,spam,get offici england poli rington colour flag yer mobil tonight game text tone flag optout txt eng stop box wwx £
Thank you princess! You are so sexy...,ham,thank princess sexi
Oooh I got plenty of those!,ham,oooh got plenti
Hui xin is in da lib.,ham,hui xin da lib
Its a big difference.  &lt;#&gt;  versus  &lt;#&gt;  every  &lt;#&gt; hrs,ham,big differ ltgt versu ltgt everi ltgt hr
"It's not that you make me cry. It's just that when all our stuff happens on top of everything else, it pushes me over the edge. You don't underdtand how often i cry over my sorry, sorry life.",ham,make cri stuff happen top everyth els push edg dont underdtand often cri sorri sorri life
ME 2 BABE I FEEL THE SAME LETS JUST 4GET ABOUT IT+BOTH TRY +CHEER UP+NOT FIT SOO MUCHXXLOVE U LOCAXX,ham,babe feel let get itboth tri cheer upnot fit soo muchxxlov u locaxx
You know what hook up means right?,ham,know hook mean right
"Customer service announcement. We recently tried to make a delivery to you but were unable to do so, please call 07090298926 to re-schedule. Ref:9307622",spam,custom servic announc recent tri make deliveri unabl pleas call reschedul ref
Wat's da model num of ur phone?,ham,wat da model num ur phone
He's really into skateboarding now despite the fact that he gets thrown off of it and winds up with bandages and shit all over his arms every five minutes,ham,he realli skateboard despit fact get thrown wind bandag shit arm everi five minut
"You can stop further club tones by replying ""STOP MIX"" See my-tone.com/enjoy. html for terms. Club tones cost GBP4.50/week. MFL, PO Box 1146 MK45 2WT (2/3)",spam,stop club tone repli stop mix see mytonecomenjoy html term club tone cost gbpweek mfl po box mk wt
My house here e sky quite dark liao... If raining then got excuse not 2 run already rite... Hee...,ham,hous e sky quit dark liao rain got excus run alreadi rite hee
"Sorry, left phone upstairs. OK, might be hectic but would be all my birds with one fell swoop. It's a date.",ham,sorri left phone upstair ok might hectic would bird one fell swoop date
* Thought I didn't see you.,ham,thought didnt see
wamma get laid?want real doggin locations sent direct to your mobile? join the UKs largest dogging network. txt dogs to 69696 now!nyt. ec2a. 3lp £1.50/msg.,spam,wamma get laidwant real doggin locat sent direct mobil join uk largest dog network txt dog nownyt eca lp £msg
Carlos says we can pick up from him later so yeah we're set,ham,carlo say pick later yeah set
"Hey babe, my friend had to cancel, still up for a visit ?",ham,hey babe friend cancel still visit
As per your request 'Maangalyam (Alaipayuthe)' has been set as your callertune for all Callers. Press *9 to copy your friends Callertune,ham,per request maangalyam alaipayuth set callertun caller press copi friend callertun
Hmm ill have to think about it... ok you're forgiven! =D,ham,hmm ill think ok your forgiven
"We are hoping to get away by 7, from Langport. You still up for town tonight?",ham,hope get away langport still town tonight
Want to send me a virtual hug?... I need one,ham,want send virtual hug need one
"Probably not, still going over some stuff here",ham,probabl still go stuff
It has issues right now. Ill fix for her by tomorrow.,ham,issu right ill fix tomorrow
Why i come in between you people,ham,come peopl
Senthil group company Apnt 5pm.,ham,senthil group compani apnt pm
Oh really?? Did you make it on air? What's your talent?,ham,oh realli make air what talent
Studying. But i.ll be free next weekend.,ham,studi ill free next weekend
R u here yet? I'm wearing blue shirt n black pants.,ham,r u yet im wear blue shirt n black pant
Wait.i will come out.. &lt;#&gt;  min:),ham,waiti come ltgt min
I will reach ur home in  &lt;#&gt;  minutes,ham,reach ur home ltgt minut
Well then you have a great weekend!,ham,well great weekend
"What are you doing in langport? Sorry, but I'll probably be in bed by 9pm. It sucks being ill at xmas! When do you and go2sri lanka? ",ham,langport sorri ill probabl bed pm suck ill xma gosri lanka
"Frnd s not juz a word.....not merely a relationship.....its a silent promise which says ... "" I will be with YOU "" Wherevr.. Whenevr.. Forevr... Gudnyt dear..",ham,frnd juz wordnot mere relationshipit silent promis say wherevr whenevr forevr gudnyt dear
Huh? 6 also cannot? Then only how many mistakes?,ham,huh also cannot mani mistak
Ha... U jus ate honey ar? So sweet...,ham,ha u ju ate honey ar sweet
I'm turning off my phone. My moms telling everyone I have cancer. And my sister won't stop calling. It hurts to talk. Can't put up with it. See u when u get home. Love u,ham,im turn phone mom tell everyon cancer sister wont stop call hurt talk cant put see u u get home love u
"Honey ? Sweetheart ? Darling ? Sexy buns ? Sugar plum ? Loverboy ? I miss you, boytoy ... *smacks your ass* Did you go to the gym too ?",ham,honey sweetheart darl sexi bun sugar plum loverboy miss boytoy smack ass go gym
Thanks for loving me so. You rock,ham,thank love rock
Yeah imma come over cause jay wants to do some drugs,ham,yeah imma come caus jay want drug
Ok thanx... Take care then...,ham,ok thanx take care
Yup. Thk of u oso boring wat.,ham,yup thk u oso bore wat
" came to look at the flat, seems ok, in his 50s? * Is away alot wiv work. Got woman coming at 6.30 too.",ham,came look flat seem ok away alot wiv work got woman come
Moji just informed me that you saved our lives. Thanks.,ham,moji inform save live thank
You have won a Nokia 7250i. This is what you get when you win our FREE auction. To take part send Nokia to 86021 now. HG/Suite342/2Lands Row/W1JHL 16+,spam,nokia get win free auction take part send nokia hgsuiteland rowwjhl
Whos this am in class:-),ham,who class
Hey r ü still online? I've finished the formatting...,ham,hey r ü still onlin ive finish format
Great! So what attracts you to the brothas?,ham,great attract brotha
Promotion Number: 8714714 - UR awarded a City Break and could WIN a £200 Summer Shopping spree every WK. Txt STORE to 88039 . SkilGme. TsCs087147403231Winawk!Age16 £1.50perWKsub,spam,promot number ur award citi break could win £ summer shop spree everi wk txt store skilgm tscswinawkag £perwksub
Stupid.its not possible,ham,stupidit possibl
I cant pick the phone right now. Pls send a message,ham,cant pick phone right pl send messag
LOL what happens in Vegas stays in vegas,ham,lol happen vega stay vega
"Hello, hello, hi lou sorry it took so long 2 reply- I left mobile at friends in Lancaster, just got it bak Neway im sorry I couldnt make ur bday 2 hun!",ham,hello hello hi lou sorri took long repli left mobil friend lancast got bak neway im sorri couldnt make ur bday hun
When did i use soc... I use it only at home... Ü dunno how 2 type it in word ar...,ham,use soc use home ü dunno type word ar
Dad says hurry the hell up,ham,dad say hurri hell
Wake me up at  &lt;#&gt;  am morning:),ham,wake ltgt morn
"I get out of class in bsn in like  &lt;#&gt;  minutes, you know where advising is?",ham,get class bsn like ltgt minut know advis
Great! I shoot big loads so get ready!,ham,great shoot big load get readi
I'll meet you in the lobby,ham,ill meet lobbi
You still coming tonight?,ham,still come tonight
What happen dear tell me,ham,happen dear tell
"Sir, i am waiting for your call, once free please call me.",ham,sir wait call free pleas call
No i am not having not any movies in my laptop,ham,movi laptop
I was about to do it when i texted. I finished a long time ago and showered and er'ything!,ham,text finish long time ago shower eryth
Ok im not sure what time i finish tomorrow but i wanna spend the evening with you cos that would be vewy vewy lubly! Love me xxx,ham,ok im sure time finish tomorrow wanna spend even co would vewi vewi lubli love xxx
"Hello, As per request from  &lt;#&gt;  Rs.5 has been transfered to you",ham,hello per request ltgt rs transfer
I am in tirupur.  call you da.,ham,tirupur call da
You are a winner you have been specially selected to receive £1000 cash or a £2000 award. Speak to a live operator to claim call 087147123779am-7pm. Cost 10p,spam,winner special select receiv £ cash £ award speak live oper claim call ampm cost p
S:)but he had some luck.2 catches put down:),ham,sbut luck catch put
How i noe... Did ü specify da domain as nusstu... Ü still in sch...,ham,noe ü specifi da domain nusstu ü still sch
Oh...i asked for fun. Haha...take care. ü,ham,ohi ask fun hahatak care ü
Shall i get my pouch?,ham,shall get pouch
Hey loverboy! I love you !! I had to tell ... I look at your picture and ache to feel you between my legs ... Fuck I want you ... I need you ... I crave you .,ham,hey loverboy love tell look pictur ach feel leg fuck want need crave
"How is my boy? No sweet words left for me this morning ... *sighs* ... How goes you day, my love ? Did you start your studying?",ham,boy sweet word left morn sigh goe day love start studi
Kent vale lor... Ü wait 4 me there ar?,ham,kent vale lor ü wait ar
Ok. Very good. Its all about making that money.,ham,ok good make money
Reading gud habit.. Nan bari hudgi yorge pataistha ertini kano:-),ham,read gud habit nan bari hudgi yorg pataistha ertini kano
Aight do you still want to get money,ham,aight still want get money
Free Top ringtone -sub to weekly ringtone-get 1st week free-send SUBPOLY to 81618-?3 per week-stop sms-08718727870,spam,free top rington sub weekli ringtoneget st week freesend subpoli per weekstop sm
Ok.ok ok..then..whats ur todays plan,ham,okok okthenwhat ur today plan
ARE YOU IN TOWN? THIS IS V. IMPORTANT,ham,town v import
"Sorry pa, i dont knw who ru pa?",ham,sorri pa dont knw ru pa
Wat u doing there?,ham,wat u
If i not meeting ü all rite then i'll go home lor. If ü dun feel like comin it's ok.,ham,meet ü rite ill go home lor ü dun feel like comin ok
"Oh, i will get paid. The most outstanding one is for a commercial i did for Hasbro...in AUGUST! They made us jump through so many hoops to get paid. Still not.",ham,oh get paid outstand one commerci hasbroin august made us jump mani hoop get paid still
"I am late,so call you tomorrow morning.take care sweet dreams....u and me...ummifying...bye.",ham,lateso call tomorrow morningtak care sweet dreamsu meummifyingby
Networking technical support associate.,ham,network technic support associ
I'm gonna rip out my uterus.,ham,im gonna rip uteru
Cool. Do you like swimming? I have a pool and jacuzzi at my house.,ham,cool like swim pool jacuzzi hous
"Thanks for your ringtone order, reference number X49. Your mobile will be charged 4.50. Should your tone not arrive please call customer services 09065989182. From: [colour=red]text[/colour]TXTstar",spam,thank rington order refer number x mobil charg tone arriv pleas call custom servic colourredtextcolourtxtstar
"Yeah why not, is the gang all ready",ham,yeah gang readi
Blank is Blank. But wat is blank? Lol,ham,blank blank wat blank lol
I'm in a movie... Collect car oredi...,ham,im movi collect car oredi
We left already we at orchard now.,ham,left alreadi orchard
"Hi there, 2nights ur lucky night! Uve been invited 2 XCHAT, the Uks wildest chat! Txt CHAT to 86688 now! 150p/MsgrcvdHG/Suite342/2Lands/Row/W1J6HL LDN 18yrs",spam,hi night ur lucki night uve invit xchat uk wildest chat txt chat pmsgrcvdhgsuitelandsrowwjhl ldn yr
Nothing spl..wat abt u and whr ru?,ham,noth splwat abt u whr ru
No chikku nt yet.. Ya i'm free,ham,chikku nt yet ya im free
"Aldrine, rakhesh ex RTM here.pls call.urgent.",ham,aldrin rakhesh ex rtm herepl callurg
The search 4 happiness is 1 of d main sources of unhappiness! Accept life the way it comes! U will find happiness in every moment u live.,ham,search happi main sourc unhappi accept life way come u find happi everi moment u live
I'm at home. Please call,ham,im home pleas call
"I guess you could be as good an excuse as any, lol.",ham,guess could good excus lol
"Isn't frnd a necesity in life? imagine urself witout a frnd.. hw'd u feel at ur colleg? wat'll u do wth ur cell? wat abt functions? thnk abt events espe'll cared, missed &amp; irritated u? 4wrd it to all those dear-loving frnds wthout whom u cant live.. I jst did it.. Takecare..:) GOODMORNING",ham,isnt frnd neces life imagin urself witout frnd hwd u feel ur colleg watll u wth ur cell wat abt function thnk abt event espel care miss amp irrit u wrd dearlov frnd wthout u cant live jst takecar goodmorn
Gud mrng dear hav a nice day,ham,gud mrng dear hav nice day
Old Orchard near univ. How about you?,ham,old orchard near univ
"4 tacos + 1 rajas burrito, right?",ham,taco raja burrito right
"It‘s £6 to get in, is that ok?",ham,it‘ £ get ok
Hows the street where the end of library walk is?,ham,how street end librari walk
"Plz note: if anyone calling from a mobile Co. &amp; asks u to type # &lt;#&gt;  or # &lt;#&gt; . Do not do so. Disconnect the call,coz it iz an attempt of 'terrorist' to make use of the sim card no. Itz confirmd by nokia n motorola n has been verified by CNN IBN.",ham,plz note anyon call mobil co amp ask u type ltgt ltgt disconnect callcoz iz attempt terrorist make use sim card itz confirmd nokia n motorola n verifi cnn ibn
We stopped to get ice cream and will go back after,ham,stop get ice cream go back
Did you stitch his trouser,ham,stitch trouser
No da. . Vijay going to talk in jaya tv,ham,da vijay go talk jaya tv
2/2 146tf150p,spam,tfp
Hey i'm bored... So i'm thinking of u... So wat r u doing?,ham,hey im bore im think u wat r u
"Nah, Wednesday. When should I bring the mini cheetos bag over?",ham,nah wednesday bring mini cheeto bag
Nobody names their penis a girls name this story doesn't add up at all,ham,nobodi name peni girl name stori doesnt add
"Aight, let me know when you're gonna be around usf",ham,aight let know your gonna around usf
I'm not. She lip synced with shangela.,ham,im lip sync shangela
Ü neva tell me how i noe... I'm not at home in da aft wat... ,ham,ü neva tell noe im home da aft wat
"A bit of Ur smile is my hppnss, a drop of Ur tear is my sorrow, a part of Ur heart is my life, a heart like mine wil care for U, forevr as my GOODFRIEND",ham,bit ur smile hppnss drop ur tear sorrow part ur heart life heart like mine wil care u forevr goodfriend
Dear Voucher Holder 2 claim your 1st class airport lounge passes when using Your holiday voucher call 08704439680. When booking quote 1st class x 2,spam,dear voucher holder claim st class airport loung pass use holiday voucher call book quot st class x
"Buzz! Hey, my Love ! I think of you and hope your day goes well. Did you sleep in ? I miss you babe. I long for the moment we are together again*loving smile*",ham,buzz hey love think hope day goe well sleep miss babe long moment togeth againlov smile
"Haha... Sounds crazy, dunno can tahan anot...",ham,haha sound crazi dunno tahan anot
Why are u up so early?,ham,u earli
Ya that one is slow as poo,ham,ya one slow poo
Bloomberg -Message center +447797706009 Why wait? Apply for your future http://careers. bloomberg.com,spam,bloomberg messag center wait appli futur httpcareer bloombergcom
Im on gloucesterroad what are uup to later?,ham,im gloucesterroad uup later
Yes:)here tv is always available in work place..,ham,yesher tv alway avail work place
YES! The only place in town to meet exciting adult singles is now in the UK. Txt CHAT to 86688 now! 150p/Msg.,spam,ye place town meet excit adult singl uk txt chat pmsg
Lol no ouch but wish i'd stayed out a bit longer,ham,lol ouch wish id stay bit longer
"GOD ASKED, ""What is forgiveness?"" A little child gave lovely reply, ""It is d wonderful fruit that a tree gives when it is being hurt by a stone.. Good night......",ham,god ask forgiv littl child gave love repli wonder fruit tree give hurt stone good night
We'll join the  &lt;#&gt;  bus,ham,well join ltgt bu
Was just about to ask. Will keep this one. Maybe that's why you didn't get all the messages we sent you on glo,ham,ask keep one mayb that didnt get messag sent glo
FREE for 1st week! No1 Nokia tone 4 ur mob every week just txt NOKIA to 8007 Get txting and tell ur mates www.getzed.co.uk POBox 36504 W45WQ norm150p/tone 16+,spam,free st week nokia tone ur mob everi week txt nokia get txting tell ur mate wwwgetzedcouk pobox wwq normpton
K.i will send in  &lt;#&gt;  min:),ham,ki send ltgt min
Would me smoking you out help us work through this difficult time,ham,would smoke help us work difficult time
"Someone U know has asked our dating service 2 contact you! Cant guess who? CALL 09058095107 NOW all will be revealed. POBox 7, S3XY 150p ",spam,someon u know ask date servic contact cant guess call reveal pobox sxi p
Yes.mum lookin strong:),ham,yesmum lookin strong
"Sir Goodmorning, Once free call me.",ham,sir goodmorn free call
Where are you call me.,ham,call
Was gr8 to see that message. So when r u leaving? Congrats dear. What school and wat r ur plans.,ham,gr see messag r u leav congrat dear school wat r ur plan
Love it! The girls at the office may wonder why you are smiling but sore...,ham,love girl offic may wonder smile sore
"Hi, wlcome back, did wonder if you got eaten by a lion or something, nothing much",ham,hi wlcome back wonder got eaten lion someth noth much
Does uncle timi help in clearing cars,ham,uncl timi help clear car
I came hostel. I m going to sleep. Plz call me up before class. Hrishi.,ham,came hostel go sleep plz call class hrishi
Ok... But bag again..,ham,ok bag
Hi! You just spoke to MANEESHA V. We'd like to know if you were satisfied with the experience. Reply Toll Free with Yes or No.,ham,hi spoke maneesha v wed like know satisfi experi repli toll free ye
Ok lor. Msg me b4 u call.,ham,ok lor msg b u call
"Mila, age23, blonde, new in UK. I look sex with UK guys. if u like fun with me. Text MTALK to 69866.18 . 30pp/txt 1st 5free. £1.50 increments. Help08718728876",spam,mila age blond new uk look sex uk guy u like fun text mtalk pptxt st free £ increment help
"Once a fishrman woke early in d mrng. It was very dark. He waited a while &amp; found a sack ful of stones. He strtd throwin thm in2 d sea 2 pass time. Atlast he had jus 1stone, sun rose up &amp; he found out tht those r nt stones, those were diamonds. Moral:""Dont wake up early in d mrng'' GOOD night",ham,fishrman woke earli mrng dark wait amp found sack ful stone strtd throwin thm sea pass time atlast ju stone sun rose amp found tht r nt stone diamond moraldont wake earli mrng good night
"Claim a 200 shopping spree, just call 08717895698 now! Have you won! MobStoreQuiz10ppm",spam,claim shop spree call mobstorequizppm
Then ur physics get a-?,ham,ur physic get
"Dear friends, sorry for the late information. Today is the birthday of our loving Ar.Praveesh. for more details log on to face book and see. Its his number + &lt;#&gt; . Dont miss a delicious treat.",ham,dear friend sorri late inform today birthday love arpraveesh detail log face book see number ltgt dont miss delici treat
How r ü going to send it to me?,ham,r ü go send
Can you do online transaction?,ham,onlin transact
Dear got train and seat mine lower seat,ham,dear got train seat mine lower seat
Let me know if you need anything else. Salad or desert or something... How many beers shall i get?,ham,let know need anyth els salad desert someth mani beer shall get
Wat r u doing?,ham,wat r u
WHORE YOU ARE UNBELIEVABLE.,ham,whore unbeliev
"Want to funk up ur fone with a weekly new tone reply TONES2U 2 this text. www.ringtones.co.uk, the original n best. Tones 3GBP network operator rates apply",spam,want funk ur fone weekli new tone repli tonesu text wwwringtonescouk origin n best tone gbp network oper rate appli
"Are you sure you don't mean ""get here, we made you hold all the weed""",ham,sure dont mean get made hold weed
"I love you !!! You know? Can you feel it? Does it make your belly warm? I wish it does, my love ... I shall meet you in your dreams, Ahmad ... *adoring kiss*",ham,love know feel make belli warm wish love shall meet dream ahmad ador kiss
"Twinks, bears, scallies, skins and jocks are calling now. Don't miss the weekend's fun. Call 08712466669 at 10p/min. 2 stop texts call 08712460324(nat rate)",spam,twink bear scalli skin jock call dont miss weekend fun call pmin stop text call nat rate
Love it! I want to flood that pretty pussy with cum...,ham,love want flood pretti pussi cum
Hey are you angry with me. Reply me dr.,ham,hey angri repli dr
"Short But Cute: ""Be a good person, but dont try to prove it.."" .Gud noon....",ham,short cute good person dont tri prove gud noon
Also remember the beads don't come off. Ever.,ham,also rememb bead dont come ever
They have a thread on the wishlist section of the forums where ppl post nitro requests. Start from the last page and collect from the bottom up.,ham,thread wishlist section forum ppl post nitro request start last page collect bottom
For The First Time In The History 'Need' 'Comfort' And 'Luxury' Are Sold At Same Price In India..!! Onion-Rs. &lt;#&gt;  Petrol-Rs. &lt;#&gt;  Beer-Rs. &lt;#&gt;  SHESIL  &lt;#&gt;,ham,first time histori need comfort luxuri sold price india onionr ltgt petrolr ltgt beerr ltgt shesil ltgt
"Feb  &lt;#&gt;  is ""I LOVE U"" day. Send dis to all ur ""VALUED FRNDS"" evn me. If 3 comes back u'll gt married d person u luv! If u ignore dis u will lose ur luv 4 Evr",ham,feb ltgt love u day send di ur valu frnd evn come back ull gt marri person u luv u ignor di u lose ur luv evr
"Actually nvm, got hella cash, we still on for  &lt;#&gt; ish?",ham,actual nvm got hella cash still ltgt ish
We tried to contact you re your reply to our offer of a Video Handset? 750 anytime any networks mins? UNLIMITED TEXT? Camcorder? Reply or call 08000930705 NOW,spam,tri contact repli offer video handset anytim network min unlimit text camcord repli call
"It's ok, at least armand's still around",ham,ok least armand still around
No da. I am happy that we sit together na,ham,da happi sit togeth na
Yup song bro. No creative. Neva test quality. He said check review online.,ham,yup song bro creativ neva test qualiti said check review onlin
"No dude, its not fake..my frnds got money, thts y i'm reffering u..if u member wit my mail link, u vl be credited  &lt;#&gt; rs and il be getiing  &lt;#&gt; rs..i can draw my acc wen it is  &lt;#&gt; rs..",ham,dude fakemi frnd got money tht im reffer uif u member wit mail link u vl credit ltgt rs il geti ltgt rsi draw acc wen ltgt rs
Dude while were makin those weirdy brownies my sister made awesome cookies. I took pics.,ham,dude makin weirdi browni sister made awesom cooki took pic
URGENT! We are trying to contact you. Last weekends draw shows that you have won a £900 prize GUARANTEED. Call 09061701851. Claim code K61. Valid 12hours only,spam,urgent tri contact last weekend draw show £ prize guarante call claim code k valid hour
Pls dont restrict her from eating anythin she likes for the next two days.,ham,pl dont restrict eat anythin like next two day
Mm you ask him to come its enough :-),ham,mm ask come enough
At the funeral home with Audrey and dad,ham,funer home audrey dad
"Aight, can you text me the address?",ham,aight text address
Excellent! Wish we were together right now!,ham,excel wish togeth right
Yep then is fine 7.30 or 8.30 for ice age.,ham,yep fine ice age
Pls i wont belive god.not only jesus.,ham,pl wont beliv godnot jesu
Can. Dunno wat to get 4 her...,ham,dunno wat get
"Not yet chikku..k, then wat abt tht guy did he stopped irritating or msging to u..",ham,yet chikkuk wat abt tht guy stop irrit msging u
How long does it take to get it.,ham,long take get
This is my number by vivek..,ham,number vivek
74355 XMAS iscoming & ur awarded either £500 CD gift vouchers & free entry 2 r £100 weekly draw txt MUSIC to 87066 TnC,spam,xma iscom ur award either £ cd gift voucher free entri r £ weekli draw txt music tnc
"sorry brah, just finished the last of my exams, what up",ham,sorri brah finish last exam
"I got arrested for possession at, I shit you not,  &lt;TIME&gt;  pm",ham,got arrest possess shit lttimegt pm
You are right though. I can't give you the space you want and need. This is really starting to become an issue. I was going to suggest setting a definite move out--if i'm still there-- after greece. But maybe you are ready and should do it now.,ham,right though cant give space want need realli start becom issu go suggest set definit move outif im still greec mayb readi
Just normal only here :),ham,normal
"Please protect yourself from e-threats. SIB never asks for sensitive information like Passwords,ATM/SMS PIN thru email. Never share your password with anybody.",ham,pleas protect ethreat sib never ask sensit inform like passwordsatmsm pin thru email never share password anybodi
I miss you so much I'm so desparate I have recorded the message you left for me the other day and listen to it just to hear the sound of your voice. I love you,ham,miss much im despar record messag left day listen hear sound voic love
Hi. I'm always online on yahoo and would like to chat with you someday,ham,hi im alway onlin yahoo would like chat someday
"Goodmorning,my grandfather expired..so am on leave today.",ham,goodmorningmi grandfath expiredso leav today
Congratulations U can claim 2 VIP row A Tickets 2 C Blu in concert in November or Blu gift guaranteed Call 09061104276 to claim TS&Cs www.smsco.net cost£3.75max ,spam,congratul u claim vip row ticket c blu concert novemb blu gift guarante call claim tsc wwwsmsconet cost£max
Where are you ? What are you doing ? Are yuou working on getting the pc to your mom's ? Did you find a spot that it would work ? I need you,ham,yuou work get pc mom find spot would work need
"Sure, I'll see if I can come by in a bit",ham,sure ill see come bit
I agree. So i can stop thinkin about ipad. Can you please ask macho the same question.,ham,agre stop thinkin ipad pleas ask macho question
Let's pool our money together and buy a bunch of lotto tickets. If we win I get &lt;#&gt; % u get &lt;#&gt; %. Deal?,ham,let pool money togeth buy bunch lotto ticket win get ltgt u get ltgt deal
Ok.,ham,ok
I had askd u a question some hours before. Its answer,ham,askd u question hour answer
Watching tv lor. Nice one then i like lor.,ham,watch tv lor nice one like lor
I'm thinking that chennai forgot to come for auction..,ham,im think chennai forgot come auction
Then ü come n pick me at 530 ar?,ham,ü come n pick ar
Early bird! Any purchases yet?,ham,earli bird purchas yet
Went to pay rent. So i had to go to the bank to authorise the payment.,ham,went pay rent go bank authoris payment
"Erm … ill pick you up at about 6.45pm. That'll give enough time to get there, park and that.",ham,erm … ill pick pm thatll give enough time get park
HEY MATE! HOWS U HONEY?DID U AVE GOOD HOLIDAY? GIMMI DE GOSS!x,ham,hey mate how u honeydid u ave good holiday gimmi de gossx
Howz pain.it will come down today.do as i said ystrday.ice and medicine.,ham,howz painit come todaydo said ystrdayic medicin
"chile, please! It's only a  &lt;DECIMAL&gt;  hour drive for me. I come down all the time and will be subletting feb-april for audition season.",ham,chile pleas ltdecimalgt hour drive come time sublet febapril audit season
Yes ammae....life takes lot of turns you can only sit and try to hold the steering...,ham,ye ammaelif take lot turn sit tri hold steer
"Yeah that's what I thought, lemme know if anything's goin on later",ham,yeah that thought lemm know anyth goin later
Mmmm.... I cant wait to lick it!,ham,mmmm cant wait lick
Pls go there today  &lt;#&gt; . I dont want any excuses,ham,pl go today ltgt dont want excus
"Fantasy Football is back on your TV. Go to Sky Gamestar on Sky Active and play £250k Dream Team. Scoring starts on Saturday, so register now!SKY OPT OUT to 88088",spam,fantasi footbal back tv go sky gamestar sky activ play £k dream team score start saturday regist nowski opt
Can you plz tell me the ans. BSLVYL sent via fullonsms.com,ham,plz tell an bslvyl sent via fullonsmscom
U in town alone?,ham,u town alon
I to am looking forward to all the sex cuddling.. Only two more sleeps ,ham,look forward sex cuddl two sleep
We have all rounder:)so not required:),ham,rounderso requir
"No, its true..k,Do u knw dis no. &lt;#&gt; ?",ham,truekdo u knw di ltgt
"Dont worry, 1 day very big lambu ji vl come..til then enjoy batchlor party:-)",ham,dont worri day big lambu ji vl cometil enjoy batchlor parti
oh ya... Got hip hop open. Haha i was thinking can go for jazz then zoom to cine... Actually tonight i'm free leh... And there's a kb lesson tonight,ham,oh ya got hip hop open haha think go jazz zoom cine actual tonight im free leh there kb lesson tonight
Free msg: Single? Find a partner in your area! 1000s of real people are waiting to chat now!Send CHAT to 62220Cncl send STOPCS 08717890890£1.50 per msg,spam,free msg singl find partner area real peopl wait chat nowsend chat cncl send stopc £ per msg
I'm ok. Will do my part tomorrow,ham,im ok part tomorrow
"No! But we found a diff farm shop to buy some cheese. On way back now, can i call in?",ham,found diff farm shop buy chees way back call
R u still working now?,ham,r u still work
"Win the newest Harry Potter and the Order of the Phoenix (Book 5) reply HARRY, answer 5 questions - chance to be the first among readers!",spam,win newest harri potter order phoenix book repli harri answer question chanc first among reader
Yep. I do like the pink furniture tho.,ham,yep like pink furnitur tho
Free Msg: Ringtone!From: http://tms. widelive.com/index. wml?id=1b6a5ecef91ff9*37819&first=true18:0430-JUL-05,spam,free msg ringtonefrom httptm widelivecomindex wmlidbaeceffffirsttruejul
"Customer place, i wil cal u sir.",ham,custom place wil cal u sir
"Oh my god! I've found your number again! I'm so glad, text me back xafter this msgs cst std ntwk chg £1.50",spam,oh god ive found number im glad text back xafter msg cst std ntwk chg £
A pure hearted person can have a wonderful smile that makes even his/her enemies to feel guilty for being an enemy.. So catch the world with your smile..:) GOODMORNING &amp; HAVE A SMILEY SUNDAY..:),ham,pure heart person wonder smile make even hisher enemi feel guilti enemi catch world smile goodmorn amp smiley sunday
"THATS ALRITE GIRL, U KNOW GAIL IS NEVA WRONG!!TAKE CARE SWEET AND DONT WORRY.C U L8TR HUN!LOVE Yaxxx",ham,that alrit girl u know gail neva wrongtak care sweet dont worryc u ltr hunlov yaxxx
"Theoretically yeah, he could be able to come",ham,theoret yeah could abl come
"Alright we're hooked up, where you guys at",ham,alright hook guy
"not that I know of, most people up here are still out of town",ham,know peopl still town
No let me do the math. Your not good at it.,ham,let math good
Oh ok wait 4 me there... My lect havent finish,ham,oh ok wait lect havent finish
Yeah my usual guy's out of town but there're definitely people around I know,ham,yeah usual guy town therer definit peopl around know
I am joining today formally.Pls keep praying.will talk later.,ham,join today formallypl keep prayingwil talk later
"Happy or sad , one thing about past is- ""Its no more"" GOOD MORNING :-):-).",ham,happi sad one thing past good morn
No. Did you multimedia message them or e-mail?,ham,multimedia messag email
Okie but i scared u say i fat... Then u dun wan me already...,ham,oki scare u say fat u dun wan alreadi
did u get that message,ham,u get messag
"Sorry sir, i will call you tomorrow.  senthil.hsbc",ham,sorri sir call tomorrow senthilhsbc
What you need. You have a person to give na.,ham,need person give na
She left it very vague. She just said she would inform the person in accounting about the delayed rent and that i should discuss with the housing agency about my renting another place. But checking online now and all places around usc are  &lt;#&gt;  and up,ham,left vagu said would inform person account delay rent discuss hous agenc rent anoth place check onlin place around usc ltgt
Hi juan. Im coming home on fri hey. Of course i expect a welcome party and lots of presents. Ill phone u when i get back. Loads of love nicky x x x x x x x x x,ham,hi juan im come home fri hey cours expect welcom parti lot present ill phone u get back load love nicki x x x x x x x x x
Can you plz tell me the ans. BSLVYL sent via fullonsms.com,ham,plz tell an bslvyl sent via fullonsmscom
"Short But Cute: ""Be a good person, but dont try to prove it.."" .Gud noon....",ham,short cute good person dont tri prove gud noon
"Gumby's has a special where a  &lt;#&gt; "" cheese pizza is $2 so I know what we're doin tonight",ham,gumbi special ltgt chees pizza know doin tonight
A link to your picture has been sent. You can also use http://alto18.co.uk/wave/wave.asp?o=44345,spam,link pictur sent also use httpaltocoukwavewaveaspo
Like a personal sized or what,ham,like person size
"Same, I'm at my great aunts anniversary party in tarpon springs",ham,im great aunt anniversari parti tarpon spring
Cab is available.they pick up and drop at door steps.,ham,cab availablethey pick drop door step
ok....take care.umma to you too...,ham,oktak careumma
Unlimited texts. Limited minutes.,ham,unlimit text limit minut
"Double Mins & 1000 txts on Orange tariffs. Latest Motorola, SonyEricsson & Nokia with Bluetooth FREE! Call MobileUpd8 on 08000839402 or call2optout/HF8",spam,doubl min txt orang tariff latest motorola sonyericsson nokia bluetooth free call mobileupd calloptouthf
No problem. We will be spending a lot of quality time together...,ham,problem spend lot qualiti time togeth
URGENT This is our 2nd attempt to contact U. Your £900 prize from YESTERDAY is still awaiting collection. To claim CALL NOW 09061702893. ACL03530150PM,spam,urgent nd attempt contact u £ prize yesterday still await collect claim call aclpm
Have you heard from this week?,ham,heard week
Dear Dave this is your final notice to collect your 4* Tenerife Holiday or #5000 CASH award! Call 09061743806 from landline. TCs SAE Box326 CW25WX 150ppm,spam,dear dave final notic collect tenerif holiday cash award call landlin tc sae box cwwx ppm
Yes. Last  practice,ham,ye last practic
tells u 2 call 09066358152 to claim £5000 prize. U have 2 enter all ur mobile & personal details @ the prompts. Careful!,spam,tell u call claim £ prize u enter ur mobil person detail prompt care
No. Thank you. You've been wonderful,ham,thank youv wonder
Otherwise had part time job na-tuition..,ham,otherwis part time job natuit
Ü mean it's confirmed... I tot they juz say oni... Ok then... ,ham,ü mean confirm tot juz say oni ok
Okie,ham,oki
That depends. How would you like to be treated? :),ham,depend would like treat
"Right on brah, see you later",ham,right brah see later
Waiting in e car 4 my mum lor. U leh? Reach home already?,ham,wait e car mum lor u leh reach home alreadi
Your 2004 account for 07XXXXXXXXX shows 786 unredeemed points. To claim call 08719181259 Identifier code: XXXXX Expires 26.03.05,spam,account xxxxxxxxx show unredeem point claim call identifi code xxxxx expir
Do you want a new video handset? 750 anytime any network mins? Half Price Line Rental? Camcorder? Reply or call 08000930705 for delivery tomorrow,spam,want new video handset anytim network min half price line rental camcord repli call deliveri tomorrow
Went fast asleep dear.take care.,ham,went fast asleep deartak care
No that just means you have a fat head,ham,mean fat head
Sounds like a plan! Cardiff is still here and still cold! I'm sitting on the radiator!,ham,sound like plan cardiff still still cold im sit radiat
Serious? What like proper tongued her,ham,seriou like proper tongu
She.s good. She was wondering if you wont say hi but she.s smiling now. So how are you coping with the long distance,ham,she good wonder wont say hi she smile cope long distanc
How i noe... She's in da car now... Later then c lar... I'm wearing shorts...,ham,noe she da car later c lar im wear short
You have an important customer service announcement. Call FREEPHONE 0800 542 0825 now!,spam,import custom servic announc call freephon
Yeah whatever lol,ham,yeah whatev lol
Today is ACCEPT DAY..U Accept me as? Brother Sister Lover Dear1 Best1 Clos1 Lvblefrnd Jstfrnd Cutefrnd Lifpartnr Belovd Swtheart Bstfrnd No rply means enemy,ham,today accept dayu accept brother sister lover dear best clo lvblefrnd jstfrnd cutefrnd lifpartnr belovd swtheart bstfrnd rpli mean enemi
Ard 530 lor. I ok then message ü lor.,ham,ard lor ok messag ü lor
Ok. C u then.,ham,ok c u
Eh ur laptop got no stock lei... He say mon muz come again to take a look c got a not...,ham,eh ur laptop got stock lei say mon muz come take look c got
No need to ke qi... Ü too bored izzit y suddenly thk of this...,ham,need ke qi ü bore izzit suddenli thk
I wish! I don't think its gonna snow that much. But it will be more than those flurries we usually get that melt before they hit the ground. Eek! We haven't had snow since &lt;#&gt; before I was even born!,ham,wish dont think gonna snow much flurri usual get melt hit ground eek havent snow sinc ltgt even born
FREE>Ringtone! Reply REAL or POLY eg REAL1 1. PushButton 2. DontCha 3. BabyGoodbye 4. GoldDigger 5. WeBeBurnin 1st tone FREE and 6 more when u join for £3/wk,spam,freerington repli real poli eg real pushbutton dontcha babygoodby golddigg webeburnin st tone free u join £wk
"Do 1 thing! Change that sentence into: ""Because i want 2 concentrate in my educational career im leaving here..""",ham,thing chang sentenc want concentr educ career im leav
"Oh really? perform, write a paper, go to a movie AND be home by midnight, huh?",ham,oh realli perform write paper go movi home midnight huh
Okay lor... Will they still let us go a not ah? Coz they will not know until later. We drop our cards into the box right?,ham,okay lor still let us go ah coz know later drop card box right
How? Izzit still raining?,ham,izzit still rain
As if i wasn't having enough trouble sleeping.,ham,wasnt enough troubl sleep
I havent add ü yet right.. ,ham,havent add ü yet right
Lol ... I really need to remember to eat when I'm drinking but I do appreciate you keeping me company that night babe *smiles*,ham,lol realli need rememb eat im drink appreci keep compani night babe smile
Babe ? I lost you ... Will you try rebooting ?,ham,babe lost tri reboot
Yes. Nigh you cant aha.,ham,ye nigh cant aha
I thk ü gotta go home by urself. Cos i'll b going out shopping 4 my frens present. ,ham,thk ü gotta go home urself co ill b go shop fren present
Nooooooo I'm gonna be bored to death all day. Cable and internet outage.,ham,nooooooo im gonna bore death day cabl internet outag
Sos! Any amount i can get pls.,ham,so amount get pl
"Playin space poker, u?",ham,playin space poker u
How come guoyang go n tell her? Then u told her?,ham,come guoyang go n tell u told
You need to get up. Now.,ham,need get
They r giving a second chance to rahul dengra.,ham,r give second chanc rahul dengra
"Yeah, in fact he just asked if we needed anything like an hour ago. When and how much?",ham,yeah fact ask need anyth like hour ago much
WHEN THE FIRST STRIKE IS A RED ONE. THE BIRD + ANTELOPE BEGIN TOPLAY IN THE FIELDOF SELFINDEPENDENCE BELIEVE THIS + THE FLOWER OF CONTENTION WILL GROW.RANDOM!,ham,first strike red one bird antelop begin toplay fieldof selfindepend believ flower content growrandom
Y ü wan to go there? C doctor?,ham,ü wan go c doctor
Does daddy have a bb now.,ham,daddi bb
"Free Msg: get Gnarls Barkleys ""Crazy"" ringtone TOTALLY FREE just reply GO to this message right now!",spam,free msg get gnarl barkley crazi rington total free repli go messag right
She's borderline but yeah whatever.,ham,she borderlin yeah whatev
I got a call from a landline number. . . I am asked to come to anna nagar . . . I will go in the afternoon,ham,got call landlin number ask come anna nagar go afternoon
"Until 545 lor... Ya, can go 4 dinner together...",ham,lor ya go dinner togeth
I will be gentle princess! We will make sweet gentle love...,ham,gentl princess make sweet gentl love
How u doin baby girl ?? hope u are okay every time I call ure phone is off! I miss u get in touch,ham,u doin babi girl hope u okay everi time call ure phone miss u get touch
"Sorry, went to bed early, nightnight",ham,sorri went bed earli nightnight
I like to think there's always the possibility of being in a pub later.,ham,like think there alway possibl pub later
HMM yeah if your not too grooved out! And im looking forward to my pound special :),ham,hmm yeah groov im look forward pound special
I got to video tape pple type in message lor. U so free wan 2 help me? Hee... Cos i noe u wan 2 watch infernal affairs so ask u along. Asking shuhui oso.,ham,got video tape pple type messag lor u free wan help hee co noe u wan watch infern affair ask u along ask shuhui oso
Hi dude hw r u da realy mising u today,ham,hi dude hw r u da reali mise u today
Me hungry buy some food good lei... But mum n yun dun wan juz buy a little bit... ,ham,hungri buy food good lei mum n yun dun wan juz buy littl bit
Refused a loan? Secured or Unsecured? Can't get credit? Call free now 0800 195 6669 or text back 'help' & we will!,spam,refus loan secur unsecur cant get credit call free text back help
I probably won't eat at all today. I think I'm gonna pop. How was your weekend? Did u miss me?,ham,probabl wont eat today think im gonna pop weekend u miss
I knew it... U slept v late yest? Wake up so late...,ham,knew u slept v late yest wake late
Haha... dont be angry with yourself... Take it as a practice for the real thing. =) ,ham,haha dont angri take practic real thing
Where is that one day training:-),ham,one day train
So i could kiss and feel you next to me...,ham,could kiss feel next
Have a nice day my dear.,ham,nice day dear
I sent lanre fakeye's Eckankar details to the mail box,ham,sent lanr fakey eckankar detail mail box
Your dad is back in ph?,ham,dad back ph
"You have been specially selected to receive a ""3000 award! Call 08712402050 BEFORE the lines close. Cost 10ppm. 16+. T&Cs apply. AG Promo",spam,special select receiv award call line close cost ppm tc appli ag promo
If you ask her or she say any please message.,ham,ask say pleas messag
"If e timing can, then i go w u lor...",ham,e time go w u lor
Love you aathi..love u lot..,ham,love aathilov u lot
I was just callin to say hi. Take care bruv!,ham,callin say hi take care bruv
YOU HAVE WON! As a valued Vodafone customer our computer has picked YOU to win a £150 prize. To collect is easy. Just call 09061743386,spam,valu vodafon custom comput pick win £ prize collect easi call
Did u turn on the heater? The heater was on and set to &lt;#&gt; degrees.,ham,u turn heater heater set ltgt degre
Thanks for your message. I really appreciate your sacrifice. I'm not sure of the process of direct pay but will find out on my way back from the test tomorrow. I'm in class now. Do have a wonderful day.,ham,thank messag realli appreci sacrific im sure process direct pay find way back test tomorrow im class wonder day
"That's the trouble with classes that go well - you're due a dodgey one … Expecting mine tomo! See you for recovery, same time, same place ",ham,that troubl class go well your due dodgey one … expect mine tomo see recoveri time place
Free video camera phones with Half Price line rental for 12 mths and 500 cross ntwk mins 100 txts. Call MobileUpd8 08001950382 or Call2OptOut/674&,spam,free video camera phone half price line rental mth cross ntwk min txt call mobileupd calloptout
WOT U UP 2 J?,ham,wot u j
"Night night, see you tomorrow",ham,night night see tomorrow
Roger that. We‘re probably going to rem in about 20,ham,roger we‘r probabl go rem
do u think that any girl will propose u today by seing ur bloody funky shit fucking face...............asssssholeeee................,ham,u think girl propos u today se ur bloodi funki shit fuck faceasssssholeee
I wish u were here. I feel so alone,ham,wish u feel alon
Great NEW Offer - DOUBLE Mins & DOUBLE Txt on best Orange tariffs AND get latest camera phones 4 FREE! Call MobileUpd8 free on 08000839402 NOW! or 2stoptxt T&Cs,spam,great new offer doubl min doubl txt best orang tariff get latest camera phone free call mobileupd free stoptxt tc
Reason is if the team budget is available at last they buy the unsold players for at base rate..,ham,reason team budget avail last buy unsold player base rate
CERI U REBEL! SWEET DREAMZ ME LITTLE BUDDY!! C YA 2MORO! WHO NEEDS BLOKES,ham,ceri u rebel sweet dreamz littl buddi c ya moro need bloke
ringtoneking 84484,spam,ringtonek
Huh i cant thk of more oredi how many pages do we have?,ham,huh cant thk oredi mani page
His frens go then he in lor. Not alone wif my mum n sis lor.,ham,fren go lor alon wif mum n si lor
Nationwide auto centre (or something like that) on Newport road. I liked them there,ham,nationwid auto centr someth like newport road like
"Hey, I missed you tm of last night as my phone was on the charge ... *smiles* ... I am meeting a friend shortly",ham,hey miss tm last night phone charg smile meet friend shortli
"Whatever, juliana. Do whatever you want.",ham,whatev juliana whatev want
"Friendship is not a game to play, It is not a word to say, It doesn\'t start on March and ends on May, It is tomorrow, yesterday, today and e",ham,friendship game play word say doesnt start march end may tomorrow yesterday today e
Ringtone Club: Gr8 new polys direct to your mobile every week !,spam,rington club gr new poli direct mobil everi week
"Hello. Sort of out in town already. That . So dont rush home, I am eating nachos. Will let you know eta.",ham,hello sort town alreadi dont rush home eat nacho let know eta
Ok lor. Anyway i thk we cant get tickets now cos like quite late already. U wan 2 go look 4 ur frens a not? Darren is wif them now...,ham,ok lor anyway thk cant get ticket co like quit late alreadi u wan go look ur fren darren wif
(Bank of Granite issues Strong-Buy) EXPLOSIVE PICK FOR OUR MEMBERS *****UP OVER 300% *********** Nasdaq Symbol CDGT That is a $5.00 per..,spam,bank granit issu strongbuy explos pick member nasdaq symbol cdgt per
I am on the way to ur home,ham,way ur home
"Dizzamn, aight I'll ask my suitemates when I get back",ham,dizzamn aight ill ask suitem get back
"Nimbomsons. Yep phone knows that one. Obviously, cos thats a real word",ham,nimbomson yep phone know one obvious co that real word
I love to cuddle! I want to hold you in my strong arms right now...,ham,love cuddl want hold strong arm right
R u in this continent?,ham,r u contin
We'll you pay over like  &lt;#&gt; yrs so its not too difficult,ham,well pay like ltgt yr difficult
Bored housewives! Chat n date now! 0871750.77.11! BT-national rate 10p/min only from landlines!,spam,bore housew chat n date btnation rate pmin landlin
We tried to call you re your reply to our sms for a video mobile 750 mins UNLIMITED TEXT free camcorder Reply or call now 08000930705 Del Thurs,spam,tri call repli sm video mobil min unlimit text free camcord repli call del thur
K...k...when will you give treat?,ham,kkwhen give treat
"This is the 2nd time we have tried to contact u. U have won the £400 prize. 2 claim is easy, just call 087104711148 NOW! Only 10p per minute. BT-national-rate",spam,nd time tri contact u u £ prize claim easi call p per minut btnationalr
He's just gonna worry for nothing. And he won't give you money its no use.,ham,he gonna worri noth wont give money use
Did you get any gift? This year i didnt get anything. So bad,ham,get gift year didnt get anyth bad
somewhere out there beneath the pale moon light someone think in of u some where out there where dreams come true... goodnite &amp; sweet dreams,ham,somewher beneath pale moon light someon think u dream come true goodnit amp sweet dream
Well there's a pattern emerging of my friends telling me to drive up and come smoke with them and then telling me that I'm a weed fiend/make them smoke too much/impede their doing other things so you see how I'm hesitant,ham,well there pattern emerg friend tell drive come smoke tell im weed fiendmak smoke muchimped thing see im hesit
", ow u dey.i paid 60,400thousad.i told  u would call . ",ham,ow u deyi paid thousadi told u would call
IM FINE BABES AINT BEEN UP 2 MUCH THO! SAW SCARY MOVIE YEST ITS QUITE FUNNY! WANT 2MRW AFTERNOON? AT TOWN OR MALL OR SUMTHIN?xx,ham,im fine babe aint much tho saw scari movi yest quit funni want mrw afternoon town mall sumthinxx
I'm reaching home in 5 min.,ham,im reach home min
"Forgot you were working today! Wanna chat, but things are ok so drop me a text when you're free / bored etc and i'll ring. Hope all is well, nose essay and all xx",ham,forgot work today wanna chat thing ok drop text your free bore etc ill ring hope well nose essay xx
Ha... Then we must walk to everywhere... Cannot take tram. My cousin said can walk to vic market from our hotel ,ham,ha must walk everywher cannot take tram cousin said walk vic market hotel
"Wan2 win a Meet+Greet with Westlife 4 U or a m8? They are currently on what tour? 1)Unbreakable, 2)Untamed, 3)Unkempt. Text 1,2 or 3 to 83049. Cost 50p +std text",spam,wan win meetgreet westlif u current tour unbreak untam unkempt text cost p std text
Please call our customer service representative on FREEPHONE 0808 145 4742 between 9am-11pm as you have WON a guaranteed £1000 cash or £5000 prize!,spam,pleas call custom servic repres freephon ampm guarante £ cash £ prize
Discussed with your mother ah?,ham,discuss mother ah
Ok.,ham,ok
"Sorry, I can't text &amp; drive coherently, see you in twenty",ham,sorri cant text amp drive coher see twenti
You will be receiving this week's Triple Echo ringtone shortly. Enjoy it!,spam,receiv week tripl echo rington shortli enjoy
In which place i can get rooms cheap:-),ham,place get room cheap
Eek that's a lot of time especially since American Pie is like 8 minutes long. I can't stop singing it.,ham,eek that lot time especi sinc american pie like minut long cant stop sing
GRAN ONLYFOUND OUT AFEW DAYS AGO.CUSOON HONI,ham,gran onlyfound afew day agocusoon honi
"U've been selected to stay in 1 of 250 top British hotels - FOR NOTHING! Holiday valued at £350! Dial 08712300220 to claim - National Rate Call. Bx526, SW73SS",spam,uve select stay top british hotel noth holiday valu £ dial claim nation rate call bx swss
University of southern california.,ham,univers southern california
We have to pick rayan macleran there.,ham,pick rayan macleran
U gd lor go shopping i got stuff to do. U wan 2 watch infernal affairs a not? Come lar...,ham,u gd lor go shop got stuff u wan watch infern affair come lar
Well. Balls. Time to make calls,ham,well ball time make call
Wat time ü wan today?,ham,wat time ü wan today
 &lt;#&gt;  in mca. But not conform.,ham,ltgt mca conform
Oh ok.. Wat's ur email?,ham,oh ok wat ur email
"Yes, princess. Are you going to make me moan?",ham,ye princess go make moan
Lol its ok I didn't remember til last nite,ham,lol ok didnt rememb til last nite
"[…] anyway, many good evenings to u! s",ham,… anyway mani good even u
"Cool, I'll text you in a few",ham,cool ill text
"Sorry vikky, i'm Watching olave mandara movie kano in trishul theatre wit my frnds..",ham,sorri vikki im watch olav mandara movi kano trishul theatr wit frnd
I'm very happy for you babe ! Woo hoo party on dude!,ham,im happi babe woo hoo parti dude
I am taking you for italian food. How about a pretty dress with no panties? :),ham,take italian food pretti dress panti
Wot u up 2? Thout u were gonna call me!! Txt bak luv K,ham,wot u thout u gonna call txt bak luv k
YOU ARE CHOSEN TO RECEIVE A £350 AWARD! Pls call claim number 09066364311 to collect your award which you are selected to receive as a valued mobile customer.,spam,chosen receiv £ award pl call claim number collect award select receiv valu mobil custom
How are you holding up?,ham,hold
Dont flatter yourself... Tell that man of mine two pints of carlin in ten minutes please.... ,ham,dont flatter tell man mine two pint carlin ten minut pleas
Hope you are not scared!,ham,hope scare
I cant pick the phone right now. Pls send a message,ham,cant pick phone right pl send messag
I'm at home n ready...,ham,im home n readi
Please call our customer service representative on FREEPHONE 0808 145 4742 between 9am-11pm as you have WON a guaranteed £1000 cash or £5000 prize!,spam,pleas call custom servic repres freephon ampm guarante £ cash £ prize
What time do u get out?,ham,time u get
I am literally in bed and have been up for like  &lt;#&gt;  hours,ham,liter bed like ltgt hour
"Yes, my reg is  Ciao!",ham,ye reg ciao
If You mean the website. Yes.,ham,mean websit ye
Win a £1000 cash prize or a prize worth £5000,spam,win £ cash prize prize worth £
"Thanks for your ringtone order, reference number X49.Your mobile will be charged 4.50. Should your tone not arrive please call customer services 09065989182",spam,thank rington order refer number xyour mobil charg tone arriv pleas call custom servic
Lol or I could just starve and lose a pound by the end of the day.,ham,lol could starv lose pound end day
Yeah that's the impression I got,ham,yeah that impress got
Ok ok take care. I can understand.,ham,ok ok take care understand
"Motivate Behind every darkness, there is a shining light waiting for you to find it... Behind every best friend, there is always trust and love... BSLVYL",ham,motiv behind everi dark shine light wait find behind everi best friend alway trust love bslvyl
"Ya ok, then had dinner?",ham,ya ok dinner
I was slept that time.you there?,ham,slept timey
dont make ne plans for nxt wknd coz she wants us to come down then ok,ham,dont make ne plan nxt wknd coz want us come ok
When is school starting. Where will you stay. What's the weather like. And the food. Do you have a social support system like friends in the school. All these things are important.,ham,school start stay what weather like food social support system like friend school thing import
"Ha ha nan yalrigu heltini..Iyo kothi chikku, u shared many things wit me..so far i didn't told any body and even uttered a word abt u.. If ur trusting me so much how can i tell these to others.. Plz nxt time dont use those words to me..ok, chikku:-);-)B-)",ham,ha ha nan yalrigu heltiniiyo kothi chikku u share mani thing wit meso far didnt told bodi even utter word abt u ur trust much tell other plz nxt time dont use word meok chikkub
Noice. Text me when you're here,ham,noic text your
Hi di is yijue we're meeting at 7 pm at esaplanade tonight.,ham,hi di yiju meet pm esaplanad tonight
Moby Pub Quiz.Win a £100 High Street prize if u know who the new Duchess of Cornwall will be? Txt her first name to 82277.unsub STOP £1.50 008704050406 SP,spam,mobi pub quizwin £ high street prize u know new duchess cornwal txt first name unsub stop £ sp
"This weeks SavaMob member offers are now accessible. Just call 08709501522 for details! SavaMob, POBOX 139, LA3 2WU. Only £1.50/week. SavaMob - offers mobile!",spam,week savamob member offer access call detail savamob pobox la wu £week savamob offer mobil
"Aight I've been set free, think you could text me blake's address? It occurs to me I'm not quite as sure what I'm doing as I thought I was",ham,aight ive set free think could text blake address occur im quit sure im thought
Hi dear we saw dear. We both are happy. Where you my battery is low,ham,hi dear saw dear happi batteri low
How are you. Its been ages. How's abj,ham,age how abj
Prof: you have passed in all the papers in this sem congrats . . . . Student: Enna kalaachutaarama..!! Prof:???? Gud mrng!,ham,prof pass paper sem congrat student enna kalaachutaarama prof gud mrng
Dont kick coco when he's down,ham,dont kick coco he
Fyi I'm gonna call you sporadically starting at like  &lt;#&gt;  bc we are not not doin this shit,ham,fyi im gonna call sporad start like ltgt bc doin shit
"You are being contacted by our Dating Service by someone you know! To find out who it is, call from your mobile or landline 09064017305 PoBox75LDNS7 ",spam,contact date servic someon know find call mobil landlin poboxldn
TBS/PERSOLVO. been chasing us since Sept for£38 definitely not paying now thanks to your information. We will ignore them. Kath. Manchester.,spam,tbspersolvo chase us sinc sept for£ definit pay thank inform ignor kath manchest
Hope youre not having too much fun without me!! see u tomorrow love jess x,ham,hope your much fun without see u tomorrow love jess x
Ok i wont call or disturb any one. I know all are avoiding me. I am a burden for all,ham,ok wont call disturb one know avoid burden
I've reached home n i bathe liao... U can call me now...,ham,ive reach home n bath liao u call
Loans for any purpose even if you have Bad Credit! Tenants Welcome. Call NoWorriesLoans.com on 08717111821,spam,loan purpos even bad credit tenant welcom call noworriesloanscom
Was the actual exam harder than NBME,ham,actual exam harder nbme
A lot of this sickness thing going round. Take it easy. Hope u feel better soon. Lol,ham,lot sick thing go round take easi hope u feel better soon lol
"God picked up a flower and dippeditinaDEW, lovingly touched itwhichturnedinto u, and the he gifted tomeandsaid,THIS FRIEND IS 4U",ham,god pick flower dippeditinadew lovingli touch itwhichturnedinto u gift tomeandsaidthi friend u
87077: Kick off a new season with 2wks FREE goals & news to ur mobile! Txt ur club name to 87077 eg VILLA to 87077,spam,kick new season wk free goal news ur mobil txt ur club name eg villa
Hey sathya till now we dint meet not even a single time then how can i saw the situation sathya.,ham,hey sathya till dint meet even singl time saw situat sathya
Gam gone after outstanding innings.,ham,gam gone outstand inning
O i played smash bros  &lt;#&gt;  religiously.,ham,play smash bro ltgt religi
"Sir, good morning. Hope you had a good weekend. I called to let you know that i was able to raise  &lt;#&gt;  from my dad. He however said he would make the rest available by mid feb. This amount is still quite short and i was hoping you would help. Do have a good day. Abiola",ham,sir good morn hope good weekend call let know abl rais ltgt dad howev said would make rest avail mid feb amount still quit short hope would help good day abiola
Hurry home. Soup is DONE!,ham,hurri home soup done
No no. I will check all rooms befor activities,ham,check room befor activ
"Good afternoon, my love. It was good to see your words on YM and get your tm. Very smart move, my slave ... *smiles* ... I drink my coffee and await you.",ham,good afternoon love good see word ym get tm smart move slave smile drink coffe await
Quite ok but a bit ex... U better go eat smth now else i'll feel guilty...,ham,quit ok bit ex u better go eat smth els ill feel guilti
"Orange brings you ringtones from all time Chart Heroes, with a free hit each week! Go to Ringtones & Pics on wap. To stop receiving these tips reply STOP.",spam,orang bring rington time chart hero free hit week go rington pic wap stop receiv tip repli stop
Lemme know when you're here,ham,lemm know your
PRIVATE! Your 2003 Account Statement for 07973788240 shows 800 un-redeemed S. I. M. points. Call 08715203649 Identifier Code: 40533 Expires 31/10/04,spam,privat account statement show unredeem point call identifi code expir
He needs to stop going to bed and make with the fucking dealing,ham,need stop go bed make fuck deal
"How are you, my Love ? Are you with your brother ? Time to talk english with him ? *grins* Say : Hey Muhommad, Penny says hello from across the sea",ham,love brother time talk english grin say hey muhommad penni say hello across sea
We tried to call you re your reply to our sms for a video mobile 750 mins UNLIMITED TEXT + free camcorder Reply of call 08000930705 Now,spam,tri call repli sm video mobil min unlimit text free camcord repli call
"Hey doc pls I want to get nice t shirt for my hubby nice fiting ones my budget is  &lt;#&gt; k help pls I will load d card abi hw,keep me posted luv. 2 mj",ham,hey doc pl want get nice shirt hubbi nice fite one budget ltgt k help pl load card abi hwkeep post luv mj
I remain unconvinced that this isn't an elaborate test of my willpower,ham,remain unconvinc isnt elabor test willpow
"Life is nothing wen v get everything. But ""life is everything wen v miss something "". Real value of people wil be realized only in their absence.... gud mrng",ham,life noth wen v get everyth life everyth wen v miss someth real valu peopl wil realiz absenc gud mrng
how are you? I miss you!,ham,miss
I ain't answerin no phone at what is actually a pretty reasonable hour but I'm sleepy,ham,aint answerin phone actual pretti reason hour im sleepi
"Hey , is * rite u put »10 evey mnth is that all?",ham,hey rite u put » evey mnth
i am going to bed now prin,ham,go bed prin
I think just yourself …Thanks and see you tomo,ham,think …thank see tomo
If u dun drive then how i go 2 sch.,ham,u dun drive go sch
I not at home now lei...,ham,home lei
GSOH? Good with SPAM the ladies?U could b a male gigolo? 2 join the uk's fastest growing mens club reply ONCALL. mjzgroup. 08714342399.2stop reply STOP. msg@£1.50rcvd,spam,gsoh good spam ladiesu could b male gigolo join uk fastest grow men club repli oncal mjzgroup stop repli stop msg£rcvd
Ok then i will come to ur home after half an hour,ham,ok come ur home half hour
U have a secret admirer who is looking 2 make contact with U-find out who they R*reveal who thinks UR so special-call on 09058094599,spam,u secret admir look make contact ufind rreveal think ur specialcal
Do u hav any frnd by name ashwini in ur college?,ham,u hav frnd name ashwini ur colleg
Jus finish my lunch on my way home lor... I tot u dun wan 2 stay in sch today...,ham,ju finish lunch way home lor tot u dun wan stay sch today
K then 2marrow are you coming to class.,ham,k marrow come class
"HOT LIVE FANTASIES call now 08707500020 Just 20p per min NTT Ltd, PO Box 1327 Croydon CR9 5WB 0870 is a national rate call",spam,hot live fantasi call p per min ntt ltd po box croydon cr wb nation rate call
Pls send me your address sir.,ham,pl send address sir
I want to lick your pussy now...,ham,want lick pussi
"Yo, you gonna still be in stock tomorrow/today? I'm trying to get a dubsack",ham,yo gonna still stock tomorrowtoday im tri get dubsack
URGENT! Your Mobile number has been awarded a <UKP>2000 prize GUARANTEED. Call 09061790125 from landline. Claim 3030. Valid 12hrs only 150ppm,spam,urgent mobil number award ukp prize guarante call landlin claim valid hr ppm
"I'll see, but prolly yeah",ham,ill see prolli yeah
Thought we could go out for dinner. I'll treat you! Seem ok?,ham,thought could go dinner ill treat seem ok
Where are you ? What do you do ? How can you stand to be away from me ? Doesn't your heart ache without me ? Don't you wonder of me ? Don't you crave me ?,ham,stand away doesnt heart ach without dont wonder dont crave
Sorry. You never hear unless you book it. One was kinda a joke--thet were really looking for skinny white girls. The other was one line--you can only do so much on camera with that. Something like that they're casting on the look.,ham,sorri never hear unless book one kinda jokethet realli look skinni white girl one liney much camera someth like theyr cast look
What you doing?how are you?,ham,doinghow
"Sure thing big man. i have hockey elections at 6, shouldn‘t go on longer than an hour though",ham,sure thing big man hockey elect shouldn‘t go longer hour though
Watch lor. I saw a few swatch one i thk quite ok. Ard 116 but i need 2nd opinion leh...,ham,watch lor saw swatch one thk quit ok ard need nd opinion leh
Hiya do u like the hlday pics looked horrible in them so took mo out! Hows the camp Amrca thing? Speak soon Serena:),ham,hiya u like hlday pic look horribl took mo how camp amrca thing speak soon serena
"Babe! How goes that day ? What are you up to ? I miss you already, my Love ... * loving kiss* ... I hope everything goes well.",ham,babe goe day miss alreadi love love kiss hope everyth goe well
Yunny... I'm goin to be late,ham,yunni im goin late
Doc prescribed me morphine cause the other pain meds aren't enough. Waiting for my mom to bring it. That med should kick in fast so I'm gonna try to be on later,ham,doc prescrib morphin caus pain med arent enough wait mom bring med kick fast im gonna tri later
"Cool, want me to go to kappa or should I meet you outside mu",ham,cool want go kappa meet outsid mu
"Hey sexy buns ! Have I told you ? I adore you, loverboy. I hope you remember to thank your sister in law for those meatballs *grins* ... i love you, babe",ham,hey sexi bun told ador loverboy hope rememb thank sister law meatbal grin love babe
May b approve panalam...but it should have more posts..,ham,may b approv panalambut post
"SPJanuary Male Sale! Hot Gay chat now cheaper, call 08709222922. National rate from 1.5p/min cheap to 7.8p/min peak! To stop texts call 08712460324 (10p/min)",spam,spjanuari male sale hot gay chat cheaper call nation rate pmin cheap pmin peak stop text call pmin
"Sorry, I'll call later",ham,sorri ill call later
I dont thnk its a wrong calling between us,ham,dont thnk wrong call us
Me i'm not workin. Once i get job...,ham,im workin get job
And by when you're done I mean now,ham,your done mean
"Its Ur luck to Love someone. Its Ur fortune to Love the one who Loves U. But, its a miracle to Love a person who can't Love anyone except U... Gud nyt...",ham,ur luck love someon ur fortun love one love u miracl love person cant love anyon except u gud nyt
Hi baby ive just got back from work and i was wanting to see u allday! I hope i didnt piss u off on the phone today. If u are up give me a call xxx,ham,hi babi ive got back work want see u allday hope didnt piss u phone today u give call xxx
FreeMsg Today's the day if you are ready! I'm horny & live in your town. I love sex fun & games! Netcollex Ltd 08700621170150p per msg reply Stop to end,spam,freemsg today day readi im horni live town love sex fun game netcollex ltd p per msg repli stop end
Is it your yahoo boys that bring in the perf? Or legal.,ham,yahoo boy bring perf legal
No need to say anything to me. I know i am an outsider,ham,need say anyth know outsid
have you ever had one foot before?,ham,ever one foot
Just got to  &lt;#&gt;,ham,got ltgt
"Good! No, don‘t need any receipts—well done! (…) Yes, please tell . What‘s her number, i could ring her",ham,good don‘t need receipts—wel done … ye pleas tell what‘ number could ring
"Ever green quote ever told by Jerry in cartoon ""A Person Who Irritates u Always Is the one Who Loves u Vry Much But Fails to Express It...!..!! :-) :-) gud nyt",ham,ever green quot ever told jerri cartoon person irrit u alway one love u vri much fail express gud nyt
Leave it wif me lar... Ü wan to carry meh so heavy... Is da num 98321561 familiar to ü?,ham,leav wif lar ü wan carri meh heavi da num familiar ü
Beautiful truth : Expression of the face could Be seen by everyone... But the depression of heart Could be understood only By the Loved ones.. Gud Ni8;-),ham,beauti truth express face could seen everyon depress heart could understood love one gud ni
Infact happy new year. How are you where are you when are we seeing,ham,infact happi new year see
"In The Simpsons Movie released in July 2007 name the band that died at the start of the film? A-Green Day, B-Blue Day, C-Red Day. (Send A, B or C)",spam,simpson movi releas juli name band die start film agreen day bblue day cred day send b c
That's a shame! Maybe cld meet for few hrs tomo?,ham,that shame mayb cld meet hr tomo
Lol I would but despite these cramps I like being a girl.,ham,lol would despit cramp like girl
I cant wait for cornwall. Hope tonight isnt too bad as well but its rock night shite. Anyway im going for a kip now have a good night. Speak to you soon.,ham,cant wait cornwal hope tonight isnt bad well it rock night shite anyway im go kip good night speak soon
Pls help me tell sura that i'm expecting a battery from hont. And that if should pls send me a message about how to download movies. Thanks,ham,pl help tell sura im expect batteri hont pl send messag download movi thank
Please call Amanda with regard to renewing or upgrading your current T-Mobile handset free of charge. Offer ends today. Tel 0845 021 3680 subject to T's and C's,spam,pleas call amanda regard renew upgrad current tmobil handset free charg offer end today tel subject ts cs
"Haven't found a way to get another app for your phone, eh ? Will you go to the net cafe ? Did you take that job? Geeee I need you babe. I crave to see you ...",ham,havent found way get anoth app phone eh go net cafe take job geeee need babe crave see
I only work from mon to thurs but Sat i cant leh... Booked liao... Which other day u free?,ham,work mon thur sat cant leh book liao day u free
Ü comin to fetch us oredi...,ham,ü comin fetch us oredi
What's nannys address?,ham,what nanni address
"URGENT!! Your 4* Costa Del Sol Holiday or £5000 await collection. Call 09050090044 Now toClaim. SAE, TC s, POBox334, Stockport, SK38xh, Cost£1.50/pm, Max10mins",spam,urgent costa del sol holiday £ await collect call toclaim sae tc pobox stockport skxh cost£pm maxmin
Haf u eaten? Wat time u wan me 2 come?,ham,haf u eaten wat time u wan come
Want a new Video Phone? 750 anytime any network mins? Half price line rental free text for 3 months? Reply or call 08000930705 for free delivery,spam,want new video phone anytim network min half price line rental free text month repli call free deliveri
"Yo, call me when you get the chance, a friend of mine wanted me to ask you about a big order",ham,yo call get chanc friend mine want ask big order
This single single answers are we fighting? Plus i said am broke and you didnt reply,ham,singl singl answer fight plu said broke didnt repli
It certainly puts things into perspective when something like this happens,ham,certainli put thing perspect someth like happen
Now got tv 2 watch meh? U no work today?,ham,got tv watch meh u work today
i felt so...not any conveying reason.. Ese he... What about me?,ham,felt sonot convey reason ese
Had your mobile 11 months or more? U R entitled to Update to the latest colour mobiles with camera for Free! Call The Mobile Update Co FREE on 08002986030,spam,mobil month u r entitl updat latest colour mobil camera free call mobil updat co free
How's it going? Got any exciting karaoke type activities planned? I'm debating whether to play football this eve. Feeling lazy though.,ham,how go got excit karaok type activ plan im debat whether play footbal eve feel lazi though
I told that am coming on wednesday.,ham,told come wednesday
"Its ok, called mom instead have fun",ham,ok call mom instead fun
"Dear Voucher Holder, To claim this weeks offer, at your PC please go to http://www.wtlp.co.uk/text. Ts&Cs apply.",spam,dear voucher holder claim week offer pc pleas go httpwwwwtlpcouktext tsc appli
Well if I'm that desperate I'll just call armand again,ham,well im desper ill call armand
Are you at work right now ?,ham,work right
Congrats! Nokia 3650 video camera phone is your Call 09066382422 Calls cost 150ppm Ave call 3mins vary from mobiles 16+ Close 300603 post BCM4284 Ldn WC1N3XX,spam,congrat nokia video camera phone call call cost ppm ave call min vari mobil close post bcm ldn wcnxx
Haven't heard anything and he's not answering my texts so I'm guessing he flaked. That said the jb is fantastic,ham,havent heard anyth he answer text im guess flake said jb fantast
"Mmmmmm ... I love you,so much, Ahmad ... I can't wait for this year to begin as every second takes me closer to being at your side. Happy New Year, my love!!",ham,mmmmmm love youso much ahmad cant wait year begin everi second take closer side happi new year love
Pls what's the full name of joke's school cos fees in university of florida seem to actually be  &lt;#&gt; k. Pls holla back,ham,pl what full name joke school co fee univers florida seem actual ltgt k pl holla back
"Sorry, I'll call later",ham,sorri ill call later
Ok... But they said i've got wisdom teeth hidden inside n mayb need 2 remove.,ham,ok said ive got wisdom teeth hidden insid n mayb need remov
And pls pls drink plenty plenty water,ham,pl pl drink plenti plenti water
How are you doing. How's the queen. Are you going for the royal wedding,ham,how queen go royal wed
He's in lag. That's just the sad part but we keep in touch thanks to skype,ham,he lag that sad part keep touch thank skype
Ok lor then we go tog lor...,ham,ok lor go tog lor
Two teams waiting for some players,ham,two team wait player
Can ü send me a copy of da report?,ham,ü send copi da report
"swhrt how u dey,hope ur ok, tot about u 2day.love n miss.take care.",ham,swhrt u deyhop ur ok tot u daylov n misstak care
"Ok da, i already planned. I wil pick you.",ham,ok da alreadi plan wil pick
"Urgent! Please call 0906346330. Your ABTA complimentary 4* Spanish Holiday or £10,000 cash await collection SAE T&Cs BOX 47 PO19 2EZ 150ppm 18+",spam,urgent pleas call abta complimentari spanish holiday £ cash await collect sae tc box po ez ppm
"Sorry, I'll call later in meeting",ham,sorri ill call later meet
I just really need shit before tomorrow and I know you won't be awake before like 6,ham,realli need shit tomorrow know wont awak like
I'm good. Have you registered to vote?,ham,im good regist vote
"Hmm ok, i'll stay for like an hour cos my eye is really sore!",ham,hmm ok ill stay like hour co eye realli sore
Dear got bus directly to calicut,ham,dear got bu directli calicut
Mm umma ask vava also to come tell him can play later together,ham,mm umma ask vava also come tell play later togeth
"Well the general price is  &lt;#&gt; /oz, let me know if/when/how much you want",ham,well gener price ltgt oz let know ifwhenhow much want
"Sorry, I'll call later",ham,sorri ill call later
"Each Moment in a day,has its own value-Morning brings hope,afternoon brings faith,Evening brings luv,Night brings rest,Wish u find them all today.Good Morning",ham,moment dayha valuemorn bring hopeafternoon bring faitheven bring luvnight bring restwish u find todaygood morn
&lt;#&gt;  w jetton ave if you forgot,ham,ltgt w jetton ave forgot
Ok i'm coming home now.,ham,ok im come home
Can not use foreign stamps in this country.,ham,use foreign stamp countri
"Double mins and txts 4 6months FREE Bluetooth on Orange. Available on Sony, Nokia Motorola phones. Call MobileUpd8 on 08000839402 or call2optout/N9DX",spam,doubl min txt month free bluetooth orang avail soni nokia motorola phone call mobileupd calloptoutndx
"Sorry, it's a lot of friend-of-a-friend stuff, I'm just now about to talk to the actual guy who wants to buy",ham,sorri lot friendofafriend stuff im talk actual guy want buy
FREE for 1st week! No1 Nokia tone 4 ur mob every week just txt NOKIA to 8007 Get txting and tell ur mates www.getzed.co.uk POBox 36504 W45WQ norm150p/tone 16+,spam,free st week nokia tone ur mob everi week txt nokia get txting tell ur mate wwwgetzedcouk pobox wwq normpton
"Want to funk up ur fone with a weekly new tone reply TONES2U 2 this text. www.ringtones.co.uk, the original n best. Tones 3GBP network operator rates apply",spam,want funk ur fone weekli new tone repli tonesu text wwwringtonescouk origin n best tone gbp network oper rate appli
"cmon babe, make me horny, *turn* me on! Txt me your fantasy now babe -) Im hot, sticky and need you now. All replies cost £1.50. 2 cancel send STOP",spam,cmon babe make horni turn txt fantasi babe im hot sticki need repli cost £ cancel send stop
I will come tomorrow di,ham,come tomorrow di
Wylie update: my weed dealer carlos went to freedom and had a class with lunsford,ham,wyli updat weed dealer carlo went freedom class lunsford
Are you happy baby ? Are you alright ? Did you take that job ? I hope your fine. I send you a kiss to make you smile from across the sea ... *kiss* *kiss*,ham,happi babi alright take job hope fine send kiss make smile across sea kiss kiss
C movie is juz last minute decision mah. Juz watch 2 lar but i tot ü not interested.,ham,c movi juz last minut decis mah juz watch lar tot ü interest
How are you enjoying this semester? Take care brother.,ham,enjoy semest take care brother
IMPORTANT INFORMATION 4 ORANGE USER 0796XXXXXX. TODAY IS UR LUCKY DAY!2 FIND OUT WHY LOG ONTO http://www.urawinner.com THERE'S A FANTASTIC PRIZEAWAITING YOU!,spam,import inform orang user xxxxxx today ur lucki day find log onto httpwwwurawinnercom there fantast prizeawait
"Get the door, I'm here",ham,get door im
"Lets use it next week, princess :)",ham,let use next week princess
Or i go home first lar ü wait 4 me lor.. I put down my stuff first..,ham,go home first lar ü wait lor put stuff first
I want kfc its Tuesday. Only buy 2 meals ONLY 2. No gravy. Only 2 Mark. 2!,ham,want kfc tuesday buy meal gravi mark
No da:)he is stupid da..always sending like this:)don believe any of those message.pandy is a mental:),ham,dahe stupid daalway send like thisdon believ messagepandi mental
Oi when you gonna ring,ham,oi gonna ring
Missed call alert. These numbers called but left no message. 07008009200,spam,miss call alert number call left messag
I attended but nothing is there.,ham,attend noth
Ard 530 like dat lor. We juz meet in mrt station then ü dun haf to come out.,ham,ard like dat lor juz meet mrt station ü dun haf come
No dear i was sleeping :-P,ham,dear sleep p
Er mw im filled tuth is aight,ham,er mw im fill tuth aight
Will be office around 4 pm. Now i am going hospital.,ham,offic around pm go hospit
Actually i'm waiting for 2 weeks when they start putting ad.,ham,actual im wait week start put ad
Anything lor if they all go then i go lor...,ham,anyth lor go go lor
U free on sat rite? U wan 2 watch infernal affairs wif me n darren n mayb xy?,ham,u free sat rite u wan watch infern affair wif n darren n mayb xy
"Plz note: if anyone calling from a mobile Co. &amp; asks u to type # &lt;#&gt;  or # &lt;#&gt; . Do not do so. Disconnect the call,coz it iz an attempt of 'terrorist' to make use of the sim card no. Itz confirmd by nokia n motorola n has been verified by CNN IBN.",ham,plz note anyon call mobil co amp ask u type ltgt ltgt disconnect callcoz iz attempt terrorist make use sim card itz confirmd nokia n motorola n verifi cnn ibn
Yo you around? A friend of mine's lookin to pick up later tonight,ham,yo around friend mine lookin pick later tonight
Stupid auto correct on my phone,ham,stupid auto correct phone
Double eviction this week - Spiral and Michael and good riddance to them!,ham,doubl evict week spiral michael good riddanc
"The world suffers a lot... Not because of the violence of bad people. But because of the silence of good people!, Gud night....",ham,world suffer lot violenc bad peopl silenc good peopl gud night
"Ok thats cool. Its , just off either raglan rd or edward rd. Behind the cricket ground. Gimme ring when ur closeby see you tuesday.",ham,ok that cool either raglan rd edward rd behind cricket ground gimm ring ur closebi see tuesday
Buy one egg for me da..please:),ham,buy one egg dapleas
Have you started in skye,ham,start skye
Have you bookedthe hut? And also your time off? How are you by the way?,ham,bookedth hut also time way
And several to you sir.,ham,sever sir
U really pig leh sleep so much. My dad wake me up at 10 smth 2 eat lunch today.,ham,u realli pig leh sleep much dad wake smth eat lunch today
I'm at home. Please call,ham,im home pleas call
My love ... I hope your not doing anything drastic. Don't you dare sell your pc or your phone ...,ham,love hope anyth drastic dont dare sell pc phone
Now only i reached home. . . I am very tired now. . I will come tomorro,ham,reach home tire come tomorro
FREEMSG: Our records indicate you may be entitled to 3750 pounds for the Accident you had. To claim for free reply with YES to this msg. To opt out text STOP,spam,freemsg record indic may entitl pound accid claim free repli ye msg opt text stop
"U can WIN £100 of Music Gift Vouchers every week starting NOW Txt the word DRAW to 87066 TsCs www.Idew.com SkillGame, 1Winaweek, age16. 150ppermessSubscription",spam,u win £ music gift voucher everi week start txt word draw tsc wwwidewcom skillgam winaweek age ppermesssubscript
Life style garments account no please.,ham,life style garment account pleas
Lol wtf random. Btw is that your lunch break,ham,lol wtf random btw lunch break
"Sez, hows u & de arab boy? Hope u r all good give my love 2 evry1 love ya eshxxxxxxxxxxx",ham,sez how u de arab boy hope u r good give love evri love ya eshxxxxxxxxxxx
"The LAY MAN! Just to let you know you are missed and thought off. Do have a great day. And if you can send me bimbo and ugo's numbers, ill appreciate. Safe",ham,lay man let know miss thought great day send bimbo ugo number ill appreci safe
Detroit. The home of snow. Enjoy it.,ham,detroit home snow enjoy
Show ur colours! Euro 2004 2-4-1 Offer! Get an England Flag & 3Lions tone on ur phone! Click on the following service message for info!,spam,show ur colour euro offer get england flag lion tone ur phone click follow servic messag info
Okie...,ham,oki
"Aight, I'm chillin in a friend's room so text me when you're on the way",ham,aight im chillin friend room text your way
Is toshiba portege m100 gd?,ham,toshiba porteg gd
Well welp is sort of a semiobscure internet thing,ham,well welp sort semiobscur internet thing
Text PASS to 69669 to collect your polyphonic ringtones. Normal gprs charges apply only. Enjoy your tones,spam,text pass collect polyphon rington normal gpr charg appli enjoy tone
"accordingly. I repeat, just text the word ok on your mobile phone and send",spam,accordingli repeat text word ok mobil phone send
Loosu go to hospital. De dont let it careless.,ham,loosu go hospit de dont let careless
How much for an eighth?,ham,much eighth
Omg Joanna is freaking me out. She's looked thru all my friends to find photos of me. And then she's asking about stuff on my MySpace which I haven't even logged on in like a year. :/,ham,omg joanna freak she look thru friend find photo she ask stuff myspac havent even log like year
"Send ur birthdate with month and year, I will tel u ur LIFE PARTNER'S name. and the method of calculation. Reply must.",ham,send ur birthdat month year tel u ur life partner name method calcul repli must
Juz now havent woke up so a bit blur blur... Can? Dad went out liao... I cant cum now oso...,ham,juz havent woke bit blur blur dad went liao cant cum oso
"How about clothes, jewelry, and trips?",ham,cloth jewelri trip
Block Breaker now comes in deluxe format with new features and great graphics from T-Mobile. Buy for just £5 by replying GET BBDELUXE and take the challenge,spam,block breaker come delux format new featur great graphic tmobil buy £ repli get bbdelux take challeng
Aah! A cuddle would be lush! I'd need lots of tea and soup before any kind of fumbling!,ham,aah cuddl would lush id need lot tea soup kind fumbl
important information 4 orange user . today is your lucky day!2find out why log onto http://www.urawinner.com THERE'S A FANTASTIC SURPRISE AWAITING YOU!,spam,import inform orang user today lucki dayfind log onto httpwwwurawinnercom there fantast surpris await
I am late. I will be there at,ham,late
Sad story of a Man - Last week was my b'day. My Wife did'nt wish me. My Parents forgot n so did my Kids . I went to work. Even my Colleagues did not wish.,ham,sad stori man last week bday wife didnt wish parent forgot n kid went work even colleagu wish
Are you plans with your family set in stone ?,ham,plan famili set stone
Pls dont forget to study,ham,pl dont forget studi
You'll never believe this but i have actually got off at taunton. Wow,ham,youll never believ actual got taunton wow
"Den only weekdays got special price... Haiz... Cant eat liao... Cut nails oso muz wait until i finish drivin wat, lunch still muz eat wat... ",ham,den weekday got special price haiz cant eat liao cut nail oso muz wait finish drivin wat lunch still muz eat wat
She just broke down a list of reasons why nobody's in town and I can't tell if she's being sarcastic or just faggy,ham,broke list reason nobodi town cant tell she sarcast faggi
 &lt;DECIMAL&gt; m but its not a common car here so its better to buy from china or asia. Or if i find it less expensive. I.ll holla,ham,ltdecimalgt common car better buy china asia find less expens ill holla
The greatest test of courage on earth is to bear defeat without losing heart....gn tc,ham,greatest test courag earth bear defeat without lose heartgn tc
SORRY IM STIL FUCKED AFTER LAST NITE WENT TOBED AT 430 GOT UP 4 WORK AT 630,ham,sorri im stil fuck last nite went tobe got work
Hey so whats the plan this sat? ,ham,hey what plan sat
Beauty sleep can help ur pimples too.,ham,beauti sleep help ur pimpl
Great. Hope you are using your connections from mode men also cos you can never know why old friends can lead you to today,ham,great hope use connect mode men also co never know old friend lead today
Natalja (25/F) is inviting you to be her friend. Reply YES-440 or NO-440 See her: www.SMS.ac/u/nat27081980 STOP? Send STOP FRND to 62468,spam,natalja f invit friend repli ye see wwwsmsacunat stop send stop frnd
Where to get those?,ham,get
"Kind of. Just missed train cos of asthma attack, nxt one in half hr so driving in. not sure where to park.",ham,kind miss train co asthma attack nxt one half hr drive sure park
Ball is moving a lot.will spin in last :)so very difficult to bat:),ham,ball move lotwil spin last difficult bat
Haiyoh... Maybe your hamster was jealous of million,ham,haiyoh mayb hamster jealou million
Can you please send me my aunty's number,ham,pleas send aunti number
I'm glad. You are following your dreams.,ham,im glad follow dream
I've reached home finally...,ham,ive reach home final
"URGENT. Important information for 02 user. Today is your lucky day! 2 find out why , log onto http://www.urawinner.com there is a fantastic surprise awaiting you !",spam,urgent import inform user today lucki day find log onto httpwwwurawinnercom fantast surpris await
WINNER!! As a valued network customer you have been selected to receivea £900 prize reward! To claim call 09061701461. Claim code KL341. Valid 12 hours only.,spam,winner valu network custom select receivea £ prize reward claim call claim code kl valid hour
"Wn u r hurt by d prsn who s close 2 u, do fight wit dem. Coz somtimes dis fight saves a relation bt being quiet leaves nothin in a relation.. Gud eveB-)",ham,wn u r hurt prsn close u fight wit dem coz somtim di fight save relat bt quiet leav nothin relat gud eveb
U can call now...,ham,u call
"Science tells that chocolate will melt under the sunlight. Please don't walk under the sunlight. BCoz,I don't want to loss a sweet friend.",ham,scienc tell chocol melt sunlight pleas dont walk sunlight bcozi dont want loss sweet friend
Yes. I come to nyc for audiitions and am trying to relocate.,ham,ye come nyc audiit tri reloc
I pocked you up there before,ham,pock
Congrats. That's great. I wanted to tell you not to tell me your score cos it might make me relax. But its motivating me so thanks for sharing,ham,congrat that great want tell tell score co might make relax motiv thank share
I wud never mind if u dont miss me or if u dont need me.. But u wil really hurt me wen u need me &amp; u dont tell me......... Take care:-),ham,wud never mind u dont miss u dont need u wil realli hurt wen u need amp u dont tell take care
Hey mr whats the name of that bill brison book the one about language and words ,ham,hey mr what name bill brison book one languag word
"Okay, good, no problem, and thanx!",ham,okay good problem thanx
"For you information, IKEA is spelled with all caps. That is not yelling. when you thought i had left you, you were sitting on the bed among the mess when i came in. i said we were going after you got home from class. please don't try and bullshit me. It makes me want to listen to you less.",ham,inform ikea spell cap yell thought left sit bed among mess came said go got home class pleas dont tri bullshit make want listen less
Call me when u're done...,ham,call ure done
G.W.R,ham,gwr
You best watch what you say cause I get drunk as a motherfucker,ham,best watch say caus get drunk motherfuck
Kit Strip - you have been billed 150p. Netcollex Ltd. PO Box 1013 IG11 OJA,spam,kit strip bill p netcollex ltd po box ig oja
HMV BONUS SPECIAL 500 pounds of genuine HMV vouchers to be won. Just answer 4 easy questions. Play Now! Send HMV to 86688 More info:www.100percent-real.com,spam,hmv bonu special pound genuin hmv voucher answer easi question play send hmv infowwwpercentrealcom
Please CALL 08712402578 immediately as there is an urgent message waiting for you,spam,pleas call immedi urgent messag wait
thesmszone.com lets you send free anonymous and masked messages..im sending this message from there..do you see the potential for abuse???,spam,thesmszonecom let send free anonym mask messagesim send messag theredo see potenti abus
"WELL DONE! Your 4* Costa Del Sol Holiday or £5000 await collection. Call 09050090044 Now toClaim. SAE, TCs, POBox334, Stockport, SK38xh, Cost£1.50/pm, Max10mins",spam,well done costa del sol holiday £ await collect call toclaim sae tc pobox stockport skxh cost£pm maxmin
Hurt me... Tease me... Make me cry... But in the end of my life when i die plz keep one rose on my grave and say STUPID I MISS U.. HAVE A NICE DAY BSLVYL,ham,hurt teas make cri end life die plz keep one rose grave say stupid miss u nice day bslvyl
"Erm... Woodland avenue somewhere. Do you get the parish magazine, his telephone number will be in there.",ham,erm woodland avenu somewher get parish magazin telephon number
Are there TA jobs available? Let me know please cos i really need to start working,ham,ta job avail let know pleas co realli need start work
Aiyar hard 2 type. U later free then tell me then i call n scold n tell u.,ham,aiyar hard type u later free tell call n scold n tell u
Yup i'm free...,ham,yup im free
"Good good, billy mates all gone. Just been jogging, again! Did enjoy concert?",ham,good good billi mate gone jog enjoy concert
Yo come over carlos will be here soon,ham,yo come carlo soon
Awww dat is sweet! We can think of something to do he he! Have a nice time tonight ill probably txt u later cos im lonely :( xxx.,ham,awww dat sweet think someth nice time tonight ill probabl txt u later co im lone xxx
I guess it is useless calling u 4 something important.,ham,guess useless call u someth import
Ha ha - had popped down to the loo when you hello-ed me. Hello!,ham,ha ha pop loo hello hello
He dint tell anything. He is angry on me that why you told to abi.,ham,dint tell anyth angri told abi
Someone U know has asked our dating service 2 contact you! Cant Guess who? CALL 09058091854 NOW all will be revealed. PO BOX385 M6 6WU,spam,someon u know ask date servic contact cant guess call reveal po box wu
It so happens that there r 2waxsto do wat you want. She can come and ill get her medical insurance. And she'll be able to deliver and have basic care. I'm currently shopping for the right medical insurance for her. So just give me til friday morning. Thats when i.ll see the major person that can guide me to the right insurance.,ham,happen r waxsto wat want come ill get medic insur shell abl deliv basic care im current shop right medic insur give til friday morn that ill see major person guid right insur
I keep ten rs in my shelf:) buy two egg.,ham,keep ten rs shelf buy two egg
"I wasn't well babe, i have swollen glands at my throat ... What did you end up doing ?",ham,wasnt well babe swollen gland throat end
Is ur changes 2 da report big? Cos i've already made changes 2 da previous report.,ham,ur chang da report big co ive alreadi made chang da previou report
Captain is in our room:),ham,captain room
"I can't speak, bcaz mobile have problem. I can listen you but you cann't listen my voice. So i calls you later.",ham,cant speak bcaz mobil problem listen cannt listen voic call later
HIYA STU WOT U UP 2.IM IN SO MUCH TRUBLE AT HOME AT MOMENT EVONE HATES ME EVEN U! WOT THE HELL AV I DONE NOW? Y WONT U JUST TELL ME TEXT BCK PLEASE LUV DAN ,ham,hiya stu wot u im much trubl home moment evon hate even u wot hell av done wont u tell text bck pleas luv dan
S...i will take mokka players only:),ham,si take mokka player
Are you still playing with gautham?,ham,still play gautham
Hey mr  and I are going to the sea view and having a couple of gays I mean games! Give me a bell when ya finish ,ham,hey mr go sea view coupl gay mean game give bell ya finish
"K, jason says he's gonna be around so I'll be up there around  &lt;#&gt;",ham,k jason say he gonna around ill around ltgt
Sorry . I will be able to get to you. See you in the morning.,ham,sorri abl get see morn
Aight well keep me informed,ham,aight well keep inform
I am not having her number sir,ham,number sir
Am only searching for good dual sim mobile pa.,ham,search good dual sim mobil pa
That seems unnecessarily hostile,ham,seem unnecessarili hostil
Dude got a haircut. Now its breezy up there,ham,dude got haircut breezi
"Congrats! 2 mobile 3G Videophones R yours. call 09061744553 now! videochat wid ur mates, play java games, Dload polyH music, noline rentl. bx420. ip4. 5we. 150pm",spam,congrat mobil g videophon r call videochat wid ur mate play java game dload polyh music nolin rentl bx ip pm
1Apple/Day=No Doctor. 1Tulsi Leaf/Day=No Cancer. 1Lemon/Day=No Fat. 1Cup Milk/day=No Bone Problms 3 Litres Watr/Day=No Diseases Snd ths 2 Whom U Care..:-),ham,appledayno doctor tulsi leafdayno cancer lemondayno fat cup milkdayno bone problm litr watrdayno diseas snd th u care
i thought we were doing a king of the hill thing there.,ham,thought king hill thing
Nope i'll come online now..,ham,nope ill come onlin
ALSO TELL HIM I SAID HAPPY BIRTHDAY,ham,also tell said happi birthday
Y bishan lei... I tot ü say lavender? ,ham,bishan lei tot ü say lavend
Boo what time u get out? U were supposed to take me shopping today. :(,ham,boo time u get u suppos take shop today
"Now u sound like manky scouse boy steve,like! I is travelling on da bus home.wot has u inmind 4 recreation dis eve?",ham,u sound like manki scous boy stevelik travel da bu homewot u inmind recreat di eve
"Fyi I'm taking a quick shower, be at epsilon in like  &lt;#&gt;  min",ham,fyi im take quick shower epsilon like ltgt min
on a Tuesday night r u 4 real,ham,tuesday night r u real
Yes when is the appt again?,ham,ye appt
Just got outta class gonna go gym.,ham,got outta class gonna go gym
I want to sent  &lt;#&gt; mesages today. Thats y. Sorry if i hurts,ham,want sent ltgt mesag today that sorri hurt
Ü all write or wat..,ham,ü write wat
Ha! I wouldn't say that I just didn't read anything into way u seemed. I don't like 2 be judgemental....i save that for fridays in the pub!,ham,ha wouldnt say didnt read anyth way u seem dont like judgementali save friday pub
Its a valentine game. . . send dis msg to all ur friends. . If 5 answers r d same then someone really loves u. . Ques- which colour suits me the best?,ham,valentin game send di msg ur friend answer r someon realli love u que colour suit best
Hi:)did you asked to waheeda fathima about leave?,ham,hidid ask waheeda fathima leav
Enjoy urself tmr...,ham,enjoy urself tmr
You still around? I could use a half-8th,ham,still around could use halfth
U 447801259231 have a secret admirer who is looking 2 make contact with U-find out who they R*reveal who thinks UR so special-call on 09058094597,spam,u secret admir look make contact ufind rreveal think ur specialcal
You give us back my id proof and  &lt;#&gt;  rs. We wont allow you to work. We will come to your home within days,ham,give us back id proof ltgt rs wont allow work come home within day
Ü bot notes oredi... Cos i juz rem i got...,ham,ü bot note oredi co juz rem got
Yes. Rent is very expensive so its the way we save.,ham,ye rent expens way save
"Night has ended for another day, morning has come in a special way. May you smile like the sunny rays and leaves your worries at the blue blue bay. Gud mrng",ham,night end anoth day morn come special way may smile like sunni ray leav worri blue blue bay gud mrng
Hows the pain dear?y r u smiling?,ham,how pain deari r u smile
"Fun fact: although you would think armand would eventually build up a tolerance or some shit considering how much he smokes, he gets fucked up in like 2 hits",ham,fun fact although would think armand would eventu build toler shit consid much smoke get fuck like hit
important information 4 orange user 0789xxxxxxx. today is your lucky day!2find out why log onto http://www.urawinner.com THERE'S A FANTASTIC SURPRISE AWAITING YOU!,spam,import inform orang user xxxxxxx today lucki dayfind log onto httpwwwurawinnercom there fantast surpris await
"Sorry, I can't help you on this.",ham,sorri cant help
Great. So should i send you my account number.,ham,great send account number
"HELLOGORGEOUS, HOWS U? MY FONE WAS ON CHARGE LST NITW WEN U TEXD ME. HOPEU AD A NICE WKEND AS IM SURE U DID LOOKIN 4WARD 2 C-IN U 2MRW LUV JAZ",ham,hellogorg how u fone charg lst nitw wen u texd hopeu ad nice wkend im sure u lookin ward cin u mrw luv jaz
"Our dating service has been asked 2 contact U by someone shy! CALL 09058091870 NOW all will be revealed. POBox84, M26 3UZ 150p",spam,date servic ask contact u someon shi call reveal pobox uz p
Ü only send me the contents page...,ham,ü send content page
"Night sweet, sleep well! I've just been to see The Exorcism of Emily Rose and may never sleep again! Hugs and snogs! ",ham,night sweet sleep well ive see exorc emili rose may never sleep hug snog
"Don't Think About ""What u Have Got"" Think About ""How to Use It That You Have Got"" gooD ni8",ham,dont think u got think use got good ni
"I can't right this second, gotta hit people up first",ham,cant right second gotta hit peopl first
"Evry Emotion dsn't hav Words.Evry Wish dsn't hav Prayrs.. If u Smile,D World is wit u.Othrwise even d Drop of Tear dsn't lik 2 Stay wit u.So b happy.. Good morning, keep smiling:-)",ham,evri emot dsnt hav wordsevri wish dsnt hav prayr u smile world wit uothrwis even drop tear dsnt lik stay wit uso b happi good morn keep smile
So what about you. What do you remember,ham,rememb
Ujhhhhhhh computer shipped out with address to sandiago and parantella lane. Wtf. Poop.,ham,ujhhhhhhh comput ship address sandiago parantella lane wtf poop
Mm yes dear look how i am hugging you both. :-P,ham,mm ye dear look hug p
I like dis sweater fr mango but no more my size already so irritating.,ham,like di sweater fr mango size alreadi irrit
1 I don't have her number and 2 its gonna be a massive pain in the ass and i'd rather not get involved if that's possible,ham,dont number gonna massiv pain ass id rather get involv that possibl
Anytime lor...,ham,anytim lor
Do you want a new Video handset? 750 any time any network mins? UNLIMITED TEXT? Camcorder? Reply or Call now 08000930705 for del Sat AM,spam,want new video handset time network min unlimit text camcord repli call del sat
Purity of friendship between two is not about smiling after reading the forwarded message..Its about smiling just by seeing the name. Gud evng,ham,puriti friendship two smile read forward messageit smile see name gud evng
"Ur balance is now £600. Next question: Complete the landmark, Big, A. Bob, B. Barry or C. Ben ?. Text A, B or C to 83738. Good luck!",spam,ur balanc £ next question complet landmark big bob b barri c ben text b c good luck
Me fine..absolutly fine,ham,fineabsolutli fine
K and you're sure I don't have to have consent forms to do it :V,ham,k your sure dont consent form v
Ur TONEXS subscription has been renewed and you have been charged £4.50. You can choose 10 more polys this month. www.clubzed.co.uk *BILLING MSG*,spam,ur tonex subscript renew charg £ choos poli month wwwclubzedcouk bill msg
"If you don't, your prize will go to another customer. T&C at www.t-c.biz 18+ 150p/min Polo Ltd Suite 373 London W1J 6HL Please call back if busy",spam,dont prize go anoth custom tc wwwtcbiz pmin polo ltd suit london wj hl pleas call back busi
How much is torch in 9ja.,ham,much torch ja
"Doing nothing, then u not having dinner w us?",ham,noth u dinner w us
How are you. Just checking up on you,ham,check
Done it but internet connection v slow and can‘t send it. Will try again later or first thing tomo.,ham,done internet connect v slow can‘t send tri later first thing tomo
Mathews or tait or edwards or anderson,ham,mathew tait edward anderson
yeah sure thing mate haunt got all my stuff sorted but im going sound anyway promoting hex for .by the way who is this? dont know number. Joke,ham,yeah sure thing mate haunt got stuff sort im go sound anyway promot hex way dont know number joke
No need lar i go engin? Cos my sis at arts today...,ham,need lar go engin co si art today
Thanks honey but still haven't heard anything I will leave it a bit longer so not 2 crowd him and will try later - great advice thanks hope cardiff is still there!,ham,thank honey still havent heard anyth leav bit longer crowd tri later great advic thank hope cardiff still
Do you want a New Nokia 3510i Colour Phone Delivered Tomorrow? With 200 FREE minutes to any mobile + 100 FREE text + FREE camcorder Reply or Call 8000930705,spam,want new nokia colour phone deliv tomorrow free minut mobil free text free camcord repli call
", im .. On the snowboarding trip. I was wondering if your planning to get everyone together befor we go..a meet and greet kind of affair? Cheers, ",ham,im snowboard trip wonder plan get everyon togeth befor goa meet greet kind affair cheer
S.i'm watching it in live..,ham,sim watch live
"see you then, we're all christmassy here!",ham,see christmassi
"K I'm ready,  &lt;#&gt; ?",ham,k im readi ltgt
"Do you know why god created gap between your fingers..? So that, One who is made for you comes &amp; fills those gaps by holding your hand with LOVE..!",ham,know god creat gap finger one made come amp fill gap hold hand love
The greatest test of courage on earth is to bear defeat without losing heart....gn tc,ham,greatest test courag earth bear defeat without lose heartgn tc
what are your new years plans?,ham,new year plan
RECPT 1/3. You have ordered a Ringtone. Your order is being processed...,spam,recpt order rington order process
Baaaaaaaabe! Wake up ! I miss you ! I crave you! I need you!,ham,baaaaaaaab wake miss crave need
"Only just got this message, not ignoring you. Yes, i was. Shopping that is",ham,got messag ignor ye shop
Dear :-/ why you mood off. I cant drive so i brother to drive,ham,dear mood cant drive brother drive
When did dad get back.,ham,dad get back
"Can you tell Shola to please go to college of medicine and visit the academic department, tell the academic secretary what the current situation is and ask if she can transfer there. She should ask someone to check Sagamu for the same thing and lautech. Its vital she completes her medical education in Nigeria. Its less expensive much less expensive. Unless she will be getting citizen rates in new zealand.",ham,tell shola pleas go colleg medicin visit academ depart tell academ secretari current situat ask transfer ask someon check sagamu thing lautech vital complet medic educ nigeria less expens much less expens unless get citizen rate new zealand
Yes just finished watching days of our lives. I love it.,ham,ye finish watch day live love
Juz go google n search 4 qet...,ham,juz go googl n search qet
Many times we lose our best ones bcoz we are ,ham,mani time lose best one bcoz
"Good FRIENDS CaRE for each Other.. CLoSE Friends UNDERSTaND each Other... and TRUE Friends STaY forever beyond words, beyond time. Gud ni8",ham,good friend care close friend understand true friend stay forev beyond word beyond time gud ni
Just getting back home,ham,get back home
"Sorry, I'll call later  &lt;#&gt; mins",ham,sorri ill call later ltgt min
Dun need to use dial up juz open da browser n surf...,ham,dun need use dial juz open da browser n surf
As one of our registered subscribers u can enter the draw 4 a 100 G.B. gift voucher by replying with ENTER. To unsubscribe text STOP,spam,one regist subscrib u enter draw gb gift voucher repli enter unsubscrib text stop
"Awesome, plan to get here any time after like  &lt;#&gt; , I'll text you details in a wee bit",ham,awesom plan get time like ltgt ill text detail wee bit
Take care and sleep well.you need to learn to change in life.you only need to get CONVINCED on that.i will wait but no more conversations between us.GET CONVINCED by that time.Your family is over for you in many senses.respect them but not overemphasise.or u have no role in my life.,ham,take care sleep wellyou need learn chang lifey need get convinc thati wait convers usget convinc timeyour famili mani sensesrespect overemphasiseor u role life
"For your chance to WIN a FREE Bluetooth Headset then simply reply back with ""ADP""",spam,chanc win free bluetooth headset simpli repli back adp
You also didnt get na hi hi hi hi hi,ham,also didnt get na hi hi hi hi hi
Ya but it cant display internal subs so i gotta extract them,ham,ya cant display intern sub gotta extract
If i said anything wrong sorry de:-),ham,said anyth wrong sorri de
Sad story of a Man - Last week was my b'day. My Wife did'nt wish me. My Parents forgot n so did my Kids . I went to work. Even my Colleagues did not wish.,ham,sad stori man last week bday wife didnt wish parent forgot n kid went work even colleagu wish
How stupid to say that i challenge god.You dont think at all on what i write instead you respond immed.,ham,stupid say challeng godyou dont think write instead respond im
"Yeah I should be able to, I'll text you when I'm ready to meet up",ham,yeah abl ill text im readi meet
V skint too but fancied few bevies.waz gona go meet &othrs in spoon but jst bin watchng planet earth&sofa is v comfey; If i dont make it hav gd night,ham,v skint fanci bevieswaz gona go meet othr spoon jst bin watchng planet earthsofa v comfey dont make hav gd night
" says that he's quitting at least5times a day so i wudn't take much notice of that. Nah, she didn't mind. Are you gonna see him again? Do you want to come to taunton tonight? U can tell me all about !",ham,say he quit leasttim day wudnt take much notic nah didnt mind gonna see want come taunton tonight u tell
"When you get free, call me",ham,get free call
How have your little darlings been so far this week? Need a coffee run tomo?Can't believe it's that time of week already …,ham,littl darl far week need coffe run tomoc believ time week alreadi …
Ok i msg u b4 i leave my house.,ham,ok msg u b leav hous
Still at west coast... Haiz... Ü'll take forever to come back...,ham,still west coast haiz üll take forev come back
MMM ... Fuck .... Merry Christmas to me,ham,mmm fuck merri christma
alright. Thanks for the advice. Enjoy your night out. I'ma try to get some sleep...,ham,alright thank advic enjoy night ima tri get sleep
Update your face book status frequently :),ham,updat face book statu frequent
Just now saw your message.it k da:),ham,saw messageit k da
Was it something u ate?,ham,someth u ate
So what did the bank say about the money?,ham,bank say money
Aiyar dun disturb u liao... Thk u have lots 2 do aft ur cupboard come...,ham,aiyar dun disturb u liao thk u lot aft ur cupboard come
Hey they r not watching movie tonight so i'll prob b home early...,ham,hey r watch movi tonight ill prob b home earli
Yar lor... How u noe? U used dat route too?,ham,yar lor u noe u use dat rout
2mro i am not coming to gym machan. Goodnight.,ham,mro come gym machan goodnight
Dont think you need yellow card for uk travel. Ask someone that has gone before. If you do its just  &lt;#&gt; bucks,ham,dont think need yellow card uk travel ask someon gone ltgt buck
Can u look 4 me in da lib i got stuff havent finish yet.,ham,u look da lib got stuff havent finish yet
Sounds great! Im going to sleep now. Have a good night!,ham,sound great im go sleep good night
Don't b floppy... b snappy & happy! Only gay chat service with photo upload call 08718730666 (10p/min). 2 stop our texts call 08712460324,spam,dont b floppi b snappi happi gay chat servic photo upload call pmin stop text call
"House-Maid is the murderer, coz the man was murdered on  &lt;#&gt; th January.. As public holiday all govt.instituitions are closed,including post office..understand?",ham,housemaid murder coz man murder ltgt th januari public holiday govtinstituit closedinclud post officeunderstand
How come u got nothing to do?,ham,come u got noth
Nothing will ever be easy. But don't be looking for a reason not to take a risk on life and love,ham,noth ever easi dont look reason take risk life love
i want to grasp your pretty booty :),ham,want grasp pretti booti
I've got it down to a tea. not sure which flavour,ham,ive got tea sure flavour
I'm going 2 orchard now laready me reaching soon. U reaching?,ham,im go orchard lareadi reach soon u reach
Dear i am not denying your words please,ham,dear deni word pleas
You know my old Dom I told you about yesterday ? His name is Roger? He got in touch with me last night and wants me to meet him today at 2 pm,ham,know old dom told yesterday name roger got touch last night want meet today pm
COME BACK TO TAMPA FFFFUUUUUUU,ham,come back tampa ffffuuuuuuu
"2 celebrate my bday, y else?",ham,celebr bday els
Merry christmas to u too annie!,ham,merri christma u anni
Please tell me you have some of that special stock you were talking about,ham,pleas tell special stock talk
I sent them. Do you like?,ham,sent like
"Urgent UR awarded a complimentary trip to EuroDisinc Trav, Aco&Entry41 Or £1000. To claim txt DIS to 87121 18+6*£1.50(moreFrmMob. ShrAcomOrSglSuplt)10, LS1 3AJ",spam,urgent ur award complimentari trip eurodisinc trav acoentri £ claim txt di £morefrmmob shracomorsglsuplt ls aj
"Awesome, be there in a minute",ham,awesom minut
"And that is the problem. You walk around in ""julianaland"" oblivious to what is going on around you. I say the same things constantly and they go in one ear and out the other while you go off doing whatever you want to do. It's not that you don't know why I'm upset--it's that you don't listen when i tell you WHAT is going to upset me. Then you want to be surprised when I'm mad.",ham,problem walk around julianaland oblivi go around say thing constantli go one ear go whatev want dont know im upsetit dont listen tell go upset want surpris im mad
I've told you everything will stop. Just dont let her get dehydrated.,ham,ive told everyth stop dont let get dehydr
Or I guess  &lt;#&gt;  min,ham,guess ltgt min
I'm home. Ard wat time will u reach?,ham,im home ard wat time u reach
"Storming msg: Wen u lift d phne, u say ""HELLO"" Do u knw wt is d real meaning of HELLO?? . . . It's d name of a girl..! . . . Yes.. And u knw who is dat girl?? ""Margaret Hello"" She is d girlfrnd f Grahmbell who invnted telphone... . . . . Moral:One can 4get d name of a person, bt not his girlfrnd... G o o d n i g h t . . .@",ham,storm msg wen u lift phne u say hello u knw wt real mean hello name girl ye u knw dat girl margaret hello girlfrnd f grahmbel invnt telphon moralon get name person bt girlfrnd g n g h
"If you want to mapquest it or something look up ""usf dogwood drive"", that's the tiny street where the parking lot is",ham,want mapquest someth look usf dogwood drive that tini street park lot
Aight should I just plan to come up later tonight?,ham,aight plan come later tonight
Die... I accidentally deleted e msg i suppose 2 put in e sim archive. Haiz... I so sad...,ham,die accident delet e msg suppos put e sim archiv haiz sad
"Welcome to UK-mobile-date this msg is FREE giving you free calling to 08719839835. Future mgs billed at 150p daily. To cancel send ""go stop"" to 89123",spam,welcom ukmobiled msg free give free call futur mg bill p daili cancel send go stop
This is wishing you a great day. Moji told me about your offer and as always i was speechless. You offer so easily to go to great lengths on my behalf and its stunning. My exam is next friday. After that i will keep in touch more. Sorry.,ham,wish great day moji told offer alway speechless offer easili go great length behalf stun exam next friday keep touch sorri
"Thanks again for your reply today. When is ur visa coming in. And r u still buying the gucci and bags. My sister things are not easy, uncle john also has his own bills so i really need to think about how to make my own money. Later sha.",ham,thank repli today ur visa come r u still buy gucci bag sister thing easi uncl john also bill realli need think make money later sha
"Sorry I flaked last night, shit's seriously goin down with my roommate, what you up to tonight?",ham,sorri flake last night shit serious goin roommat tonight
He said i look pretty wif long hair wat. But i thk he's cutting quite short 4 me leh.,ham,said look pretti wif long hair wat thk he cut quit short leh
Ranjith cal drpd Deeraj and deepak 5min hold,ham,ranjith cal drpd deeraj deepak min hold
CHEERS FOR CALLIN BABE.SOZI CULDNT TALKBUT I WANNATELL U DETAILS LATER WENWECAN CHAT PROPERLY X,ham,cheer callin babesozi culdnt talkbut wannatel u detail later wenwecan chat properli x
Hey u still at the gym?,ham,hey u still gym
"She said,'' do u mind if I go into the bedroom for a minute ? '' ''OK'', I sed in a sexy mood. She came out 5 minuts latr wid a cake...n My Wife,",ham,said u mind go bedroom minut ok sed sexi mood came minut latr wid caken wife
Much better now thanks lol,ham,much better thank lol
"Nothing, smsing u n xy lor. Sorry lor da guys neva c u in person but they sort of know u lor. So u wan 2 meet them xy ask me 2 bring u along 4 our next meeting.",ham,noth smsing u n xy lor sorri lor da guy neva c u person sort know u lor u wan meet xy ask bring u along next meet
"Lemme know when I can swing by and pick up, I'm free basically any time after 1 all this semester",ham,lemm know swing pick im free basic time semest
Wa... U so efficient... Gee... Thanx...,ham,wa u effici gee thanx
3. You have received your mobile content. Enjoy,spam,receiv mobil content enjoy
S but not able to sleep.,ham,abl sleep
Want explicit SEX in 30 secs? Ring 02073162414 now! Costs 20p/min,spam,want explicit sex sec ring cost pmin
We will meet soon princess! Ttyl!,ham,meet soon princess ttyl
I'll pick you up at about 5.15pm to go to taunton if you still want to come.,ham,ill pick pm go taunton still want come
Oh :-)only 4 outside players allowed to play know,ham,oh outsid player allow play know
I anything lor.,ham,anyth lor
Erutupalam thandiyachu,ham,erutupalam thandiyachu
"Y cant u try new invention to fly..i'm not joking.,",ham,cant u tri new invent flyim joke
No..its ful of song lyrics..,ham,noit ful song lyric
"What do u reckon as need 2 arrange transport if u can't do it, thanks",ham,u reckon need arrang transport u cant thank
True lov n care wil nevr go unrecognized. though somone often makes mistakes when valuing it. but they will definitly undrstnd once when they start missing it.,ham,true lov n care wil nevr go unrecogn though somon often make mistak valu definitli undrstnd start miss
Shopping? Eh ger i toking abt syd leh...Haha,ham,shop eh ger toke abt syd lehhaha
What not under standing.,ham,stand
have * good weekend.,ham,good weekend
Miss call miss call khelate kintu opponenter miss call dhorte lage. Thats d rule. One with great phone receiving quality wins.,ham,miss call miss call khelat kintu opponent miss call dhort lage that rule one great phone receiv qualiti win
Call me when you get the chance plz &lt;3,ham,call get chanc plz lt
The new deus ex game comin early next yr,ham,new deu ex game comin earli next yr
My computer just fried the only essential part we don't keep spares of because my fucking idiot roommates looovvve leaving the thing running on full  &lt;#&gt; /7,ham,comput fri essenti part dont keep spare fuck idiot roommat looovvv leav thing run full ltgt
"My friend, she's studying at warwick, we've planned to go shopping and to concert tmw, but it may be canceled, havn't seen  for ages, yeah we should get together sometime!",ham,friend she studi warwick weve plan go shop concert tmw may cancel havnt seen age yeah get togeth sometim
Probably a couple hours tops,ham,probabl coupl hour top
"LOL .. *grins* .. I'm not babe, but thanks for thinking of me!",ham,lol grin im babe thank think
Man this bus is so so so slow. I think you're gonna get there before me,ham,man bu slow think your gonna get
Hope this text meets you smiling. If not then let this text give you a reason to smile. Have a beautiful day.,ham,hope text meet smile let text give reason smile beauti day
"In case you wake up wondering where I am, I forgot I have to take care of something for grandma today, should be done before the parade",ham,case wake wonder forgot take care someth grandma today done parad
Ok,ham,ok
"Latest Nokia Mobile or iPOD MP3 Player +£400 proze GUARANTEED! Reply with: WIN to 83355 now! Norcorp Ltd.£1,50/Mtmsgrcvd18+",spam,latest nokia mobil ipod mp player £ proze guarante repli win norcorp ltd£mtmsgrcvd
"SMS SERVICES. for your inclusive text credits, pls goto www.comuk.net login= 3qxj9 unsubscribe with STOP, no extra charge. help 08702840625.COMUK. 220-CM2 9AE",spam,sm servic inclus text credit pl goto wwwcomuknet login qxj unsubscrib stop extra charg help comuk cm ae
Nvm take ur time.,ham,nvm take ur time
So wat's da decision?,ham,wat da decis
Wot is u up 2 then bitch?,ham,wot u bitch
Stupid.its not possible,ham,stupidit possibl
She told to hr that he want posting in chennai:)because i'm working here:),ham,told hr want post chennaibecaus im work
Mobile Club: Choose any of the top quality items for your mobile. 7cfca1a,spam,mobil club choos top qualiti item mobil cfcaa
When are you guys leaving?,ham,guy leav
He neva grumble but i sad lor... Hee... Buy tmr lor aft lunch. But we still meetin 4 lunch tmr a not. Neva hear fr them lei. Ü got a lot of work ar?,ham,neva grumbl sad lor hee buy tmr lor aft lunch still meetin lunch tmr neva hear fr lei ü got lot work ar
Not able to do anything.,ham,abl anyth
Ü takin linear algebra today?,ham,ü takin linear algebra today
This weekend is fine (an excuse not to do too much decorating),ham,weekend fine excus much decor
"Sorry I missed you babe. I was up late and slept in. I hope you enjoy your driving lesson, boytoy. I miss you too ... *teasing kiss*",ham,sorri miss babe late slept hope enjoy drive lesson boytoy miss teas kiss
Now project pa. After that only i can come.,ham,project pa come
Money i have won wining number 946 wot do i do next,spam,money wine number wot next
"Sure, whenever you show the fuck up &gt;:(",ham,sure whenev show fuck gt
That was random saw my old roomate on campus. He graduated,ham,random saw old roomat campu graduat
"Congrats! 2 mobile 3G Videophones R yours. call 09061744553 now! videochat wid ur mates, play java games, Dload polyH music, noline rentl. bx420. ip4. 5we. 150pm",spam,congrat mobil g videophon r call videochat wid ur mate play java game dload polyh music nolin rentl bx ip pm
"Men always needs a beautiful, intelligent, caring, loving, adjustable, cooperative wife. But the law allows only one wife....",ham,men alway need beauti intellig care love adjust cooper wife law allow one wife
That sucks. So what do you got planned for your yo valentine? I am your yo valentine aren't I?,ham,suck got plan yo valentin yo valentin arent
"Just got part Nottingham - 3 hrs 63miles. Good thing i love my man so much, but only doing 40mph. Hey ho",ham,got part nottingham hr mile good thing love man much mph hey ho
What to think no one saying clearly. Ok leave no need to ask her. I will go if she come or not,ham,think one say clearli ok leav need ask go come
Hi good mornin.. Thanku wish u d same..,ham,hi good mornin thanku wish u
DO U WANT 2 MEET UP 2MORRO,ham,u want meet morro
Actually I decided I was too hungry so I haven't left yet :V,ham,actual decid hungri havent left yet v
I've sent ü my part..,ham,ive sent ü part
Cos i was out shopping wif darren jus now n i called him 2 ask wat present he wan lor. Then he started guessing who i was wif n he finally guessed darren lor.,ham,co shop wif darren ju n call ask wat present wan lor start guess wif n final guess darren lor
"I want some cock! My hubby's away, I need a real man 2 satisfy me. Txt WIFE to 89938 for no strings action. (Txt STOP 2 end, txt rec £1.50ea. OTBox 731 LA1 7WS. )",spam,want cock hubbi away need real man satisfi txt wife string action txt stop end txt rec £ea otbox la ws
Understand. his loss is my gain :) so do you work? School?,ham,understand loss gain work school
HOW ARE U? I HAVE MISSED U! I HAVENT BEEN UP 2 MUCH A BIT BORED WITH THE HOLIDAY WANT 2 GO BAK 2 COLLEGE! SAD ISNT IT?xx,ham,u miss u havent much bit bore holiday want go bak colleg sad isnt itxx
"Hiya, probably coming home * weekend after next",ham,hiya probabl come home weekend next
Don't forget though that I love you .... And I walk beside you. Watching over you and keeping your heart warm.,ham,dont forget though love walk besid watch keep heart warm
I wish things were different. I wonder when i will be able to show you how much i value you. Pls continue the brisk walks no drugs without askin me please and find things to laugh about. I love you dearly.,ham,wish thing differ wonder abl show much valu pl continu brisk walk drug without askin pleas find thing laugh love dearli
Ok both our days. So what are you making for dinner tonite? Am I invited?,ham,ok day make dinner tonit invit
Gr8 new service - live sex video chat on your mob - see the sexiest dirtiest girls live on ur phone - 4 details text horny to 89070 to cancel send STOP to 89070,spam,gr new servic live sex video chat mob see sexiest dirtiest girl live ur phone detail text horni cancel send stop
I have no money 4 steve mate! !,ham,money steve mate
IM LATE TELLMISS IM ON MY WAY,ham,im late tellmiss im way
Never blame a day in ur life. Good days give u happiness. Bad days give u experience. Both are essential in life! All are Gods blessings! good morning.:,ham,never blame day ur life good day give u happi bad day give u experi essenti life god bless good morn
Normally i use to drink more water daily:),ham,normal use drink water daili
Dare i ask... Any luck with sorting out the car?,ham,dare ask luck sort car
"Party's at my place at usf, no charge (but if you can contribute in any way it is greatly appreciated) and yeah, we got room for one more",ham,parti place usf charg contribut way greatli appreci yeah got room one
"Urgh, coach hot, smells of chip fat! Thanks again, especially for the duvet (not a predictive text word).",ham,urgh coach hot smell chip fat thank especi duvet predict text word
Hiya. How was last night? I've been naughty and bought myself clothes and very little ... Ready for more shopping tho! What kind of time do you wanna meet?,ham,hiya last night ive naughti bought cloth littl readi shop tho kind time wanna meet
FreeMsg Hi baby wow just got a new cam moby. Wanna C a hot pic? or Fancy a chat?Im w8in 4uTxt / rply CHAT to 82242 Hlp 08712317606 Msg150p 2rcv,spam,freemsg hi babi wow got new cam mobi wanna c hot pic fanci chatim win utxt rpli chat hlp msgp rcv
I've been trying to reach him without success,ham,ive tri reach without success
when you and derek done with class?,ham,derek done class
Never y lei... I v lazy... Got wat? Dat day ü send me da url cant work one...,ham,never lei v lazi got wat dat day ü send da url cant work one
Never try alone to take the weight of a tear that comes out of ur heart and falls through ur eyes... Always remember a STUPID FRIEND is here to share... BSLVYL,ham,never tri alon take weight tear come ur heart fall ur eye alway rememb stupid friend share bslvyl
Hey mate. Spoke to the mag people. We‘re on.  the is deliver by the end of the month. Deliver on the 24th sept. Talk later. ,ham,hey mate spoke mag peopl we‘r deliv end month deliv th sept talk later
Hope you are having a good week. Just checking in,ham,hope good week check
"Haha, my friend tyler literally just asked if you could get him a dubsack",ham,haha friend tyler liter ask could get dubsack
Hey! do u fancy meetin me at 4 at cha  hav a lil beverage on me. if not txt or ring me and we can meet up l8r. quite tired got in at 3 v.pist ;) love Pete x x x,ham,hey u fanci meetin cha  hav lil beverag txt ring meet lr quit tire got vpist love pete x x x
Great. Have a safe trip. Dont panic surrender all.,ham,great safe trip dont panic surrend
"SYMPTOMS when U are in love: ""1.U like listening songs 2.U get stopped where u see the name of your beloved 3.U won't get angry when your",ham,symptom u love u like listen song u get stop u see name belov u wont get angri
Sun ah... Thk mayb can if dun have anythin on... Thk have to book e lesson... E pilates is at orchard mrt u noe hor...  ,ham,sun ah thk mayb dun anythin thk book e lesson e pilat orchard mrt u noe hor
Try to do something dear. You read something for exams,ham,tri someth dear read someth exam
"7 wonders in My WORLD 7th You 6th Ur style 5th Ur smile 4th Ur Personality 3rd Ur Nature 2nd Ur SMS and 1st ""Ur Lovely Friendship""... good morning dear",ham,wonder world th th ur style th ur smile th ur person rd ur natur nd ur sm st ur love friendship good morn dear
Gettin rdy to ship comp,ham,gettin rdi ship comp
I am in hospital da. . I will return home in evening,ham,hospit da return home even
PISS IS TALKING IS SOMEONE THAT REALISE U THAT POINT THIS AT IS IT.(NOW READ IT BACKWARDS),ham,piss talk someon realis u point itnow read backward
Think + da. You wil do.,ham,think da wil
I'm awake oh. What's up.,ham,im awak oh what
Good afternoon my boytoy. How goes that walking here and there day ? Did you get that police abstract? Are you still out and about? I wake and miss you babe,ham,good afternoon boytoy goe walk day get polic abstract still wake miss babe
How much u trying to get?,ham,much u tri get
"Come around  &lt;DECIMAL&gt; pm vikky..i'm otside nw, il come by tht time",ham,come around ltdecimalgt pm vikkyim otsid nw il come tht time
Tell me again what your address is,ham,tell address
"Honeybee Said: *I'm d Sweetest in d World* God Laughed &amp; Said: *Wait,U Havnt Met d Person Reading This Msg* MORAL: Even GOD Can Crack Jokes! GM+GN+GE+GN:)",ham,honeybe said im sweetest world god laugh amp said waitu havnt met person read msg moral even god crack joke gmgngegn
Should i buy him a blackberry bold 2 or torch. Should i buy him new or used. Let me know. Plus are you saying i should buy the  &lt;#&gt; g wifi ipad. And what are you saying about the about the  &lt;#&gt; g?,ham,buy blackberri bold torch buy new use let know plu say buy ltgt g wifi ipad say ltgt g
But you were together so you should be thinkin about him,ham,togeth thinkin
hiya hows it going in sunny africa? hope u r avin a good time. give that big old silver back a big kiss from me.,ham,hiya how go sunni africa hope u r avin good time give big old silver back big kiss
At WHAT TIME should i come tomorrow,ham,time come tomorrow
Wanna have a laugh? Try CHIT-CHAT on your mobile now! Logon by txting the word: CHAT and send it to No: 8883 CM PO Box 4217 London W1A 6ZF 16+ 118p/msg rcvd,spam,wanna laugh tri chitchat mobil logon txting word chat send cm po box london wa zf pmsg rcvd
"CHA QUITEAMUZING THATSCOOL BABE,PROBPOP IN & CU SATTHEN HUNNY 4BREKKIE! LOVE JEN XXX. PSXTRA LRG PORTIONS 4 ME PLEASE ",ham,cha quiteamuz thatscool babeprobpop cu satthen hunni brekki love jen xxx psxtra lrg portion pleas
Omg how did u know what I ate?,ham,omg u know ate
URGENT! This is the 2nd attempt to contact U!U have WON £1000CALL 09071512432 b4 300603t&csBCM4235WC1N3XX.callcost150ppmmobilesvary. max£7. 50,spam,urgent nd attempt contact uu £call b tcsbcmwcnxxcallcostppmmobilesvari max£
:( but your not here....,ham,
Not directly behind... Abt 4 rows behind ü...,ham,directli behind abt row behind ü
Congratulations ur awarded 500 of CD vouchers or 125gift guaranteed & Free entry 2 100 wkly draw txt MUSIC to 87066,spam,congratul ur award cd voucher gift guarante free entri wkli draw txt music
"Had your contract mobile 11 Mnths? Latest Motorola, Nokia etc. all FREE! Double Mins & Text on Orange tariffs. TEXT YES for callback, no to remove from records",spam,contract mobil mnth latest motorola nokia etc free doubl min text orang tariff text ye callback remov record
"Urgent! call 09066350750 from your landline. Your complimentary 4* Ibiza Holiday or 10,000 cash await collection SAE T&Cs PO BOX 434 SK3 8WP 150 ppm 18+",spam,urgent call landlin complimentari ibiza holiday cash await collect sae tc po box sk wp ppm
No plans yet. What are you doing ?,ham,plan yet
Hi ....My engagement has been fixd on  &lt;#&gt; th of next month. I know its really shocking bt....hmm njan vilikkam....t ws al of a sudn;-(.,ham,hi engag fixd ltgt th next month know realli shock bthmm njan vilikkamt ws al sudn
Not course. Only maths one day one chapter with in one month we can finish.,ham,cours math one day one chapter one month finish
Wow didn't think it was that common. I take it all back ur not a freak! Unless u chop it off:-),ham,wow didnt think common take back ur freak unless u chop
"For ur chance to win a £250 wkly shopping spree TXT: SHOP to 80878. T's&C's www.txt-2-shop.com custcare 08715705022, 1x150p/wk",spam,ur chanc win £ wkli shop spree txt shop tsc wwwtxtshopcom custcar xpwk
Noooooooo please. Last thing I need is stress. For once in your life be fair.,ham,noooooooo pleas last thing need stress life fair
U have a Secret Admirer who is looking 2 make contact with U-find out who they R*reveal who thinks UR so special-call on 09065171142-stopsms-08718727870150ppm,spam,u secret admir look make contact ufind rreveal think ur specialcal stopsmsppm
"Mila, age23, blonde, new in UK. I look sex with UK guys. if u like fun with me. Text MTALK to 69866.18 . 30pp/txt 1st 5free. £1.50 increments. Help08718728876",spam,mila age blond new uk look sex uk guy u like fun text mtalk pptxt st free £ increment help
"I'll see if I can swing by in a bit, got some things to take care of here firsg",ham,ill see swing bit got thing take care firsg
I wanted to wish you a Happy New Year and I wanted to talk to you about some legal advice to do with when Gary and I split but in person. I'll make a trip to Ptbo for that. I hope everything is good with you babe and I love ya :),ham,want wish happi new year want talk legal advic gari split person ill make trip ptbo hope everyth good babe love ya
Have you not finished work yet or something?,ham,finish work yet someth
Tomorrow i am not going to theatre. . . So i can come wherever u call me. . . Tell me where and when to come tomorrow,ham,tomorrow go theatr come wherev u call tell come tomorrow
Well done ENGLAND! Get the official poly ringtone or colour flag on yer mobile! text TONE or FLAG to 84199 NOW! Opt-out txt ENG STOP. Box39822 W111WX £1.50,spam,well done england get offici poli rington colour flag yer mobil text tone flag optout txt eng stop box wwx £
Right it wasnt you who phoned it was someone with a number like yours!,ham,right wasnt phone someon number like
It's ok i wun b angry. Msg u aft i come home tonight.,ham,ok wun b angri msg u aft come home tonight
I had a good time too. Its nice to do something a bit different with my weekends for a change. See ya soon,ham,good time nice someth bit differ weekend chang see ya soon
Yo sorry was in the shower sup,ham,yo sorri shower sup
"Carlos is down but I have to pick it up from him, so I'll swing by usf in a little bit",ham,carlo pick ill swing usf littl bit
Full heat pa:-) i have applyed oil pa.,ham,full heat pa appli oil pa
I'm stuck in da middle of da row on da right hand side of da lt... ,ham,im stuck da middl da row da right hand side da lt
Have you laid your airtel line to rest?,ham,laid airtel line rest
Hi did u decide wot 2 get 4 his bday if not ill prob jus get him a voucher frm virgin or sumfing ,ham,hi u decid wot get bday ill prob ju get voucher frm virgin sumf
FreeMsg: Txt: CALL to No: 86888 & claim your reward of 3 hours talk time to use from your phone now! Subscribe6GBP/mnth inc 3hrs 16 stop?txtStop,spam,freemsg txt call claim reward hour talk time use phone subscribegbpmnth inc hr stoptxtstop
"Hey j! r u feeling any better, hopeSo hunny. i amnow feelin ill & ithink i may have tonsolitusaswell! damn iam layin in bedreal bored. lotsof luv me xxxx",ham,hey j r u feel better hopeso hunni amnow feelin ill ithink may tonsolitusaswel damn iam layin bedreal bore lotsof luv xxxx
And I don't plan on staying the night but I prolly won't be back til late,ham,dont plan stay night prolli wont back til late
THANX 4 PUTTIN DA FONE DOWN ON ME!!,ham,thanx puttin da fone
"I need an 8th but I'm off campus atm, could I pick up in an hour or two?",ham,need th im campu atm could pick hour two
"Oh... Haha... Den we shld had went today too... Gee, nvm la... Kaiez, i dun mind goin jazz oso... Scared hiphop open cant catch up... ",ham,oh haha den shld went today gee nvm la kaiez dun mind goin jazz oso scare hiphop open cant catch
Been running but only managed 5 minutes and then needed oxygen! Might have to resort to the roller option!,ham,run manag minut need oxygen might resort roller option
We live in the next  &lt;#&gt; mins,ham,live next ltgt min
Y de asking like this.,ham,de ask like
Just glad to be talking to you.,ham,glad talk
Wat time ü finish?,ham,wat time ü finish
Sorry da. I gone mad so many pending works what to do.,ham,sorri da gone mad mani pend work
How much you got for cleaning,ham,much got clean
hows my favourite person today? r u workin hard? couldn't sleep again last nite nearly rang u at 4.30,ham,how favourit person today r u workin hard couldnt sleep last nite nearli rang u
Sunshine Quiz! Win a super Sony DVD recorder if you canname the capital of Australia? Text MQUIZ to 82277. B,spam,sunshin quiz win super soni dvd record cannam capit australia text mquiz b
Ü called dad oredi...,ham,ü call dad oredi
Good. do you think you could send me some pix? I would love to see your top and bottom...,ham,good think could send pix would love see top bottom
Nvm... I'm going to wear my sport shoes anyway... I'm going to be late leh.,ham,nvm im go wear sport shoe anyway im go late leh
"Sorry, I'll call later In meeting.",ham,sorri ill call later meet
THIS IS A LONG FUCKIN SHOWR,ham,long fuckin showr
"Received, understood n acted upon!",ham,receiv understood n act upon
They finally came to fix the ceiling.,ham,final came fix ceil
"U need my presnts always bcz U cant mis love. ""jeevithathile irulinae neekunna prakasamanu sneham"" prakasam ennal prabha 'That mns prabha is'LOVE' Got it. Dont mis me....",ham,u need presnt alway bcz u cant mi love jeevithathil irulina neekunna prakasamanu sneham prakasam ennal prabha mn prabha islov got dont mi
Jus finish blowing my hair. U finish dinner already?,ham,ju finish blow hair u finish dinner alreadi
I'm on the bus. Love you,ham,im bu love
Lol ... I knew that .... I saw him in the dollar store,ham,lol knew saw dollar store
Please call our customer service representative on 0800 169 6031 between 10am-9pm as you have WON a guaranteed £1000 cash or £5000 prize!,spam,pleas call custom servic repres ampm guarante £ cash £ prize
Todays Voda numbers ending with 7634 are selected to receive a £350 reward. If you have a match please call 08712300220 quoting claim code 7684 standard rates apply.,spam,today voda number end select receiv £ reward match pleas call quot claim code standard rate appli
Only saturday and sunday holiday so its very difficult:),ham,saturday sunday holiday difficult
Everybody had fun this evening. Miss you.,ham,everybodi fun even miss
"Got hella gas money, want to go on a grand nature adventure with galileo in a little bit?",ham,got hella ga money want go grand natur adventur galileo littl bit
"I'm in a meeting, call me later at",ham,im meet call later
Oh wow thats gay. Will firmware update help,ham,oh wow that gay firmwar updat help
These won't do. Have to move on to morphine,ham,wont move morphin
How come i din c ü... Yup i cut my hair...,ham,come din c ü yup cut hair
K k pa Had your lunch aha.,ham,k k pa lunch aha
Oh ho. Is this the first time u use these type of words,ham,oh ho first time u use type word
Captain vijaykanth is doing comedy in captain tv..he is drunken :),ham,captain vijaykanth comedi captain tvhe drunken
Of course. I guess god's just got me on hold right now.,ham,cours guess god got hold right
Do you hide anythiing or keeping distance from me,ham,hide anythi keep distanc
Havent.,ham,havent
You are being ripped off! Get your mobile content from www.clubmoby.com call 08717509990 poly/true/Pix/Ringtones/Games six downloads for only 3,spam,rip get mobil content wwwclubmobycom call polytruepixringtonesgam six download
Sorry i din lock my keypad.,ham,sorri din lock keypad
Did u got that persons story,ham,u got person stori
Are you planning to come chennai?,ham,plan come chennai
We tried to contact you re your reply to our offer of a Video Phone 750 anytime any network mins Half Price Line Rental Camcorder Reply or call 08000930705,spam,tri contact repli offer video phone anytim network min half price line rental camcord repli call
God created gap btwn ur fingers so dat sum1 vry special will fill those gaps by holding ur hands.. Now plz dont ask y he created so much gap between legs !!!,ham,god creat gap btwn ur finger dat sum vri special fill gap hold ur hand plz dont ask creat much gap leg
We are okay. Going to sleep now. Later,ham,okay go sleep later
"Please protect yourself from e-threats. SIB never asks for sensitive information like Passwords,ATM/SMS PIN thru email. Never share your password with anybody.",ham,pleas protect ethreat sib never ask sensit inform like passwordsatmsm pin thru email never share password anybodi
"Finally it has happened..! Aftr decades..! BEER is now cheaper than PETROL! The goverment expects us to ""DRINK"". . . But don't ""DRIVE """,ham,final happen aftr decad beer cheaper petrol gover expect us drink dont drive
A £400 XMAS REWARD IS WAITING FOR YOU! Our computer has randomly picked you from our loyal mobile customers to receive a £400 reward. Just call 09066380611 ,spam,£ xma reward wait comput randomli pick loyal mobil custom receiv £ reward call
Where r e meeting tmr?,ham,r e meet tmr
Lol yes. But it will add some spice to your day.,ham,lol ye add spice day
Hope you are having a great day.,ham,hope great day
Our Prasanth ettans mother passed away last night. Just pray for her and family.,ham,prasanth ettan mother pass away last night pray famili
"K, I'll work something out",ham,k ill work someth
PRIVATE! Your 2003 Account Statement for shows 800 un-redeemed S. I. M. points. Call 08718738002 Identifier Code: 48922 Expires 21/11/04,spam,privat account statement show unredeem point call identifi code expir
This message is from a great Doctor in India:-): 1) Do not drink APPY FIZZ. It contains Cancer causing age,ham,messag great doctor india drink appi fizz contain cancer caus age
I cant pick the phone right now. Pls send a message,ham,cant pick phone right pl send messag
You call him and tell now infront of them. Call him now.,ham,call tell infront call
Ok no prob...,ham,ok prob
Ladies first and genus second k .,ham,ladi first genu second k
No. Yes please. Been swimming?,ham,ye pleas swim
Mum not going robinson already.,ham,mum go robinson alreadi
Ok set let u noe e details later...,ham,ok set let u noe e detail later
Not..tel software name..,ham,nottel softwar name
I send the print  outs da.,ham,send print out da
IM REALY SOZ IMAT MY MUMS 2NITE WHAT ABOUT 2MORO ,ham,im reali soz imat mum nite moro
"When I was born, GOD said, ""Oh No! Another IDIOT"". When you were born, GOD said, ""OH No! COMPETITION"". Who knew, one day these two will become FREINDS FOREVER!",ham,born god said oh anoth idiot born god said oh competit knew one day two becom freind forev
"I didnt get ur full msg..sometext is missing, send it again",ham,didnt get ur full msgsometext miss send
"Probably not, I'm almost out of gas and I get some cash tomorrow",ham,probabl im almost ga get cash tomorrow
"Customer service announcement. We recently tried to make a delivery to you but were unable to do so, please call 07099833605 to re-schedule. Ref:9280114",spam,custom servic announc recent tri make deliveri unabl pleas call reschedul ref
I forgot 2 ask ü all smth.. There's a card on da present lei... How? Ü all want 2 write smth or sign on it?,ham,forgot ask ü smth there card da present lei ü want write smth sign
I'm leaving my house now.,ham,im leav hous
"Hi babe its Chloe, how r u? I was smashed on saturday night, it was great! How was your weekend? U been missing me? SP visionsms.com Text stop to stop 150p/text",spam,hi babe chloe r u smash saturday night great weekend u miss sp visionsmscom text stop stop ptext
Ü ready then call me...,ham,ü readi call
Wewa is 130. Iriver 255. All 128 mb.,ham,wewa iriv mb
It is a good thing I'm now getting the connection to bw,ham,good thing im get connect bw
Sry da..jst nw only i came to home..,ham,sri dajst nw came home
"That's cool he'll be here all night, lemme know when you're around",ham,that cool hell night lemm know your around
Are you staying in town ?,ham,stay town
"Haha yeah, 2 oz is kind of a shitload",ham,haha yeah oz kind shitload
Ok u can take me shopping when u get paid =D,ham,ok u take shop u get paid
"My life Means a lot to me, Not because I love my life, But because I love the people in my life, The world calls them friends, I call them my World:-).. Ge:-)..",ham,life mean lot love life love peopl life world call friend call world ge
"Alright we'll bring it to you, see you in like  &lt;#&gt;  mins",ham,alright well bring see like ltgt min
But pls dont play in others life.,ham,pl dont play other life
Eatin my lunch...,ham,eatin lunch
Hmmm.but you should give it on one day..,ham,hmmmbut give one day
"Didn't try, g and I decided not to head out",ham,didnt tri g decid head
Ok no prob,ham,ok prob
Surly ill give it to you:-) while coming to review.,ham,surli ill give come review
"By march ending, i should be ready. But will call you for sure. The problem is that my capital never complete. How far with you. How's work and the ladies",ham,march end readi call sure problem capit never complet far how work ladi
Tessy..pls do me a favor. Pls convey my birthday wishes to Nimya..pls dnt forget it. Today is her birthday Shijas,ham,tessypl favor pl convey birthday wish nimyapl dnt forget today birthday shija
Pls give her the food preferably pap very slowly with loads of sugar. You can take up to an hour to give it. And then some water. Very very slowly.,ham,pl give food prefer pap slowli load sugar take hour give water slowli
"URGENT! Your Mobile No 07808726822 was awarded a £2,000 Bonus Caller Prize on 02/09/03! This is our 2nd attempt to contact YOU! Call 0871-872-9758 BOX95QU",spam,urgent mobil award £ bonu caller prize nd attempt contact call boxqu
A guy who gets used but is too dumb to realize it.,ham,guy get use dumb realiz
"Okey dokey, i‘ll be over in a bit just sorting some stuff out.",ham,okey dokey i‘ll bit sort stuff
Don no da:)whats you plan?,ham,dawhat plan
Yes fine ,ham,ye fine
"WIN: We have a winner! Mr. T. Foley won an iPod! More exciting prizes soon, so keep an eye on ur mobile or visit www.win-82050.co.uk",spam,win winner mr foley ipod excit prize soon keep eye ur mobil visit wwwwincouk
I liked the new mobile,ham,like new mobil
Anytime...,ham,anytim
Mmmmmmm *snuggles into you* ...*deep contented sigh* ... *whispers* ... I fucking love you so much I can barely stand it ...,ham,mmmmmmm snuggl deep content sigh whisper fuck love much bare stand
Yar but they say got some error.,ham,yar say got error
Hey anyway i have to :-),ham,hey anyway
Wow so healthy. Old airport rd lor. Cant thk of anything else. But i'll b bathing my dog later.,ham,wow healthi old airport rd lor cant thk anyth els ill b bath dog later
Wif my family booking tour package.,ham,wif famili book tour packag
"Did you say bold, then torch later. Or one torch and 2bold?",ham,say bold torch later one torch bold
"Haha awesome, I might need to take you up on that, what you doin tonight?",ham,haha awesom might need take doin tonight
Ya i knw u vl giv..its ok thanks kano..anyway enjoy wit ur family wit 1st salary..:-);-),ham,ya knw u vl givit ok thank kanoanyway enjoy wit ur famili wit st salari
Huh so slow i tot u reach long ago liao... U 2 more days only i 4 more leh...,ham,huh slow tot u reach long ago liao u day leh
Thats cool princess! I will cover your face in hot sticky cum :),ham,that cool princess cover face hot sticki cum
Big brother‘s really scraped the barrel with this shower of social misfits,ham,big brother‘ realli scrape barrel shower social misfit
Oops i thk i dun haf enuff... I go check then tell ü..,ham,oop thk dun haf enuff go check tell ü
S:)8 min to go for lunch:),ham,min go lunch
"Hey. What happened? U switch off ur cell d whole day. This isnt good. Now if u do care, give me a call tomorrow.",ham,hey happen u switch ur cell whole day isnt good u care give call tomorrow
"K will do, addie &amp; I are doing some art so I'll be here when you get home",ham,k addi amp art ill get home
My uncles in Atlanta. Wish you guys a great semester.,ham,uncl atlanta wish guy great semest
"Aiyo... Her lesson so early... I'm still sleepin, haha... Okie, u go home liao den confirm w me lor...",ham,aiyo lesson earli im still sleepin haha oki u go home liao den confirm w lor
Forgot to tell ü smth.. Can ü like number the sections so that it's clearer..,ham,forgot tell ü smth ü like number section clearer
"Yup. Anything lor, if u dun wan it's ok...",ham,yup anyth lor u dun wan ok
"I'm home, my love ... If your still awake ... *loving kiss*",ham,im home love still awak love kiss
HELLO PEACH! MY CAKE TASTS LUSH!,ham,hello peach cake tast lush
"FREE GAME. Get Rayman Golf 4 FREE from the O2 Games Arcade. 1st get UR games settings. Reply POST, then save & activ8. Press 0 key for Arcade. Termsapply",spam,free game get rayman golf free game arcad st get ur game set repli post save activ press key arcad termsappli
"There'll be a minor shindig at my place later tonight, you interested?",ham,therel minor shindig place later tonight interest
Jason says it's cool if we pick some up from his place in like an hour,ham,jason say cool pick place like hour
"Had your mobile 10 mths? Update to the latest Camera/Video phones for FREE. KEEP UR SAME NUMBER, Get extra free mins/texts. Text YES for a call",spam,mobil mth updat latest cameravideo phone free keep ur number get extra free minstext text ye call
I (Career Tel) have added u as a contact on INDYAROCKS.COM to send FREE SMS. To remove from phonebook - sms NO to  &lt;#&gt;,ham,career tel ad u contact indyarockscom send free sm remov phonebook sm ltgt
I've reached already.,ham,ive reach alreadi
I dont know ask to my brother. Nothing problem some thing that. Just i told .,ham,dont know ask brother noth problem thing told
K:)eng rocking in ashes:),ham,keng rock ash
Wat time r ü going to xin's hostel?,ham,wat time r ü go xin hostel
Good Morning my Dear Shijutta........... Have a great &amp; successful day.,ham,good morn dear shijutta great amp success day
Buy Space Invaders 4 a chance 2 win orig Arcade Game console. Press 0 for Games Arcade (std WAP charge) See o2.co.uk/games 4 Terms + settings. No purchase,spam,buy space invad chanc win orig arcad game consol press game arcad std wap charg see ocoukgam term set purchas
Oh k:)after that placement there ah?,ham,oh kafter placement ah
"Not for possession, especially not first offense",ham,possess especi first offens
"Nt only for driving even for many reasons she is called BBD..thts it chikku, then hw abt dvg cold..heard tht vinobanagar violence hw is the condition..and hw ru ? Any problem?",ham,nt drive even mani reason call bbdtht chikku hw abt dvg coldheard tht vinobanagar violenc hw conditionand hw ru problem
I bought the test yesterday. Its something that lets you know the exact day u ovulate.when will get 2u in about 2 to 3wks. But pls pls dont fret. I know u r worried. Pls relax. Also is there anything in ur past history u need to tell me?,ham,bought test yesterday someth let know exact day u ovulatewhen get u wk pl pl dont fret know u r worri pl relax also anyth ur past histori u need tell
We have pizza if u want,ham,pizza u want
"I keep seeing weird shit and bein all ""woah"" then realising it's actually reasonable and I'm all ""oh""",ham,keep see weird shit bein woah realis actual reason im oh
Many more happy returns of the day. I wish you happy birthday.,ham,mani happi return day wish happi birthday
Ya very nice. . .be ready on thursday,ham,ya nice readi thursday
I am in hospital da. . I will return home in evening,ham,hospit da return home even
Thinking of u ;) x,ham,think u x
Camera - You are awarded a SiPix Digital Camera! call 09061221066 fromm landline. Delivery within 28 days.,spam,camera award sipix digit camera call fromm landlin deliveri within day
Orh i tot u say she now still dun believe.,ham,orh tot u say still dun believ
"When you just put in the + sign, choose my number and the pin will show. Right?",ham,put sign choos number pin show right
The beauty of life is in next second.. which hides thousands of secrets. I wish every second will be wonderful in ur life...!! gud n8,ham,beauti life next second hide thousand secret wish everi second wonder ur life gud n
Thanx u darlin!im cool thanx. A few bday drinks 2 nite. 2morrow off! Take care c u soon.xxx,ham,thanx u darlinim cool thanx bday drink nite morrow take care c u soonxxx
"If you're still up, maybe leave the credit card so I can get gas when I get back like he told me to",ham,your still mayb leav credit card get ga get back like told
Your weekly Cool-Mob tones are ready to download !This weeks new Tones include: 1) Crazy Frog-AXEL F>>> 2) Akon-Lonely>>> 3) Black Eyed-Dont P >>>More info in n,spam,weekli coolmob tone readi download week new tone includ crazi frogaxel f akonlon black eyeddont p info n
Well boy am I glad G wasted all night at applebees for nothing,ham,well boy glad g wast night applebe noth
Cashbin.co.uk (Get lots of cash this weekend!) www.cashbin.co.uk Dear Welcome to the weekend We have got our biggest and best EVER cash give away!! These..,spam,cashbincouk get lot cash weekend wwwcashbincouk dear welcom weekend got biggest best ever cash give away
Ok lor... Or u wan me go look 4 u?,ham,ok lor u wan go look u
U wan 2 haf lunch i'm in da canteen now.,ham,u wan haf lunch im da canteen
Don't make life too stressfull.. Always find time to Laugh.. It may not add years to your Life! But surely adds more life to ur years!! Gud ni8..swt dreams..,ham,dont make life stressful alway find time laugh may add year life sure add life ur year gud niswt dream
"hey, looks like I was wrong and one of the kappa guys numbers is still on my phone, if you want I can text him and see if he's around",ham,hey look like wrong one kappa guy number still phone want text see he around
URGENT! Your Mobile number has been awarded with a £2000 prize GUARANTEED. Call 09061790121 from land line. Claim 3030. Valid 12hrs only 150ppm,spam,urgent mobil number award £ prize guarante call land line claim valid hr ppm
Thanks 4 your continued support Your question this week will enter u in2 our draw 4 £100 cash. Name the NEW US President? txt ans to 80082,spam,thank continu support question week enter u draw £ cash name new us presid txt an
I'm home. Doc gave me pain meds says everything is fine.,ham,im home doc gave pain med say everyth fine
It's é only $140 ard...É rest all ard $180 at least...Which is é price 4 é 2 bedrm ($900),ham,é ardé rest ard leastwhich é price é bedrm
Me too! Have a lovely night xxx,ham,love night xxx
Prepare to be pleasured :),ham,prepar pleasur
Hi.:)technical support.providing assistance to us customer through call and email:),ham,hitechn supportprovid assist us custom call email
if you text on your way to cup stop that should work. And that should be BUS,ham,text way cup stop work bu
Whens your radio show?,ham,when radio show
Your unique user ID is 1172. For removal send STOP to 87239 customer services 08708034412,spam,uniqu user id remov send stop custom servic
I'm not sure if its still available though,ham,im sure still avail though
watever reLation u built up in dis world only thing which remains atlast iz lonlines with lotz n lot memories! feeling..,ham,watev relat u built di world thing remain atlast iz lonlin lotz n lot memori feel
CHEERS LOU! YEAH WAS A GOODNITE SHAME U NEVA CAME! C YA GAILxx,ham,cheer lou yeah goodnit shame u neva came c ya gailxx
Hi..i got the money da:),ham,hii got money da
"Hi, Mobile no.  &lt;#&gt;  has added you in their contact list on www.fullonsms.com It s a great place to send free sms to people For more visit fullonsms.com",ham,hi mobil ltgt ad contact list wwwfullonsmscom great place send free sm peopl visit fullonsmscom
Ok then u tell me wat time u coming later lor.,ham,ok u tell wat time u come later lor
U repeat e instructions again. Wat's e road name of ur house?,ham,u repeat e instruct wat e road name ur hous
"So many people seems to be special at first sight, But only very few will remain special to you till your last sight.. Maintain them till life ends.. Sh!jas",ham,mani peopl seem special first sight remain special till last sight maintain till life end shja
Quite lor. But dun tell him wait he get complacent...,ham,quit lor dun tell wait get complac
Sorry completely forgot * will pop em round this week if your still here?,ham,sorri complet forgot pop em round week still
U R THE MOST BEAUTIFUL GIRL IVE EVER SEEN. U R MY BABY COME AND C ME IN THE COMMON ROOM,ham,u r beauti girl ive ever seen u r babi come c common room
O we cant see if we can join denis and mina? Or does denis want alone time,ham,cant see join deni mina deni want alon time
Sen told that he is going to join his uncle finance in cbe,ham,sen told go join uncl financ cbe
Yup... Hey then one day on fri we can ask miwa and jiayin take leave go karaoke ,ham,yup hey one day fri ask miwa jiayin take leav go karaok
"Call me, i am senthil from hsbc.",ham,call senthil hsbc
"Especially since i talk about boston all up in my personal statement, lol! I woulda changed that if i had realized it said nyc! It says boston now.",ham,especi sinc talk boston person statement lol woulda chang realiz said nyc say boston
Indeed and by the way it was either or - not both !,ham,inde way either
"Urgent -call 09066649731from Landline. Your complimentary 4* Ibiza Holiday or £10,000 cash await collection SAE T&Cs PO BOX 434 SK3 8WP 150ppm 18+",spam,urgent call landlin complimentari ibiza holiday £ cash await collect sae tc po box sk wp ppm
Holy living christ what is taking you so long,ham,holi live christ take long
Ü thk of wat to eat tonight.,ham,ü thk wat eat tonight
"Thanx. Yup we coming back on sun. Finish dinner going back 2 hotel now. Time flies, we're tog 4 exactly a mth today. Hope we'll haf many more mths to come...",ham,thanx yup come back sun finish dinner go back hotel time fli tog exactli mth today hope well haf mani mth come
We're on the opposite side from where we dropped you off,ham,opposit side drop
Yup. Izzit still raining heavily cos i'm in e mrt i can't c outside.,ham,yup izzit still rain heavili co im e mrt cant c outsid
Send me your resume:-),ham,send resum
Gd luck 4 ur exams :-),ham,gd luck ur exam
Or u ask they all if next sat can a not. If all of them can make it then i'm ok lor.,ham,u ask next sat make im ok lor
Sorry that was my uncle. I.ll keep in touch,ham,sorri uncl ill keep touch
Saw Guys and Dolls last night with Patrick Swayze it was great,ham,saw guy doll last night patrick swayz great
URGENT This is our 2nd attempt to contact U. Your £900 prize from YESTERDAY is still awaiting collection. To claim CALL NOW 09061702893,spam,urgent nd attempt contact u £ prize yesterday still await collect claim call
Santa calling! Would your little ones like a call from Santa Xmas Eve? Call 09077818151 to book you time. Calls1.50ppm last 3mins 30s T&C www.santacalling.com,spam,santa call would littl one like call santa xma eve call book time callsppm last min tc wwwsantacallingcom
Just come home. I don't want u to be miserable,ham,come home dont want u miser
I dont know why she.s not getting your messages,ham,dont know she get messag
"its cool but tyler had to take off so we're gonna buy for him and drop it off at his place later tonight. Our total order is a quarter, you got enough?",ham,cool tyler take gonna buy drop place later tonight total order quarter got enough
"The guy at the car shop who was flirting with me got my phone number from the paperwork and called and texted me. I'm nervous because of course now he may have my address. Should i call his boss and tell him, knowing this may get him fired?",ham,guy car shop flirt got phone number paperwork call text im nervou cours may address call boss tell know may get fire
Reverse is cheating. That is not mathematics.,ham,revers cheat mathemat
How do you plan to manage that,ham,plan manag
"Er, hello, things didn‘t quite go to plan – is limping slowly home followed by aa and with exhaust hanging off",ham,er hello thing didn‘t quit go plan – limp slowli home follow aa exhaust hang
Sorry for the delay. Yes masters,ham,sorri delay ye master
Call me when u finish then i come n pick u.,ham,call u finish come n pick u
PRIVATE! Your 2004 Account Statement for 078498****7 shows 786 unredeemed Bonus Points. To claim call 08719180219 Identifier Code: 45239 Expires 06.05.05,spam,privat account statement show unredeem bonu point claim call identifi code expir
What's up my own oga. Left my phone at home and just saw ur messages. Hope you are good. Have a great weekend.,ham,what oga left phone home saw ur messag hope good great weekend
"Don't worry though, I understand how important it is that I be put in my place with a poorly thought out punishment in the face of the worst thing that has ever happened to me. Brb gonna go kill myself",ham,dont worri though understand import put place poorli thought punish face worst thing ever happen brb gonna go kill
"Honey, can you pls find out how much they sell Predicte in Nigeria. And how many times can it be used. Its very important to have a reply before monday",ham,honey pl find much sell predict nigeria mani time use import repli monday
E admin building there? I might b slightly earlier... I'll call u when i'm reaching...,ham,e admin build might b slightli earlier ill call u im reach
"fyi I'm at usf now, swing by the room whenever",ham,fyi im usf swing room whenev
i can call in  &lt;#&gt;  min if thats ok,ham,call ltgt min that ok
Ummmmmaah Many many happy returns of d day my dear sweet heart.. HAPPY BIRTHDAY dear,ham,ummmmmaah mani mani happi return day dear sweet heart happi birthday dear
Ü no home work to do meh... ,ham,ü home work meh
Anything is valuable in only 2 situations: First- Before getting it... Second- After loosing it...,ham,anyth valuabl situat first get second loos
Me too. Mark is taking forever to pick up my prescription and the pain is coming back.,ham,mark take forev pick prescript pain come back
How's ur paper?,ham,how ur paper
Got smaller capacity one? Quite ex...,ham,got smaller capac one quit ex
Check Out Choose Your Babe Videos @ sms.shsex.netUN fgkslpoPW fgkslpo,spam,check choos babe video smsshsexnetun fgkslpopw fgkslpo
Im good! I have been thinking about you...,ham,im good think
u r a winner U ave been specially selected 2 receive £1000 cash or a 4* holiday (flights inc) speak to a live operator 2 claim 0871277810710p/min (18 ),spam,u r winner u ave special select receiv £ cash holiday flight inc speak live oper claim pmin
:-) :-),ham,
Not thought bout it... || Drink in tap & spile at seven. || Is that pub on gas st off broad st by canal. || Ok?,ham,thought bout drink tap spile seven pub ga st broad st canal ok
I am going to sleep. I am tired of travel.,ham,go sleep tire travel
"Haha, just what I was thinkin",ham,haha thinkin
Yup but it's not giving me problems now so mayb i'll jus leave it...,ham,yup give problem mayb ill ju leav
Lol no. Just trying to make your day a little more interesting,ham,lol tri make day littl interest
"How long before you get reply, just defer admission til next semester",ham,long get repli defer admiss til next semest
"The word ""Checkmate"" in chess comes from the Persian phrase ""Shah Maat"" which means; ""the king is dead.."" Goodmorning.. Have a good day..:)",ham,word checkmat chess come persian phrase shah maat mean king dead goodmorn good day
Po de :-):):-):-):-). No need job aha.,ham,po de need job aha
Rats. Hey did u ever vote for the next themes?,ham,rat hey u ever vote next theme
"New Mobiles from 2004, MUST GO! Txt: NOKIA to No: 89545 & collect yours today! From ONLY £1. www.4-tc.biz 2optout 087187262701.50gbp/mtmsg18 TXTAUCTION.",spam,new mobil must go txt nokia collect today £ wwwtcbiz optout gbpmtmsg txtauction
I hope your pee burns tonite.,ham,hope pee burn tonit
"OH RITE. WELL IM WITH MY BEST MATE PETE, WHO I WENT OUT WITH 4 A WEEK+ NOW WERE 2GEVA AGAIN. ITS BEEN LONGER THAN A WEEK.",ham,oh rite well im best mate pete went week geva longer week
Yay can't wait to party together!,ham,yay cant wait parti togeth
....photoshop makes my computer shut down.,ham,photoshop make comput shut
All boys made fun of me today. Ok i have no problem. I just sent one message just for fun,ham,boy made fun today ok problem sent one messag fun
That's one of the issues but california is okay. No snow so its manageable,ham,that one issu california okay snow manag
PRIVATE! Your 2003 Account Statement for shows 800 un-redeemed S. I. M. points. Call 08715203652 Identifier Code: 42810 Expires 29/10/0,spam,privat account statement show unredeem point call identifi code expir
"Hmmm.... Mayb can try e shoppin area one, but forgot e name of hotel...",ham,hmmm mayb tri e shoppin area one forgot e name hotel
"Awesome, that gonna be soon or later tonight?",ham,awesom gonna soon later tonight
I need details about that online job.,ham,need detail onlin job
YOU HAVE WON! As a valued Vodafone customer our computer has picked YOU to win a £150 prize. To collect is easy. Just call 09061743386 ,spam,valu vodafon custom comput pick win £ prize collect easi call
Missing you too.pray inshah allah,ham,miss toopray inshah allah
Pls help me tell Ashley that i cant find her number oh,ham,pl help tell ashley cant find number oh
I am in escape theatre now. . Going to watch KAVALAN in a few minutes,ham,escap theatr go watch kavalan minut
S.this will increase the chance of winning.,ham,sthi increas chanc win
either way works for me. I am  &lt;#&gt;  years old. Hope that doesnt bother you.,ham,either way work ltgt year old hope doesnt bother
Maybe you should find something else to do instead???,ham,mayb find someth els instead
Gain the rights of a wife.dont demand it.i am trying as husband too.Lets see,ham,gain right wifedont demand iti tri husband toolet see
I liked your new house,ham,like new hous
I'm fine. Hope you are also,ham,im fine hope also
"Also north carolina and texas atm, you would just go to the gre site and pay for the test results to be sent.",ham,also north carolina texa atm would go gre site pay test result sent
Same to u...,ham,u
yes baby! I need to stretch open your pussy!,ham,ye babi need stretch open pussi
Thanks  and ! Or bomb and date as my phone wanted to say! ,ham,thank bomb date phone want say
Ok...,ham,ok
"Hey, a guy I know is breathing down my neck to get him some bud, anyway you'd be able to get a half track to usf tonight?",ham,hey guy know breath neck get bud anyway youd abl get half track usf tonight
"Response is one of d powerful weapon 2 occupy a place in others 'HEART'... So, always give response 2 who cares 4 U""... Gud night..swt dreams..take care",ham,respons one power weapon occupi place other heart alway give respons care u gud nightswt dreamstak care
Nokia phone is lovly..,ham,nokia phone lovli
**FREE MESSAGE**Thanks for using the Auction Subscription Service. 18 . 150p/MSGRCVD 2 Skip an Auction txt OUT. 2 Unsubscribe txt STOP CustomerCare 08718726270,spam,free messagethank use auction subscript servic pmsgrcvd skip auction txt unsubscrib txt stop customercar
Bored housewives! Chat n date now! 0871750.77.11! BT-national rate 10p/min only from landlines!,spam,bore housew chat n date btnation rate pmin landlin
Sorry da..today i wont come to play..i have driving clas..,ham,sorri datoday wont come playi drive cla
I'm really sorry I lit your hair on fire,ham,im realli sorri lit hair fire
"Oh! Shit, I thought that was your trip! Loooooool ... That just makes SO much more sense now ... *grins* and the sofa reference was ... The ""sleep on a couch"" link you sent me ... Wasn't that how you went on your trip ? Oh ... And didn't your babe go with you for that celebration with your rents?",ham,oh shit thought trip loooooool make much sens grin sofa refer sleep couch link sent wasnt went trip oh didnt babe go celebr rent
Okey dokey swashbuckling stuff what oh.,ham,okey dokey swashbuckl stuff oh
"Watching cartoon, listening music &amp; at eve had to go temple &amp; church.. What about u?",ham,watch cartoon listen music amp eve go templ amp church u
1. Tension face 2. Smiling face 3. Waste face 4. Innocent face 5.Terror face 6.Cruel face 7.Romantic face 8.Lovable face 9.decent face  &lt;#&gt; .joker face.,ham,tension face smile face wast face innoc face terror face cruel face romant face lovabl face decent face ltgt joker face
Dip's cell dead. So i m coming with him. U better respond else we shall come back.,ham,dip cell dead come u better respond els shall come back
Well. You know what i mean. Texting,ham,well know mean text
Hi dis is yijue i would be happy to work wif ü all for gek1510...,ham,hi di yiju would happi work wif ü gek
Lol! Oops sorry! Have fun. ,ham,lol oop sorri fun
Wat happened to the cruise thing,ham,wat happen cruis thing
"I know dat feelin had it with Pete! Wuld get with em , nuther place nuther time mayb?",ham,know dat feelin pete wuld get em nuther place nuther time mayb
lyricalladie(21/F) is inviting you to be her friend. Reply YES-910 or NO-910. See her: www.SMS.ac/u/hmmross STOP? Send STOP FRND to 62468,spam,lyricalladief invit friend repli ye see wwwsmsacuhmmross stop send stop frnd
The world's most happiest frnds never have the same characters... Dey just have the best understanding of their differences...,ham,world happiest frnd never charact dey best understand differ
No 1 POLYPHONIC tone 4 ur mob every week! Just txt PT2 to 87575. 1st Tone FREE ! so get txtin now and tell ur friends. 150p/tone. 16 reply HL 4info,spam,polyphon tone ur mob everi week txt pt st tone free get txtin tell ur friend ptone repli hl info
Yeah just open chat and click friend lists. Then make the list. Easy as pie,ham,yeah open chat click friend list make list easi pie
alright tyler's got a minor crisis and has to be home sooner than he thought so be here asap,ham,alright tyler got minor crisi home sooner thought asap
When/where do I pick you up,ham,whenwher pick
As usual u can call me ard 10 smth.,ham,usual u call ard smth
"New Theory: Argument wins d SITUATION, but loses the PERSON. So dont argue with ur friends just.. . . . kick them &amp; say, I'm always correct.!",ham,new theori argument win situat lose person dont argu ur friend kick amp say im alway correct
For many things its an antibiotic and it can be used for chest abdomen and gynae infections even bone infections.,ham,mani thing antibiot use chest abdomen gyna infect even bone infect
Poor girl can't go one day lmao,ham,poor girl cant go one day lmao
Or just do that 6times,ham,time
Todays Vodafone numbers ending with 4882 are selected to a receive a £350 award. If your number matches call 09064019014 to receive your £350 award.,spam,today vodafon number end select receiv £ award number match call receiv £ award
You have to pls make a note of all she.s exposed to. Also find out from her school if anyone else was vomiting. Is there a dog or cat in the house? Let me know later.,ham,pl make note she expos also find school anyon els vomit dog cat hous let know later
"Japanese Proverb: If one Can do it, U too Can do it, If none Can do it,U must do it Indian version: If one Can do it, LET HIM DO it.. If none Can do it,LEAVE it!! And finally Kerala version: If one can do it, Stop him doing it.. If none can do it, Make a strike against it ...",ham,japanes proverb one u none itu must indian version one let none itleav final kerala version one stop none make strike
Sounds like there could be a lot of time spent in that chastity device boy ... *grins* ... Or take your beatings like a good dog. Going to lounge in a nice long bath now ?,ham,sound like could lot time spent chastiti devic boy grin take beat like good dog go loung nice long bath
Its worse if if uses half way then stops. Its better for him to complete it.,ham,wors use half way stop better complet
Miserable. They don't tell u that the side effects of birth control are massive gut wrenching cramps for the first 2 months. I didn't sleep at all last night.,ham,miser dont tell u side effect birth control massiv gut wrench cramp first month didnt sleep last night
Send me the new number,ham,send new number
Convey my regards to him,ham,convey regard
Want the latest Video handset? 750 anytime any network mins? Half price line rental? Reply or call 08000930705 for delivery tomorrow,spam,want latest video handset anytim network min half price line rental repli call deliveri tomorrow
2 and half years i missed your friendship:-),ham,half year miss friendship
I cant pick the phone right now. Pls send a message,ham,cant pick phone right pl send messag
Oh for fuck's sake she's in like tallahassee,ham,oh fuck sake she like tallahasse
"Haha, that was the first person I was gonna ask",ham,haha first person gonna ask
"ou are guaranteed the latest Nokia Phone, a 40GB iPod MP3 player or a £500 prize! Txt word: COLLECT to No: 83355! IBHltd LdnW15H 150p/Mtmsgrcvd18",spam,ou guarante latest nokia phone gb ipod mp player £ prize txt word collect ibhltd ldnwh pmtmsgrcvd
Taka lor. Wat time u wan 2 come n look 4 us?,ham,taka lor wat time u wan come n look us
* FREE* POLYPHONIC RINGTONE Text SUPER to 87131 to get your FREE POLY TONE of the week now! 16 SN PoBox202 NR31 7ZS subscription 450pw,spam,free polyphon rington text super get free poli tone week sn pobox nr zs subscript pw
I;m reaching in another 2 stops.,ham,im reach anoth stop
"no, i *didn't* mean to post it. I wrote it, and like so many other times i've ritten stuff to you, i let it sit there. it WAS what i was feeling at the time. I was angry. Before i left, i hit send, then stop. It wasn't there. I checked on my phone when i got to my car. It wasn't there. You said you didn't sleep, you were bored. So why wouldn't THAT be the time to clean, fold laundry, etc.? At least make the bed?",ham,didnt mean post wrote like mani time ive ritten stuff let sit feel time angri left hit send stop wasnt check phone got car wasnt said didnt sleep bore wouldnt time clean fold laundri etc least make bed
Warner Village 83118 C Colin Farrell in SWAT this wkend @Warner Village & get 1 free med. Popcorn!Just show msg+ticket@kiosk.Valid 4-7/12. C t&c @kiosk. Reply SONY 4 mre film offers,spam,warner villag c colin farrel swat wkend warner villag get free med popcornjust show msgticketkioskvalid c tc kiosk repli soni mre film offer
Will you come online today night,ham,come onlin today night
Then anything special?,ham,anyth special
"I'm in solihull, | do you want anything?",ham,im solihul want anyth
Will do. Have a good day,ham,good day
WE REGRET TO INFORM U THAT THE NHS HAS MADE A MISTAKE.U WERE NEVER ACTUALLY BORN.PLEASE REPORT 2 YOR LOCAL HOSPITAL 2B TERMINATED.WE R SORRY 4 THE INCONVENIENCE,ham,regret inform u nh made mistakeu never actual bornpleas report yor local hospit b terminatedw r sorri inconveni
Love that holiday Monday feeling even if I have to go to the dentists in an hour,ham,love holiday monday feel even go dentist hour
I am on the way to tirupur.,ham,way tirupur
"Goal! Arsenal 4 (Henry, 7 v Liverpool 2 Henry scores with a simple shot from 6 yards from a pass by Bergkamp to give Arsenal a 2 goal margin after 78 mins.",spam,goal arsen henri v liverpool henri score simpl shot yard pass bergkamp give arsen goal margin min
You've already got a flaky parent. It'snot supposed to be the child's job to support the parent...not until they're The Ride age anyway. I'm supposed to be there to support you. And now i've hurt you. unintentional. But hurt nonetheless.,ham,youv alreadi got flaki parent itsnot suppos child job support parentnot theyr ride age anyway im suppos support ive hurt unintent hurt nonetheless
We took hooch for a walk toaday and i fell over! Splat! Grazed my knees and everything! Should have stayed at home! See you tomorrow! ,ham,took hooch walk toaday fell splat graze knee everyth stay home see tomorrow
"Just dropped em off, omw back now",ham,drop em omw back
"This is the 2nd time we have tried 2 contact u. U have won the 750 Pound prize. 2 claim is easy, call 08712101358 NOW! Only 10p per min. BT-national-rate",spam,nd time tri contact u u pound prize claim easi call p per min btnationalr
Sitting in mu waiting for everyone to get out of my suite so I can take a shower,ham,sit mu wait everyon get suit take shower
Re your call; You didn't see my facebook huh?,ham,call didnt see facebook huh
"G says you never answer your texts, confirm/deny",ham,g say never answer text confirmdeni
"Its so common hearin How r u? Wat r u doing? How was ur day? So let me ask u something different. Did u smile today? If not, do it now.... Gud evng.",ham,common hearin r u wat r u ur day let ask u someth differ u smile today gud evng
Hi Dear Call me its urgnt. I don't know whats your problem. You don't want to work or if you have any other problem at least tell me. Wating for your reply.,ham,hi dear call urgnt dont know what problem dont want work problem least tell wate repli
Oh yah... We never cancel leh... Haha ,ham,oh yah never cancel leh haha
We can go 4 e normal pilates after our intro...  ,ham,go e normal pilat intro
Ok... Let u noe when i leave my house.,ham,ok let u noe leav hous
"Oh yes, why is it like torture watching england?",ham,oh ye like tortur watch england
Wanna do some art?! :D,ham,wanna art
Just hopeing that wasn‘t too pissed up to remember and has gone off to his sisters or something!,ham,hope wasn‘t piss rememb gone sister someth
"Got what it takes 2 take part in the WRC Rally in Oz? U can with Lucozade Energy! Text RALLY LE to 61200 (25p), see packs or lucozade.co.uk/wrc & itcould be u!",spam,got take take part wrc ralli oz u lucozad energi text ralli le p see pack lucozadecoukwrc itcould u
"Hi, the SEXYCHAT girls are waiting for you to text them. Text now for a great night chatting. send STOP to stop this service",spam,hi sexychat girl wait text text great night chat send stop stop servic
"Good morning, my boytoy! How's those yummy lips ? Where's my sexy buns now ? What do you do ? Do you think of me ? Do you crave me ? Do you need me ?",ham,good morn boytoy how yummi lip where sexi bun think crave need
Match started.india  &lt;#&gt;  for 2,ham,match startedindia ltgt
Once free call me sir.,ham,free call sir
Hey do you want anything to buy:),ham,hey want anyth buy
"Hey babe, how's it going ? Did you ever figure out where your going for New Years ?",ham,hey babe how go ever figur go new year
K..k.:)congratulation ..,ham,kkcongratul
G wants to know where the fuck you are,ham,g want know fuck
No it was cancelled yeah baby! Well that sounds important so i understand my darlin give me a ring later on this fone love Kate x,ham,cancel yeah babi well sound import understand darlin give ring later fone love kate x
Tomarrow i want to got to court. At  &lt;DECIMAL&gt; . So you come to bus stand at 9.,ham,tomarrow want got court ltdecimalgt come bu stand
Ü go home liao? Ask dad to pick me up at 6...,ham,ü go home liao ask dad pick
Omg you can make a wedding chapel in frontierville? Why do they get all the good stuff?,ham,omg make wed chapel frontiervil get good stuff
"I'm eatin now lor, but goin back to work soon... E mountain deer show huh... I watch b4 liao, very nice...",ham,im eatin lor goin back work soon e mountain deer show huh watch b liao nice
Check mail.i have mailed varma and kept copy to you regarding membership.take care.insha allah.,ham,check maili mail varma kept copi regard membershiptak careinsha allah
Wrong phone! This phone! I answer this one but assume the other is people i don't well,ham,wrong phone phone answer one assum peopl dont well
"Anyway I don't think I can secure anything up here, lemme know if you want me to drive down south and chill",ham,anyway dont think secur anyth lemm know want drive south chill
I'm already back home so no probably not,ham,im alreadi back home probabl
Great News! Call FREEFONE 08006344447 to claim your guaranteed £1000 CASH or £2000 gift. Speak to a live operator NOW!,spam,great news call freefon claim guarante £ cash £ gift speak live oper
"Hi this is Amy, we will be sending you a free phone number in a couple of days, which will give you an access to all the adult parties...",spam,hi ami send free phone number coupl day give access adult parti
I am in bus on the way to calicut,ham,bu way calicut
Hi its me you are probably having too much fun to get this message but i thought id txt u cos im bored! and james has been farting at me all night,ham,hi probabl much fun get messag thought id txt u co im bore jame fart night
hi baby im sat on the bloody bus at the mo and i wont be home until about 7:30 wanna do somethin later? call me later ortxt back jess xx,ham,hi babi im sat bloodi bu mo wont home wanna somethin later call later ortxt back jess xx
"Welcome to Select, an O2 service with added benefits. You can now call our specially trained advisors FREE from your mobile by dialling 402.",spam,welcom select servic ad benefit call special train advisor free mobil diall
I lost 4 pounds since my doc visit last week woot woot! Now I'm gonna celebrate by stuffing my face!,ham,lost pound sinc doc visit last week woot woot im gonna celebr stuf face
U coming back 4 dinner rite? Dad ask me so i re confirm wif u...,ham,u come back dinner rite dad ask confirm wif u
Doing my masters. When will you buy a bb cos i have for sale and how's bf,ham,master buy bb co sale how bf
"Ahhhh...just woken up!had a bad dream about u tho,so i dont like u right now :) i didnt know anything about comedy night but i guess im up for it.",ham,ahhhhjust woken uphad bad dream u thoso dont like u right didnt know anyth comedi night guess im
I'm vivek:)i got call from your number.,ham,im viveki got call number
Why didn't u call on your lunch?,ham,didnt u call lunch
"What i mean was i left too early to check, cos i'm working a 9-6.",ham,mean left earli check co im work
I want  &lt;#&gt;  rs da:)do you have it?,ham,want ltgt rs dado
"A bit of Ur smile is my hppnss, a drop of Ur tear is my sorrow, a part of Ur heart is my life, a heart like mine wil care for U, forevr as my GOODFRIEND",ham,bit ur smile hppnss drop ur tear sorrow part ur heart life heart like mine wil care u forevr goodfriend
Yup ok...,ham,yup ok
I want to see your pretty pussy...,ham,want see pretti pussi
Dear Voucher holder Have your next meal on us. Use the following link on your pc 2 enjoy a 2 4 1 dining experiencehttp://www.vouch4me.com/etlp/dining.asp,spam,dear voucher holder next meal us use follow link pc enjoy dine experiencehttpwwwvouchmecometlpdiningasp
"A few people are at the game, I'm at the mall with iouri and kaila",ham,peopl game im mall iouri kaila
URGENT! We are trying to contact U. Todays draw shows that you have won a £2000 prize GUARANTEED. Call 09058094507 from land line. Claim 3030. Valid 12hrs only,spam,urgent tri contact u today draw show £ prize guarante call land line claim valid hr
You can donate £2.50 to UNICEF's Asian Tsunami disaster support fund by texting DONATE to 864233. £2.50 will be added to your next bill,spam,donat £ unicef asian tsunami disast support fund text donat £ ad next bill
Future is not what we planned for tomorrow.....! it is the result of what we do today...! Do the best in present... enjoy the future.,ham,futur plan tomorrow result today best present enjoy futur
I will cme i want to go to hos 2morow. After that i wil cme. This what i got from her dear what to do. She didnt say any time,ham,cme want go ho morow wil cme got dear didnt say time
We are supposed to meet to discuss abt our trip... Thought xuhui told you? In the afternoon. Thought we can go for lesson after that,ham,suppos meet discuss abt trip thought xuhui told afternoon thought go lesson
Hey come online! Use msn... We are all there,ham,hey come onlin use msn
I'm fine. Hope you are good. Do take care.,ham,im fine hope good take care
Oops I was in the shower when u called. Hey a parking garage collapsed at university hospital. See I'm not crazy. Stuff like that DOES happen.,ham,oop shower u call hey park garag collaps univers hospit see im crazi stuff like happen
Aiyo u so poor thing... Then u dun wan 2 eat? U bathe already?,ham,aiyo u poor thing u dun wan eat u bath alreadi
Yar... I tot u knew dis would happen long ago already.,ham,yar tot u knew di would happen long ago alreadi
You are gorgeous! keep those pix cumming :) thank you!,ham,gorgeou keep pix cum thank
"A boy was late 2 home. His father: ""POWER OF FRNDSHIP""",ham,boy late home father power frndship
JADE ITS PAUL. Y DIDNT U TXT ME? DO U REMEMBER ME FROM BARMED? I WANT 2 TALK 2 U! TXT ME,ham,jade paul didnt u txt u rememb barm want talk u txt
Spending new years with my brother and his family. Lets plan to meet next week. Are you ready to be spoiled? :),ham,spend new year brother famili let plan meet next week readi spoil
So what u doing today?,ham,u today
I said its okay. Sorry,ham,said okay sorri
Slept? I thinkThis time ( &lt;#&gt;  pm) is not dangerous,ham,slept thinkthi time ltgt pm danger
Networking job is there.,ham,network job
goldviking (29/M) is inviting you to be his friend. Reply YES-762 or NO-762 See him: www.SMS.ac/u/goldviking STOP? Send STOP FRND to 62468,spam,goldvik invit friend repli ye see wwwsmsacugoldvik stop send stop frnd
Dont let studying stress you out. L8r.,ham,dont let studi stress lr
That's y u haf 2 keep me busy...,ham,that u haf keep busi
No rushing. I'm not working. I'm in school so if we rush we go hungry.,ham,rush im work im school rush go hungri
Which channel:-):-):):-).,ham,channel
So your telling me I coulda been your real Valentine and I wasn't? U never pick me for NOTHING!!,ham,tell coulda real valentin wasnt u never pick noth
Phony £350 award - Todays Voda numbers ending XXXX are selected to receive a £350 award. If you have a match please call 08712300220 quoting claim code 3100 standard rates app,spam,phoni £ award today voda number end xxxx select receiv £ award match pleas call quot claim code standard rate app
"We made it! Eta at taunton is 12:30 as planned, hope that‘s still okday?! Good to see you! :-xx",ham,made eta taunton plan hope that‘ still okday good see xx
I'm hungry buy smth home...,ham,im hungri buy smth home
"HEY KATE, HOPE UR OK... WILL GIVE U A BUZ WEDLUNCH. GO OUTSOMEWHERE 4 ADRINK IN TOWN..CUD GO 2WATERSHD 4 A BIT? PPL FROMWRK WILL BTHERE. LOVE PETEXXX.",ham,hey kate hope ur ok give u buz wedlunch go outsomewher adrink towncud go watershd bit ppl fromwrk bthere love petexxx
My drive can only be read. I need to write,ham,drive read need write
"Just looked it up and addie goes back Monday, sucks to be her",ham,look addi goe back monday suck
Happy new year. Hope you are having a good semester,ham,happi new year hope good semest
Esplanade lor. Where else...,ham,esplanad lor els
Can you talk with me..,ham,talk
"Hmph. Go head, big baller.",ham,hmph go head big baller
Well its not like you actually called someone a punto. That woulda been worse.,ham,well like actual call someon punto woulda wors
"Nope. Since ayo travelled, he has forgotten his guy",ham,nope sinc ayo travel forgotten guy
You still around? Looking to pick up later,ham,still around look pick later
CDs 4u: Congratulations ur awarded £500 of CD gift vouchers or £125 gift guaranteed & Freeentry 2 £100 wkly draw xt MUSIC to 87066 TnCs www.ldew.com1win150ppmx3age16 ,spam,cd u congratul ur award £ cd gift voucher £ gift guarante freeentri £ wkli draw xt music tnc wwwldewcomwinppmxag
There's someone here that has a year  &lt;#&gt;  toyota camry like mr olayiwola's own. Mileage is  &lt;#&gt; k.its clean but i need to know how much will it sell for. If i can raise the dough for it how soon after landing will it sell. Holla back.,ham,there someon year ltgt toyota camri like mr olayiwola mileag ltgt kit clean need know much sell rais dough soon land sell holla back
Guess which pub im in? Im as happy as a pig in clover or whatever the saying is! ,ham,guess pub im im happi pig clover whatev say
ILL B DOWN SOON,ham,ill b soon
Oh k. . I will come tomorrow,ham,oh k come tomorrow
Go fool dont cheat others ok,ham,go fool dont cheat other ok
"My mobile number.pls sms ur mail id.convey regards to achan,amma.Rakhesh.Qatar",ham,mobil numberpl sm ur mail idconvey regard achanammarakheshqatar
"By the way, 'rencontre' is to meet again. Mountains dont....",ham,way rencontr meet mountain dont
You have WON a guaranteed £1000 cash or a £2000 prize. To claim yr prize call our customer service representative on 08714712412 between 10am-7pm Cost 10p,spam,guarante £ cash £ prize claim yr prize call custom servic repres ampm cost p
U attend ur driving lesson how many times a wk n which day?,ham,u attend ur drive lesson mani time wk n day
"Uncle G, just checking up on you. Do have a rewarding month",ham,uncl g check reward month
Hello boytoy ! Geeee ... I'm missing you today. I like to send you a tm and remind you I'm thinking of you ... And you are loved ... *loving kiss*,ham,hello boytoy geeee im miss today like send tm remind im think love love kiss
I think the other two still need to get cash but we can def be ready by 9,ham,think two still need get cash def readi
Hey gals...U all wanna meet 4 dinner at nìte? ,ham,hey galsu wanna meet dinner nìte
Dear 0776xxxxxxx U've been invited to XCHAT. This is our final attempt to contact u! Txt CHAT to 86688 150p/MsgrcvdHG/Suite342/2Lands/Row/W1J6HL LDN 18yrs,spam,dear xxxxxxx uve invit xchat final attempt contact u txt chat pmsgrcvdhgsuitelandsrowwjhl ldn yr
Babe ! What are you doing ? Where are you ? Who are you talking to ? Do you think of me ? Are you being a good boy? Are you missing me? Do you love me ?,ham,babe talk think good boy miss love
Great! How is the office today?,ham,great offic today
"It's cool, we can last a little while. Getting more any time soon?",ham,cool last littl get time soon
:-( sad puppy noise,ham,sad puppi nois
Yes its possible but dint try. Pls dont tell to any one k,ham,ye possibl dint tri pl dont tell one k
Anyway holla at me whenever you're around because I need an excuse to go creep on people in sarasota,ham,anyway holla whenev your around need excus go creep peopl sarasota
Where you. What happen,ham,happen
I was gonna ask you lol but i think its at 7,ham,gonna ask lol think
Ur cash-balance is currently 500 pounds - to maximize ur cash-in now send GO to 86688 only 150p/meg. CC: 08718720201 HG/Suite342/2lands Row/W1j6HL,spam,ur cashbal current pound maxim ur cashin send go pmeg cc hgsuiteland rowwjhl
PRIVATE! Your 2003 Account Statement for shows 800 un-redeemed S.I.M. points. Call 08715203685 Identifier Code:4xx26 Expires 13/10/04,spam,privat account statement show unredeem sim point call identifi codexx expir
Go chase after her and run her over while she's crossing the street,ham,go chase run she cross street
I'd like to tell you my deepest darkest fantasies. Call me 09094646631 just 60p/min. To stop texts call 08712460324 (nat rate),spam,id like tell deepest darkest fantasi call pmin stop text call nat rate
Is there coming friday is leave for pongal?do you get any news from your work place.,ham,come friday leav pongaldo get news work place
Hey... Very inconvenient for your sis a not huh?,ham,hey inconveni si huh
Ok i vl..do u know i got adsense approved..,ham,ok vldo u know got adsens approv
"* Was really good to see you the other day dudette, been missing you!",ham,realli good see day dudett miss
I want to go to perumbavoor,ham,want go perumbavoor
How many times i told in the stage all use to laugh. You not listen aha.,ham,mani time told stage use laugh listen aha
You won't believe it but it's true. It's Incredible Txts! Reply G now to learn truly amazing things that will blow your mind. From O2FWD only 18p/txt,spam,wont believ true incred txt repli g learn truli amaz thing blow mind ofwd ptxt
(You didn't hear it from me),ham,didnt hear
Thanks for being there for me just to talk to on saturday. You are very dear to me. I cherish having you as a brother and role model.,ham,thank talk saturday dear cherish brother role model
Pls clarify back if an open return ticket that i have can be preponed for me to go back to kerala.,ham,pl clarifi back open return ticket prepon go back kerala
Natalie (20/F) is inviting you to be her friend. Reply YES-165 or NO-165 See her: www.SMS.ac/u/natalie2k9 STOP? Send STOP FRND to 62468,spam,natali f invit friend repli ye see wwwsmsacunataliek stop send stop frnd
She ran off with a younger man. we will make pretty babies together :),ham,ran younger man make pretti babi togeth
Jamster! To get your free wallpaper text HEART to 88888 now! T&C apply. 16 only. Need Help? Call 08701213186.,spam,jamster get free wallpap text heart tc appli need help call
O ic lol. Should play 9 doors sometime yo,ham,ic lol play door sometim yo
"Dunno, my dad said he coming home 2 bring us out 4 lunch. Yup i go w u lor. I call u when i reach school lor...",ham,dunno dad said come home bring us lunch yup go w u lor call u reach school lor
"We have sent JD for Customer Service cum Accounts Executive to ur mail id, For details contact us",ham,sent jd custom servic cum account execut ur mail id detail contact us
Desires- u going to doctor 4 liver. And get a bit stylish. Get ur hair managed. Thats it.,ham,desir u go doctor liver get bit stylish get ur hair manag that
Hmmm.still we dont have opener?,ham,hmmmstill dont open
Yeah so basically any time next week you can get away from your mom &amp; get up before 3,ham,yeah basic time next week get away mom amp get
"Edison has rightly said, ""A fool can ask more questions than a wise man can answer"" Now you know why all of us are speechless during ViVa.. GM,GN,GE,GNT:-)",ham,edison rightli said fool ask question wise man answer know us speechless viva gmgngegnt
I will vote for wherever my heart guides me,ham,vote wherev heart guid
With my sis lor... We juz watched italian job.,ham,si lor juz watch italian job
"Tick, tick, tick .... Where are you ? I could die of loneliness you know ! *pouts* *stomps feet* I need you ...",ham,tick tick tick could die loneli know pout stomp feet need
Lmao you know me so well...,ham,lmao know well
Double Mins & Double Txt & 1/2 price Linerental on Latest Orange Bluetooth mobiles. Call MobileUpd8 for the very latest offers. 08000839402 or call2optout/LF56,spam,doubl min doubl txt price linerent latest orang bluetooth mobil call mobileupd latest offer calloptoutlf
Am on a train back from northampton so i'm afraid not! I'm staying skyving off today ho ho! Will be around wednesday though. Do you fancy the comedy club this week by the way?,ham,train back northampton im afraid im stay skyve today ho ho around wednesday though fanci comedi club week way
Goodnight da thangam I really miss u dear.,ham,goodnight da thangam realli miss u dear
Hey next sun 1030 there's a basic yoga course... at bugis... We can go for that... Pilates intro next sat.... Tell me what time you r free,ham,hey next sun there basic yoga cours bugi go pilat intro next sat tell time r free
"Geeeee ... Your internet is really bad today, eh ?",ham,geeeee internet realli bad today eh
Free video camera phones with Half Price line rental for 12 mths and 500 cross ntwk mins 100 txts. Call MobileUpd8 08001950382 or Call2OptOut/674,spam,free video camera phone half price line rental mth cross ntwk min txt call mobileupd calloptout
I think i am disturbing her da,ham,think disturb da
"Sorry, I'll call you  later. I am in meeting sir.",ham,sorri ill call later meet sir
Havent stuck at orchard in my dad's car. Going 4 dinner now. U leh? So r they free tonight?,ham,havent stuck orchard dad car go dinner u leh r free tonight
Ok i also wan 2 watch e 9 pm show...,ham,ok also wan watch e pm show
I dunno lei... Like dun haf...,ham,dunno lei like dun haf
But your brother transfered only  &lt;#&gt;  +  &lt;#&gt; . Pa.,ham,brother transfer ltgt ltgt pa
I calls you later. Afternoon onwords mtnl service get problem in south mumbai. I can hear you but you cann't listen me.,ham,call later afternoon onword mtnl servic get problem south mumbai hear cannt listen
83039 62735=£450 UK Break AccommodationVouchers terms & conditions apply. 2 claim you mustprovide your claim number which is 15541 ,spam,£ uk break accommodationvouch term condit appli claim mustprovid claim number
Talk to g and x about that,ham,talk g x
Hai dear friends... This is my new &amp; present number..:) By Rajitha Raj (Ranju),ham,hai dear friend new amp present number rajitha raj ranju
5p 4 alfie Moon's Children in need song on ur mob. Tell ur m8s. Txt Tone charity to 8007 for Nokias or Poly charity for polys: zed 08701417012 profit 2 charity.,spam,p alfi moon children need song ur mob tell ur ms txt tone chariti nokia poli chariti poli zed profit chariti
As in different styles?,ham,differ style
WIN a £200 Shopping spree every WEEK Starting NOW. 2 play text STORE to 88039. SkilGme. TsCs08714740323 1Winawk! age16 £1.50perweeksub.,spam,win £ shop spree everi week start play text store skilgm tsc winawk age £perweeksub
Gud ni8 dear..slp well..take care..swt dreams..Muah..,ham,gud ni dearslp welltak careswt dreamsmuah
I want to sent  &lt;#&gt; mesages today. Thats y. Sorry if i hurts,ham,want sent ltgt mesag today that sorri hurt
"This is the 2nd attempt to contract U, you have won this weeks top prize of either £1000 cash or £200 prize. Just call 09066361921",spam,nd attempt contract u week top prize either £ cash £ prize call
"Well, i'm glad you didn't find it totally disagreeable ... Lol",ham,well im glad didnt find total disagre lol
"Guy, no flash me now. If you go call me, call me. How madam. Take care oh.",ham,guy flash go call call madam take care oh
Do you want a New Nokia 3510i colour phone DeliveredTomorrow? With 300 free minutes to any mobile + 100 free texts + Free Camcorder reply or call 08000930705.,spam,want new nokia colour phone deliveredtomorrow free minut mobil free text free camcord repli call
Mark works tomorrow. He gets out at 5. His work is by your house so he can meet u afterwards.,ham,mark work tomorrow get work hous meet u afterward
"Keep ur problems in ur heart, b'coz nobody will fight for u. Only u &amp; u have to fight for ur self &amp; win the battle. -VIVEKANAND- G 9t.. SD..
ham	Yeah, give me a call if you've got a minute
ham	HI BABE UAWAKE?FEELLIKW SHIT.JUSTFOUND OUT VIA ALETTER THATMUM GOTMARRIED 4thNOV.BEHIND OURBACKS  FUCKINNICE!SELFISH,DEVIOUSBITCH.ANYWAY,IL CALL U""",ham,keep ur problem ur heart bcoz nobodi fight u u amp u fight ur self amp win battl vivekanand g sd ham yeah give call youv got minut ham hi babe uawakefeellikw shitjustfound via alett thatmum gotmarri thnovbehind ourback  fuckinniceselfishdeviousbitchanywayil call u
Amazing : If you rearrange these letters it gives the same meaning... Dormitory = Dirty room Astronomer = Moon starer The eyes = They see Election results = Lies lets recount Mother-in-law = Woman Hitler Eleven plus two =Twelve plus one Its Amazing... !:-),ham,amaz rearrang letter give mean dormitori dirti room astronom moon starer eye see elect result lie let recount motherinlaw woman hitler eleven plu two twelv plu one amaz
Aiya we discuss later lar... Pick ü up at 4 is it?,ham,aiya discuss later lar pick ü
Hey happy birthday...,ham,hey happi birthday
Sorry i missed your call. Can you please call back.,ham,sorri miss call pleas call back
Omg if its not one thing its another. My cat has worms :/ when does this bad day end?,ham,omg one thing anoth cat worm bad day end
"Good morning, im suffering from fever and dysentry ..will not be able to come to office today.",ham,good morn im suffer fever dysentri abl come offic today
I wont do anything de.,ham,wont anyth de
What type of stuff do you sing?,ham,type stuff sing
"St andre, virgil's cream",ham,st andr virgil cream
No no. I will check all rooms befor activities,ham,check room befor activ
"My fri ah... Okie lor,goin 4 my drivin den go shoppin after tt...",ham,fri ah oki lorgoin drivin den go shoppin tt
Gokila is talking with you aha:),ham,gokila talk aha
"Hi Shanil,Rakhesh here.thanks,i have exchanged the uncut diamond stuff.leaving back. Excellent service by Dino and Prem.",ham,hi shanilrakhesh herethanksi exchang uncut diamond stuffleav back excel servic dino prem
K.k.this month kotees birthday know?,ham,kkthi month kote birthday know
But i'm really really broke oh. No amount is too small even  &lt;#&gt; ,ham,im realli realli broke oh amount small even ltgt
Sorry about that this is my mates phone and i didnt write it love Kate,ham,sorri mate phone didnt write love kate
"TheMob>Hit the link to get a premium Pink Panther game, the new no. 1 from Sugababes, a crazy Zebra animation or a badass Hoody wallpaper-all 4 FREE!",spam,themobhit link get premium pink panther game new sugabab crazi zebra anim badass hoodi wallpaperal free
"Ah, well that confuses things, doesnt it? I thought was friends with now. Maybe i did the wrong thing but i already sort of invited -tho he may not come cos of money.",ham,ah well confus thing doesnt thought friend mayb wrong thing alreadi sort invit tho may come co money
"Aight, call me once you're close",ham,aight call your close
Nope thats fine. I might have a nap tho! ,ham,nope that fine might nap tho
This msg is for your mobile content order It has been resent as previous attempt failed due to network error Queries to customersqueries@netvision.uk.com,spam,msg mobil content order resent previou attempt fail due network error queri customersqueriesnetvisionukcom
In other news after hassling me to get him weed for a week andres has no money. HAUGHAIGHGTUJHYGUJ,ham,news hassl get weed week andr money haughaighgtujhyguj
"A Boy loved a gal. He propsd bt she didnt mind. He gv lv lttrs, Bt her frnds threw thm. Again d boy decided 2 aproach d gal , dt time a truck was speeding towards d gal. Wn it was about 2 hit d girl,d boy ran like hell n saved her. She asked 'hw cn u run so fast?' D boy replied ""Boost is d secret of my energy"" n instantly d girl shouted ""our energy"" n Thy lived happily 2gthr drinking boost evrydy Moral of d story:- I hv free msgs:D;): gud ni8",ham,boy love gal propsd bt didnt mind gv lv lttr bt frnd threw thm boy decid aproach gal dt time truck speed toward gal wn hit girld boy ran like hell n save ask hw cn u run fast boy repli boost secret energi n instantli girl shout energi n thi live happili gthr drink boost evrydi moral stori hv free msgsd gud ni
I wnt to buy a BMW car urgently..its vry urgent.but hv a shortage of  &lt;#&gt; Lacs.there is no source to arng dis amt. &lt;#&gt; lacs..thats my prob,ham,wnt buy bmw car urgentlyit vri urgentbut hv shortag ltgt lacsther sourc arng di amt ltgt lacsthat prob
Ding me on ya break fassyole! Blacko from londn,ham,ding ya break fassyol blacko londn
I REALLY NEED 2 KISS U I MISS U MY BABY FROM UR BABY 4EVA,ham,realli need kiss u miss u babi ur babi eva
"The sign of maturity is not when we start saying big things.. But actually it is, when we start understanding small things... *HAVE A NICE EVENING* BSLVYL",ham,sign matur start say big thing actual start understand small thing nice even bslvyl
Oh you got many responsibilities.,ham,oh got mani respons
You have 1 new message. Please call 08715205273,spam,new messag pleas call
I've reached sch already...,ham,ive reach sch alreadi
December only! Had your mobile 11mths+? You are entitled to update to the latest colour camera mobile for Free! Call The Mobile Update VCo FREE on 08002986906 ,spam,decemb mobil mth entitl updat latest colour camera mobil free call mobil updat vco free
U definitely need a module from e humanities dis sem izzit? U wan 2 take other modules 1st?,ham,u definit need modul e human di sem izzit u wan take modul st
Argh why the fuck is nobody in town ;_;,ham,argh fuck nobodi town
"Get 3 Lions England tone, reply lionm 4 mono or lionp 4 poly. 4 more go 2 www.ringtones.co.uk, the original n best. Tones 3GBP network operator rates apply.",spam,get lion england tone repli lionm mono lionp poli go wwwringtonescouk origin n best tone gbp network oper rate appli
Thanks. Fills me with complete calm and reassurance! ,ham,thank fill complet calm reassur
Aslamalaikkum....insha allah tohar beeen muht albi mufti mahfuuz...meaning same here....,ham,aslamalaikkuminsha allah tohar beeen muht albi mufti mahfuuzmean
Are you driving or training?,ham,drive train
Lol for real. She told my dad I have cancer,ham,lol real told dad cancer
PRIVATE! Your 2003 Account Statement for 078,spam,privat account statement
"Oops I did have it,  &lt;#&gt; ?",ham,oop ltgt
NOT ENUFCREDEIT TOCALL.SHALL ILEAVE UNI AT 6 +GET A BUS TO YOR HOUSE?,ham,enufcredeit tocallshal ileav uni get bu yor hous
"Hi Chikku, send some nice msgs",ham,hi chikku send nice msg
"He is impossible to argue with and he always treats me like his sub, like he never released me ... Which he did and I will remind him of that if necessary",ham,imposs argu alway treat like sub like never releas remind necessari
"After my work ah... Den 6 plus lor... U workin oso rite... Den go orchard lor, no other place to go liao...",ham,work ah den plu lor u workin oso rite den go orchard lor place go liao
"To the wonderful Okors, have a great month. We cherish you guys and wish you well each day. MojiBiola",ham,wonder okor great month cherish guy wish well day mojibiola
Cuz ibored. And don wanna study,ham,cuz ibor wanna studi
Wot about on wed nite I am 3 then but only til 9!,ham,wot wed nite til
"Rose for red,red for blood,blood for heart,heart for u. But u for me.... Send tis to all ur friends.. Including me.. If u like me.. If u get back, 1-u r poor in relation! 2-u need some 1 to support 3-u r frnd 2 many 4-some1 luvs u 5+- some1 is praying god to marry u.:-) try it....",ham,rose redr bloodblood heartheart u u send ti ur friend includ u like u get back u r poor relat u need support u r frnd mani luv u pray god marri u tri
Any way where are you and what doing.,ham,way
That sucks. I'll go over so u can do my hair. You'll do it free right?,ham,suck ill go u hair youll free right
it's still not working. And this time i also tried adding zeros. That was the savings. The checking is  &lt;#&gt; ,ham,still work time also tri ad zero save check ltgt
"Hmm... Dunno leh, mayb a bag 4 goigng out dat is not too small. Or jus anything except perfume, smth dat i can keep.",ham,hmm dunno leh mayb bag goigng dat small ju anyth except perfum smth dat keep
Sday only joined.so training we started today:),ham,sday joinedso train start today
Sorry * was at the grocers.,ham,sorri grocer
There are some nice pubs near here or there is Frankie n Bennys near the warner cinema?,ham,nice pub near franki n benni near warner cinema
"YOU VE WON! Your 4* Costa Del Sol Holiday or £5000 await collection. Call 09050090044 Now toClaim. SAE, TC s, POBox334, Stockport, SK38xh, Cost£1.50/pm, Max10mins",spam,costa del sol holiday £ await collect call toclaim sae tc pobox stockport skxh cost£pm maxmin
Yup... I havent been there before... You want to go for the yoga? I can call up to book ,ham,yup havent want go yoga call book
Oh shut it. Omg yesterday I had a dream that I had 2 kids both boys. I was so pissed. Not only about the kids but them being boys. I even told mark in my dream that he was changing diapers cause I'm not getting owed in the face.,ham,oh shut omg yesterday dream kid boy piss kid boy even told mark dream chang diaper caus im get owe face
Yeah I imagine he would be really gentle. Unlike the other docs who treat their patients like turkeys.,ham,yeah imagin would realli gentl unlik doc treat patient like turkey
FREE for 1st week! No1 Nokia tone 4 ur mobile every week just txt NOKIA to 8077 Get txting and tell ur mates. www.getzed.co.uk POBox 36504 W45WQ 16+ norm150p/tone,spam,free st week nokia tone ur mobil everi week txt nokia get txting tell ur mate wwwgetzedcouk pobox wwq normpton
Now that you have started dont stop. Just pray for more good ideas and anything i see that can help you guys i.ll forward you a link.,ham,start dont stop pray good idea anyth see help guy ill forward link
Hi darlin im on helens fone im gonna b up the princes 2 nite please come up tb love Kate,ham,hi darlin im helen fone im gonna b princ nite pleas come tb love kate
I'm in office now da:)where are you?,ham,im offic dawher
Aiyar u so poor thing... I give u my support k... Jia you! I'll think of u...,ham,aiyar u poor thing give u support k jia ill think u
Oh unintentionally not bad timing. Great. Fingers  the trains play along! Will give fifteen min warning.,ham,oh unintent bad time great finger train play along give fifteen min warn
Get your garden ready for summer with a FREE selection of summer bulbs and seeds worth £33:50 only with The Scotsman this Saturday. To stop go2 notxt.co.uk,spam,get garden readi summer free select summer bulb seed worth £ scotsman saturday stop go notxtcouk
K..then come wenever u lik to come and also tel vikky to come by getting free time..:-),ham,kthen come wenev u lik come also tel vikki come get free time
Pls call me da. What happen.,ham,pl call da happen
"Happy new year to u and ur family...may this new year bring happiness , stability and tranquility to ur vibrant colourful life:):)",ham,happi new year u ur familymay new year bring happi stabil tranquil ur vibrant colour life
No problem with the renewal. I.ll do it right away but i dont know his details.,ham,problem renew ill right away dont know detail
Idk. I'm sitting here in a stop and shop parking lot right now bawling my eyes out because i feel like i'm a failure in everything. Nobody wants me and now i feel like i'm failing you.,ham,idk im sit stop shop park lot right bawl eye feel like im failur everyth nobodi want feel like im fail
Haven't left yet so probably gonna be here til dinner,ham,havent left yet probabl gonna til dinner
"Like  &lt;#&gt; , same question",ham,like ltgt question
MY NEW YEARS EVE WAS OK. I WENT TO A PARTY WITH MY BOYFRIEND. WHO IS THIS SI THEN HEY,ham,new year eve ok went parti boyfriend si hey
"Sir, I need Velusamy sir's date of birth and company bank facilities details.",ham,sir need velusami sir date birth compani bank facil detail
K k:) sms chat with me.,ham,k k sm chat
I will come with karnan car. Please wait till 6pm will directly goto doctor.,ham,come karnan car pleas wait till pm directli goto doctor
No but the bluray player can,ham,bluray player
Ok... Then r we meeting later?,ham,ok r meet later
Lol no. I just need to cash in my nitros. Hurry come on before I crash out!,ham,lol need cash nitro hurri come crash
Just send a text. We'll skype later.,ham,send text well skype later
Ok leave no need to ask,ham,ok leav need ask
"Congrats 2 mobile 3G Videophones R yours. call 09063458130 now! videochat wid ur mates, play java games, Dload polypH music, noline rentl. bx420. ip4. 5we. 150p",spam,congrat mobil g videophon r call videochat wid ur mate play java game dload polyph music nolin rentl bx ip p
Ü still got lessons?  Ü in sch?,ham,ü still got lesson ü sch
Y she dun believe leh? I tot i told her it's true already. I thk she muz c us tog then she believe.,ham,dun believ leh tot told true alreadi thk muz c us tog believ
Oh did you charge camera,ham,oh charg camera
"I‘ve got some salt, you can rub it in my open wounds if you like!",ham,i‘v got salt rub open wound like
Now i'm going for lunch.,ham,im go lunch
I'm in school now n i'll be in da lab doing some stuff give me a call when ü r done.,ham,im school n ill da lab stuff give call ü r done
Oh k. . I will come tomorrow,ham,oh k come tomorrow
"Aight, text me tonight and we'll see what's up",ham,aight text tonight well see what
U 2.,ham,u
Water logging in desert. Geoenvironmental implications.,ham,water log desert geoenvironment implic
Raji..pls do me a favour. Pls convey my Birthday wishes to Nimya. Pls. Today is her birthday.,ham,rajipl favour pl convey birthday wish nimya pl today birthday
Company is very good.environment is terrific and food is really nice:),ham,compani goodenviron terrif food realli nice
"Very strange.  and  are watching the 2nd one now but i'm in bed. Sweet dreams, miss u ",ham,strang watch nd one im bed sweet dream miss u
SMS AUCTION - A BRAND NEW Nokia 7250 is up 4 auction today! Auction is FREE 2 join & take part! Txt NOKIA to 86021 now!,spam,sm auction brand new nokia auction today auction free join take part txt nokia
"Hi hope u r both ok, he said he would text and he hasn't, have u seen him, let me down gently please ",ham,hi hope u r ok said would text hasnt u seen let gentli pleas
"Babe! I fucking love you too !! You know? Fuck it was so good to hear your voice. I so need that. I crave it. I can't get enough. I adore you, Ahmad *kisses*",ham,babe fuck love know fuck good hear voic need crave cant get enough ador ahmad kiss
K sure am in my relatives home. Sms me de. Pls:-),ham,k sure rel home sm de pl
I sent them. Do you like?,ham,sent like
"Fuuuuck I need to stop sleepin, sup",ham,fuuuuck need stop sleepin sup
I'm in town now so i'll jus take mrt down later.,ham,im town ill ju take mrt later
I just cooked a rather nice salmon a la you,ham,cook rather nice salmon la
I uploaded mine to Facebook,ham,upload mine facebook
WHAT TIME U WRKIN?,ham,time u wrkin
Okie,ham,oki
ree entry in 2 a weekly comp for a chance to win an ipod. Txt POD to 80182 to get entry (std txt rate) T&C's apply 08452810073 for details 18+,spam,ree entri weekli comp chanc win ipod txt pod get entri std txt rate tc appli detail
Our records indicate u maybe entitled to 5000 pounds in compensation for the Accident you had. To claim 4 free reply with CLAIM to this msg. 2 stop txt STOP,spam,record indic u mayb entitl pound compens accid claim free repli claim msg stop txt stop
"Sorry, I'll call later",ham,sorri ill call later
Oh oh... Den muz change plan liao... Go back have to yan jiu again...,ham,oh oh den muz chang plan liao go back yan jiu
"It's wylie, you in tampa or sarasota?",ham,wyli tampa sarasota
Ok... Take ur time n enjoy ur dinner...,ham,ok take ur time n enjoy ur dinner
Darren was saying dat if u meeting da ge den we dun meet 4 dinner. Cos later u leave xy will feel awkward. Den u meet him 4 lunch lor.,ham,darren say dat u meet da ge den dun meet dinner co later u leav xy feel awkward den u meet lunch lor
"Spook up your mob with a Halloween collection of a logo & pic message plus a free eerie tone, txt CARD SPOOK to 8007 zed 08701417012150p per logo/pic ",spam,spook mob halloween collect logo pic messag plu free eeri tone txt card spook zed p per logop
I like cheap! But i‘m happy to splash out on the wine if it makes you feel better..,ham,like cheap i‘m happi splash wine make feel better
She.s fine. I have had difficulties with her phone. It works with mine. Can you pls send her another friend request.,ham,she fine difficulti phone work mine pl send anoth friend request
Ugh my leg hurts. Musta overdid it on mon.,ham,ugh leg hurt musta overdid mon
Call Germany for only 1 pence per minute! Call from a fixed line via access number 0844 861 85 85. No prepayment. Direct access! www.telediscount.co.uk,spam,call germani penc per minut call fix line via access number prepay direct access wwwtelediscountcouk
"YOU VE WON! Your 4* Costa Del Sol Holiday or £5000 await collection. Call 09050090044 Now toClaim. SAE, TC s, POBox334, Stockport, SK38xh, Cost£1.50/pm, Max10mins",spam,costa del sol holiday £ await collect call toclaim sae tc pobox stockport skxh cost£pm maxmin
WOT STUDENT DISCOUNT CAN U GET ON BOOKS?,ham,wot student discount u get book
Me fine..absolutly fine,ham,fineabsolutli fine
How come she can get it? Should b quite diff to guess rite...,ham,come get b quit diff guess rite
Had your mobile 11mths ? Update for FREE to Oranges latest colour camera mobiles & unlimited weekend calls. Call Mobile Upd8 on freefone 08000839402 or 2StopTxt,spam,mobil mth updat free orang latest colour camera mobil unlimit weekend call call mobil upd freefon stoptxt
I will reach ur home in  &lt;#&gt;  minutes,ham,reach ur home ltgt minut
"Babe, I'm answering you, can't you see me ? Maybe you'd better reboot YM ... I got the photo ... It's great !",ham,babe im answer cant see mayb youd better reboot ym got photo great
Hi.what you think about match?,ham,hiwhat think match
"I know you are thinkin malaria. But relax, children cant handle malaria. She would have been worse and its gastroenteritis. If she takes enough to replace her loss her temp will reduce. And if you give her malaria meds now she will just vomit. Its a self limiting illness she has which means in a few days it will completely stop",ham,know thinkin malaria relax children cant handl malaria would wors gastroenter take enough replac loss temp reduc give malaria med vomit self limit ill mean day complet stop
Dai i downloaded but there is only exe file which i can only run that exe after installing.,ham,dai download exe file run exe instal
It is only yesterday true true.,ham,yesterday true true
K.k.how is your business now?,ham,kkhow busi
3 pa but not selected.,ham,pa select
Natalja (25/F) is inviting you to be her friend. Reply YES-440 or NO-440 See her: www.SMS.ac/u/nat27081980 STOP? Send STOP FRND to 62468,spam,natalja f invit friend repli ye see wwwsmsacunat stop send stop frnd
I keep ten rs in my shelf:) buy two egg.,ham,keep ten rs shelf buy two egg
I am late. I will be there at,ham,late
Well thats nice. Too bad i cant eat it,ham,well that nice bad cant eat
I accidentally brought em home in the box,ham,accident brought em home box
Pls she needs to dat slowly or she will vomit more.,ham,pl need dat slowli vomit
I have to take exam with in march 3,ham,take exam march
"Jane babes not goin 2 wrk, feel ill after lst nite. Foned in already cover 4 me chuck.:-)",ham,jane babe goin wrk feel ill lst nite fone alreadi cover chuck
5 nights...We nt staying at port step liao...Too ex,ham,nightsw nt stay port step liaotoo ex
If I die I want u to have all my stuffs.,ham,die want u stuff
OH FUCK. JUSWOKE UP IN A BED ON A BOATIN THE DOCKS. SLEPT WID 25 YEAR OLD. SPINOUT! GIV U DA GOSSIP L8R. XXX,ham,oh fuck juswok bed boatin dock slept wid year old spinout giv u da gossip lr xxx
Smile in Pleasure Smile in Pain Smile when trouble pours like Rain Smile when sum1 Hurts U Smile becoz SOMEONE still Loves to see u Smiling!!,ham,smile pleasur smile pain smile troubl pour like rain smile sum hurt u smile becoz someon still love see u smile
Prabha..i'm soryda..realy..frm heart i'm sory,ham,prabhaim sorydarealyfrm heart im sori
I re-met alex nichols from middle school and it turns out he's dealing!,ham,remet alex nichol middl school turn he deal
PRIVATE! Your 2003 Account Statement for <fone no> shows 800 un-redeemed S. I. M. points. Call 08715203656 Identifier Code: 42049 Expires 26/10/04,spam,privat account statement fone show unredeem point call identifi code expir
It means u could not keep ur words.,ham,mean u could keep ur word
"Nope, I'm still in the market",ham,nope im still market
I realise you are a busy guy and i'm trying not to be a bother. I have to get some exams outta the way and then try the cars. Do have a gr8 day,ham,realis busi guy im tri bother get exam outta way tri car gr day
YOU ARE CHOSEN TO RECEIVE A £350 AWARD! Pls call claim number 09066364311 to collect your award which you are selected to receive as a valued mobile customer.,spam,chosen receiv £ award pl call claim number collect award select receiv valu mobil custom
Hey what how about your project. Started aha da.,ham,hey project start aha da
Ok cool. See ya then.,ham,ok cool see ya
Am on the uworld site. Am i buying the qbank only or am i buying it with the self assessment also?,ham,uworld site buy qbank buy self assess also
Your opinion about me? 1. Over 2. Jada 3. Kusruthi 4. Lovable 5. Silent 6. Spl character 7. Not matured 8. Stylish 9. Simple Pls reply..,ham,opinion jada kusruthi lovabl silent spl charact matur stylish simpl pl repli
Someonone you know is trying to contact you via our dating service! To find out who it could be call from your mobile or landline 09064015307 BOX334SK38ch ,spam,someonon know tri contact via date servic find could call mobil landlin boxskch
Yeah I can still give you a ride,ham,yeah still give ride
"Jay wants to work out first, how's 4 sound?",ham,jay want work first how sound
"Gud gud..k, chikku tke care.. sleep well gud nyt",ham,gud gudk chikku tke care sleep well gud nyt
Its a part of checking IQ,ham,part check iq
Hmm thinking lor...,ham,hmm think lor
Of course ! Don't tease me ... You know I simply must see ! *grins* ... Do keep me posted my prey ... *loving smile* *devouring kiss*,ham,cours dont teas know simpli must see grin keep post prey love smile devour kiss
thanks for the temales it was wonderful. Thank. Have a great week.,ham,thank temal wonder thank great week
Thank you princess! I want to see your nice juicy booty...,ham,thank princess want see nice juici booti
Haven't eaten all day. I'm sitting here staring at this juicy pizza and I can't eat it. These meds are ruining my life.,ham,havent eaten day im sit stare juici pizza cant eat med ruin life
Gud ni8 dear..slp well..take care..swt dreams..Muah..,ham,gud ni dearslp welltak careswt dreamsmuah
U come n search tat vid..not finishd..,ham,u come n search tat vidnot finishd
"K I'm leaving soon, be there a little after 9",ham,k im leav soon littl
Urgent! Please call 09061213237 from a landline. £5000 cash or a 4* holiday await collection. T &Cs SAE PO Box 177 M227XY. 16+,spam,urgent pleas call landlin £ cash holiday await collect cs sae po box mxi
"Yeah work is fine, started last week, all the same stuff as before, dull but easy and guys are fun!",ham,yeah work fine start last week stuff dull easi guy fun
You do your studies alone without anyones help. If you cant no need to study.,ham,studi alon without anyon help cant need studi
Please tell me not all of my car keys are in your purse,ham,pleas tell car key purs
I didnt get anything da,ham,didnt get anyth da
Ok... Sweet dreams...,ham,ok sweet dream
Well she's in for a big surprise!,ham,well she big surpris
"As usual..iam fine, happy &amp; doing well..:)",ham,usualiam fine happi amp well
1 in cbe. 2 in chennai.,ham,cbe chennai
Can help u swoop by picking u up from wherever ur other birds r meeting if u want.,ham,help u swoop pick u wherev ur bird r meet u want
If anyone calls for a treadmill say you'll buy it. Make sure its working. I found an ad on Craigslist selling for $ &lt;#&gt; .,ham,anyon call treadmil say youll buy make sure work found ad craigslist sell ltgt
I absolutely LOVE South Park! I only recently started watching the office.,ham,absolut love south park recent start watch offic
Did you see that film:),ham,see film
Pls speak with me. I wont ask anything other then you friendship.,ham,pl speak wont ask anyth friendship
"Storming msg: Wen u lift d phne, u say ""HELLO"" Do u knw wt is d real meaning of HELLO?? . . . It's d name of a girl..! . . . Yes.. And u knw who is dat girl?? ""Margaret Hello"" She is d girlfrnd f Grahmbell who invnted telphone... . . . . Moral:One can 4get d name of a person, bt not his girlfrnd... G o o d n i g h t . . .@",ham,storm msg wen u lift phne u say hello u knw wt real mean hello name girl ye u knw dat girl margaret hello girlfrnd f grahmbel invnt telphon moralon get name person bt girlfrnd g n g h
Gud ni8.swt drms.take care,ham,gud niswt drmstake care
HI DARLIN ITS KATE ARE U UP FOR DOIN SOMETHIN TONIGHT? IM GOING TO A PUB CALLED THE SWAN OR SOMETHING WITH MY PARENTS FOR ONE DRINK SO PHONE ME IF U CAN,ham,hi darlin kate u doin somethin tonight im go pub call swan someth parent one drink phone u
Anything lar then ü not going home 4 dinner?,ham,anyth lar ü go home dinner
"ER, ENJOYIN INDIANS AT THE MO..yeP. SaLL gOoD HehE ;> hows bout u shexy? Pete Xx",ham,er enjoyin indian moyep sall good hehe how bout u shexi pete xx
"If you don't, your prize will go to another customer. T&C at www.t-c.biz 18+ 150p/min Polo Ltd Suite 373 London W1J 6HL Please call back if busy ",spam,dont prize go anoth custom tc wwwtcbiz pmin polo ltd suit london wj hl pleas call back busi
Did u fix the teeth?if not do it asap.ok take care.,ham,u fix teethif asapok take care
So u wan 2 come for our dinner tonight a not?,ham,u wan come dinner tonight
"Hello.How u doing?What u been up 2?When will u b moving out of the flat, cos I will need to arrange to pick up the lamp, etc. Take care. Hello caroline!",ham,hellohow u doingwhat u u b move flat co need arrang pick lamp etc take care hello carolin
Its too late:)but its k.wish you the same.,ham,latebut kwish
"Hi. Hope ur day * good! Back from walk, table booked for half eight. Let me know when ur coming over.",ham,hi hope ur day good back walk tabl book half eight let know ur come
Oh yeah clearly it's my fault,ham,oh yeah clearli fault
Dunno leh cant remember mayb lor. So wat time r we meeting tmr?,ham,dunno leh cant rememb mayb lor wat time r meet tmr
"Best msg: It's hard to be with a person, when u know that one more step foward will make u fall in love.. &amp; One step back can ruin ur friendship.. good night:-) ...",ham,best msg hard person u know one step foward make u fall love amp one step back ruin ur friendship good night
URGENT! Your Mobile number has been awarded with a £2000 prize GUARANTEED. Call 09061790126 from land line. Claim 3030. Valid 12hrs only 150ppm,spam,urgent mobil number award £ prize guarante call land line claim valid hr ppm
"Helloooo... Wake up..! ""Sweet"" ""morning"" ""welcomes"" ""You"" ""Enjoy"" ""This Day"" ""with full of joy"".. ""GUD MRNG"".",ham,helloooo wake sweet morn welcom enjoy day full joy gud mrng
"Vikky, come around  &lt;TIME&gt; ..",ham,vikki come around lttimegt
"And how you will do that, princess? :)",ham,princess
I have gone into get info bt dont know what to do,ham,gone get info bt dont know
"Yeah, probably here for a while",ham,yeah probabl
Sent me ur email id soon,ham,sent ur email id soon
"URGENT! You have won a 1 week FREE membership in our £100,000 Prize Jackpot! Txt the word: CLAIM to No: 81010 T&C www.dbuk.net LCCLTD POBOX 4403LDNW1A7RW18",spam,urgent week free membership £ prize jackpot txt word claim tc wwwdbuknet lccltd pobox ldnwarw
I'm still pretty weak today .. Bad day ?,ham,im still pretti weak today bad day
Hey ! Don't forget ... You are MINE ... For ME ... My possession ... MY property ... MMM ... *childish smile* ...,ham,hey dont forget mine possess properti mmm childish smile
An excellent thought by a misundrstud frnd: I knw u hate me bt the day wen u'll knw the truth u'll hate urself:-( Gn:-),ham,excel thought misundrstud frnd knw u hate bt day wen ull knw truth ull hate urself gn
Hey! Congrats 2u2. id luv 2 but ive had 2 go home!,ham,hey congrat u id luv ive go home
Dear where you. Call me,ham,dear call
Xy trying smth now. U eat already? We havent...,ham,xy tri smth u eat alreadi havent
Urgent! Please call 09061213237 from landline. £5000 cash or a luxury 4* Canary Islands Holiday await collection. T&Cs SAE PO Box 177. M227XY. 150ppm. 16+,spam,urgent pleas call landlin £ cash luxuri canari island holiday await collect tc sae po box mxi ppm
I donno its in your genes or something,ham,donno gene someth
XMAS iscoming & ur awarded either £500 CD gift vouchers & free entry 2 r £100 weekly draw txt MUSIC to 87066 TnC www.Ldew.com1win150ppmx3age16subscription ,spam,xma iscom ur award either £ cd gift voucher free entri r £ weekli draw txt music tnc wwwldewcomwinppmxagesubscript
Alex says he's not ok with you not being ok with it,ham,alex say he ok ok
Are u coming to the funeral home,ham,u come funer home
My darling sister. How are you doing. When's school resuming. Is there a minimum wait period before you reapply? Do take care,ham,darl sister when school resum minimum wait period reappli take care
I.ll hand her my phone to chat wit u,ham,ill hand phone chat wit u
Well good morning mr . Hows london treatin' ya treacle?,ham,well good morn mr how london treatin ya treacl
I can't make it tonight,ham,cant make tonight
At WHAT TIME should i come tomorrow,ham,time come tomorrow
About  &lt;#&gt; bucks. The banks fees are fixed. Better to call the bank and find out.,ham,ltgt buck bank fee fix better call bank find
"I can. But it will tell quite long, cos i haven't finish my film yet...",ham,tell quit long co havent finish film yet
Pls ask macho how much is budget for bb bold 2 is cos i saw a new one for  &lt;#&gt;  dollars.,ham,pl ask macho much budget bb bold co saw new one ltgt dollar
Hi missed your Call and my mumHas beendropping red wine all over theplace! what is your adress?,ham,hi miss call mumha beendrop red wine theplac adress
Ill be at yours in about 3 mins but look out for me,ham,ill min look
What you did in  leave.,ham,leav
I'm coming back on Thursday. Yay. Is it gonna be ok to get the money. Cheers. Oh yeah and how are you. Everything alright. Hows school. Or do you call it work now,ham,im come back thursday yay gonna ok get money cheer oh yeah everyth alright how school call work
"Jolly good! By the way,  will give u tickets for sat eve 7.30. Speak before then x",ham,jolli good way give u ticket sat eve speak x
"yeah, that's what I was thinking",ham,yeah that think
K.k:)i'm going to tirunelvali this week to see my uncle ..i already spend the amount by taking dress .so only i want money.i will give it on feb 1,ham,kkim go tirunelvali week see uncl alreadi spend amount take dress want moneyi give feb
Here got ur favorite oyster... N got my favorite sashimi... Ok lar i dun say already... Wait ur stomach start rumbling...,ham,got ur favorit oyster n got favorit sashimi ok lar dun say alreadi wait ur stomach start rumbl
My sister going to earn more than me da.,ham,sister go earn da
Get the official ENGLAND poly ringtone or colour flag on yer mobile for tonights game! Text TONE or FLAG to 84199. Optout txt ENG STOP Box39822 W111WX £1.50,spam,get offici england poli rington colour flag yer mobil tonight game text tone flag optout txt eng stop box wwx £
Hahaha..use your brain dear,ham,hahahaus brain dear
Jus finish watching tv... U?,ham,ju finish watch tv u
"K, fyi I'm back in my parents' place in south tampa so I might need to do the deal somewhere else",ham,k fyi im back parent place south tampa might need deal somewher els
"Good morning, my Love ... I go to sleep now and wish you a great day full of feeling better and opportunity ... You are my last thought babe, I LOVE YOU *kiss*",ham,good morn love go sleep wish great day full feel better opportun last thought babe love kiss
Kothi print out marandratha.,ham,kothi print marandratha
But we havent got da topic yet rite?,ham,havent got da topic yet rite
Ok no problem... Yup i'm going to sch at 4 if i rem correctly...,ham,ok problem yup im go sch rem correctli
"Thanks, I'll keep that in mind",ham,thank ill keep mind
Aah bless! How's your arm?,ham,aah bless how arm
"Dear Sir,Salam Alaikkum.Pride and Pleasure meeting you today at the Tea Shop.We are pleased to send you our contact number at Qatar.Rakhesh an Indian.Pls save our Number.Respectful Regards.",ham,dear sirsalam alaikkumprid pleasur meet today tea shopw pleas send contact number qatarrakhesh indianpl save numberrespect regard
"Gal n boy walking in d park. gal-can i hold ur hand? boy-y? do u think i would run away? gal-no, jst wana c how it feels walking in heaven with an prince..GN:-)",ham,gal n boy walk park galcan hold ur hand boyi u think would run away galno jst wana c feel walk heaven princegn
What makes you most happy?,ham,make happi
Wishing you a wonderful week.,ham,wish wonder week
Sweet heart how are you?,ham,sweet heart
"Sir, waiting for your letter.",ham,sir wait letter
Dude im no longer a pisces. Im an aquarius now.,ham,dude im longer pisc im aquariu
X course it 2yrs. Just so her messages on messenger lik you r sending me,ham,x cours yr messag messeng lik r send
I think steyn surely get one wicket:),ham,think steyn sure get one wicket
"Neither [in sterm voice] - i'm studying. All fine with me! Not sure the  thing will be resolved, tho. Anyway. Have a fab hols",ham,neither sterm voic im studi fine sure thing resolv tho anyway fab hol
"Garbage bags, eggs, jam, bread, hannaford wheat chex",ham,garbag bag egg jam bread hannaford wheat chex
No. It's not pride. I'm almost  &lt;#&gt;  years old and shouldn't be takin money from my kid. You're not supposed to have to deal with this stuff. This is grownup stuff--why i don't tell you.,ham,pride im almost ltgt year old shouldnt takin money kid your suppos deal stuff grownup stuffwhi dont tell
Sounds better than my evening im just doing my costume. Im not sure what time i finish tomorrow but i will txt you at the end.,ham,sound better even im costum im sure time finish tomorrow txt end
My birthday is on feb  &lt;#&gt;  da. .,ham,birthday feb ltgt da
So when do you wanna gym?,ham,wanna gym
You'd like that wouldn't you? Jerk!,ham,youd like wouldnt jerk
Are u awake? Is there snow there?,ham,u awak snow
And of course you should make a stink!,ham,cours make stink
"u r subscribed 2 TEXTCOMP 250 wkly comp. 1st wk?s free question follows, subsequent wks charged@150p/msg.2 unsubscribe txt STOP 2 84128,custcare 08712405020",spam,u r subscrib textcomp wkli comp st wk free question follow subsequ wk chargedpmsg unsubscrib txt stop custcar
No go. No openings for that room 'til after thanksgiving without an upcharge.,ham,go open room til thanksgiv without upcharg
When you guys planning on coming over?,ham,guy plan come
Wat ü doing now?,ham,wat ü
"My Parents, My Kidz, My Friends n My Colleagues. All screaming.. SURPRISE !! and I was waiting on the sofa.. ... ..... ' NAKED...!",ham,parent kidz friend n colleagu scream surpris wait sofa nake
No sir. That's why i had an 8-hr trip on the bus last week. Have another audition next wednesday but i think i might drive this time.,ham,sir that hr trip bu last week anoth audit next wednesday think might drive time
Do I? I thought I put it back in the box,ham,thought put back box
I'm home...,ham,im home
No one interested. May be some business plan.,ham,one interest may busi plan
Yup it's at paragon... I havent decided whether 2 cut yet... Hee...,ham,yup paragon havent decid whether cut yet hee
Good morning princess! Have a great day!,ham,good morn princess great day
Guai... Ü shd haf seen him when he's naughty... Ü so free today? Can go jogging...,ham,guai ü shd haf seen he naughti ü free today go jog
Aiyo cos i sms ü then ü neva reply so i wait 4 ü to reply lar. I tot ü havent finish ur lab wat.,ham,aiyo co sm ü ü neva repli wait ü repli lar tot ü havent finish ur lab wat
"Living is very simple.. Loving is also simple.. Laughing is too simple.. Winning is tooo simple.. But, Being 'SIMPLE' is very difficult...;-) :-)",ham,live simpl love also simpl laugh simpl win tooo simpl simpl difficult
Tell me something. Thats okay.,ham,tell someth that okay
Ok,ham,ok
Hmm. Shall i bring a bottle of wine to keep us amused? Just joking! I'll still bring a bottle. Red or white? See you tomorrow,ham,hmm shall bring bottl wine keep us amus joke ill still bring bottl red white see tomorrow
This is ur face test ( 1 2 3 4 5 6 7 8 9  &lt;#&gt;  ) select any number i will tell ur face astrology.... am waiting. quick reply...,ham,ur face test ltgt select number tell ur face astrolog wait quick repli
"Hey, iouri gave me your number, I'm wylie, ryan's friend",ham,hey iouri gave number im wyli ryan friend
Yep get with the program. You're slacking.,ham,yep get program your slack
I'm in inside office..still filling forms.don know when they leave me.,ham,im insid officestil fill formsdon know leav
"I think your mentor is , but not 100 percent sure.",ham,think mentor percent sure
Call 09095350301 and send our girls into erotic ecstacy. Just 60p/min. To stop texts call 08712460324 (nat rate),spam,call send girl erot ecstaci pmin stop text call nat rate
Camera - You are awarded a SiPix Digital Camera! call 09061221066 fromm landline. Delivery within 28 days.,spam,camera award sipix digit camera call fromm landlin deliveri within day
A £400 XMAS REWARD IS WAITING FOR YOU! Our computer has randomly picked you from our loyal mobile customers to receive a £400 reward. Just call 09066380611,spam,£ xma reward wait comput randomli pick loyal mobil custom receiv £ reward call
Just trying to figure out when I'm suppose to see a couple different people this week. We said we'd get together but I didn't set dates,ham,tri figur im suppos see coupl differ peopl week said wed get togeth didnt set date
IMPORTANT MESSAGE. This is a final contact attempt. You have important messages waiting out our customer claims dept. Expires 13/4/04. Call 08717507382 NOW!,spam,import messag final contact attempt import messag wait custom claim dept expir call
Hi mom we might be back later than  &lt;#&gt; ,ham,hi mom might back later ltgt
dating:i have had two of these. Only started after i sent a text to talk sport radio last week. Any connection do you think or coincidence?,spam,datingi two start sent text talk sport radio last week connect think coincid
"Lol, oh you got a friend for the dog ?",ham,lol oh got friend dog
"Ok., is any problem to u frm him? Wats matter?",ham,ok problem u frm wat matter
"K I'll head out in a few mins, see you there",ham,k ill head min see
Do u konw waht is rael FRIENDSHIP Im gving yuo an exmpel: Jsut ese tihs msg.. Evrey splleing of tihs msg is wrnog.. Bt sitll yuo can raed it wihtuot ayn mitsake.. GOODNIGHT &amp; HAVE A NICE SLEEP..SWEET DREAMS..,ham,u konw waht rael friendship im gving yuo exmpel jsut ese tih msg evrey splle tih msg wrnog bt sitll yuo ra wihtuot ayn mitsak goodnight amp nice sleepsweet dream
I cant pick the phone right now. Pls send a message,ham,cant pick phone right pl send messag
I don't want you to leave. But i'm barely doing what i can to stay sane. fighting with you constantly isn't helping.,ham,dont want leav im bare stay sane fight constantli isnt help
The current leading bid is 151. To pause this auction send OUT. Customer Care: 08718726270,spam,current lead bid paus auction send custom care
"Free entry to the gr8prizes wkly comp 4 a chance to win the latest Nokia 8800, PSP or £250 cash every wk.TXT GREAT to 80878 http//www.gr8prizes.com 08715705022",spam,free entri grprize wkli comp chanc win latest nokia psp £ cash everi wktxt great httpwwwgrprizescom
Somebody set up a website where you can play hold em using eve online spacebucks,ham,somebodi set websit play hold em use eve onlin spacebuck
Its sunny in california. The weather's just cool,ham,sunni california weather cool
You have 1 new message. Call 0207-083-6089,spam,new messag call
"I can make it up there, squeezed  &lt;#&gt;  bucks out of my dad",ham,make squeez ltgt buck dad
Good day to You too.Pray for me.Remove the teeth as its painful maintaining other stuff.,ham,good day toopray meremov teeth pain maintain stuff
How are you babes. Hope your doing ok. I had a shit nights sleep. I fell asleep at 5.Im knackered and im dreading work tonight. What are thou upto tonight. X,ham,babe hope ok shit night sleep fell asleep im knacker im dread work tonight thou upto tonight x
How do friends help us in problems? They give the most stupid suggestion that Lands us into another problem and helps us forgt the previous problem,ham,friend help us problem give stupid suggest land us anoth problem help us forgt previou problem
I'm at work. Please call,ham,im work pleas call
I will be gentle baby! Soon you will be taking all  &lt;#&gt;  inches deep inside your tight pussy...,ham,gentl babi soon take ltgt inch deep insid tight pussi
NOT MUCH NO FIGHTS. IT WAS A GOOD NITE!!,ham,much fight good nite
Ok.ok ok..then..whats ur todays plan,ham,okok okthenwhat ur today plan
Nt joking seriously i told,ham,nt joke serious told
Watching ajith film ah?,ham,watch ajith film ah
Ooooooh I forgot to tell u I can get on yoville on my phone,ham,ooooooh forgot tell u get yovil phone
"All done, all handed in. Don't know if mega shop in asda counts as celebration but thats what i'm doing!",ham,done hand dont know mega shop asda count celebr that im
I dont know exactly could you ask chechi.,ham,dont know exactli could ask chechi
Dunno lei shd b driving lor cos i go sch 1 hr oni.,ham,dunno lei shd b drive lor co go sch hr oni
As in i want custom officer discount oh.,ham,want custom offic discount oh
That's necessarily respectful,ham,that necessarili respect
Hi. Hope you had a good day. Have a better night.,ham,hi hope good day better night
And he's apparently bffs with carly quick now,ham,he appar bff carli quick
HARD BUT TRUE: How much you show &amp;  express your love to someone....that much it will hurt when they leave you or you get seperated...!鈥┾??〨ud evening...,ham,hard true much show amp express love someonethat much hurt leav get seperated鈥┾〨ud even
Babes I think I got ur brolly I left it in English wil bring it in 2mrw 4 u luv Franxx,ham,babe think got ur brolli left english wil bring mrw u luv franxx
Hi babe its me thanks for coming even though it didnt go that well!i just wanted my bed! Hope to see you soon love and kisses xxx,ham,hi babe thank come even though didnt go welli want bed hope see soon love kiss xxx
So gd got free ice cream... I oso wan...,ham,gd got free ice cream oso wan
Pls give her prometazine syrup. 5mls then  &lt;#&gt; mins later feed.,ham,pl give prometazin syrup ml ltgt min later feed
So how many days since then?,ham,mani day sinc
Dear are you angry i was busy dear,ham,dear angri busi dear
Yup he msg me: is tat yijue? Then i tot it's my group mate cos we meeting today mah... I'm askin if ü leaving earlier or wat mah cos mayb ü haf to walk v far...,ham,yup msg tat yiju tot group mate co meet today mah im askin ü leav earlier wat mah co mayb ü haf walk v far
... Are you in the pub?,ham,pub
There is a first time for everything :),ham,first time everyth
"Daddy, shu shu is looking 4 u... U wan me 2 tell him u're not in singapore or wat?",ham,daddi shu shu look u u wan tell ure singapor wat
I ask if u meeting da ge tmr nite...,ham,ask u meet da ge tmr nite
Gr8. So how do you handle the victoria island traffic. Plus when's the album due,ham,gr handl victoria island traffic plu when album due
Nite nite pocay wocay luv u more than n e thing 4eva I promise ring u 2morrowxxxx,ham,nite nite pocay wocay luv u n e thing eva promis ring u morrowxxxx
East coast,ham,east coast
You should get more chicken broth if you want ramen unless there's some I don't know about,ham,get chicken broth want ramen unless there dont know
My slave! I want you to take 2 or 3 pictures of yourself today in bright light on your cell phone! Bright light!,ham,slave want take pictur today bright light cell phone bright light
Nope. I just forgot. Will show next week,ham,nope forgot show next week
So how are you really. What are you up to. How's the masters. And so on.,ham,realli how master
I'm at bruce &amp; fowler now but I'm in my mom's car so I can't park (long story),ham,im bruce amp fowler im mom car cant park long stori
I dont know oh. Hopefully this month.,ham,dont know oh hope month
"Hi elaine, is today's meeting confirmed?",ham,hi elain today meet confirm
Ok k..sry i knw 2 siva..tats y i askd..,ham,ok ksri knw sivatat askd
"Sorry, I'll call later",ham,sorri ill call later
U horrible gal... U knew dat i was going out wif him yest n u still come n ask me...,ham,u horribl gal u knew dat go wif yest n u still come n ask
Otherwise had part time job na-tuition..,ham,otherwis part time job natuit
Oh yeah! And my diet just flew out the window,ham,oh yeah diet flew window
Santa Calling! Would your little ones like a call from Santa Xmas eve? Call 09058094583 to book your time.,spam,santa call would littl one like call santa xma eve call book time
You didnt complete your gist oh.,ham,didnt complet gist oh
"Er yeah, i will b there at 15:26, sorry! Just tell me which pub/cafe to sit in and come wen u can",ham,er yeah b sorri tell pubcaf sit come wen u
"If you can make it any time tonight or whenever you can it's cool, just text me whenever you're around",ham,make time tonight whenev cool text whenev your around
If I was I wasn't paying attention,ham,wasnt pay attent
Thanx a lot 4 ur help!,ham,thanx lot ur help
You're gonna have to be way more specific than that,ham,your gonna way specif
Jesus armand really is trying to tell everybody he can find,ham,jesu armand realli tri tell everybodi find
I'm wif him now buying tix lar...,ham,im wif buy tix lar
Mode men or have you left.,ham,mode men left
Am slow in using biola's fne,ham,slow use biola fne
What are youdoing later? Sar xxx,ham,youdo later sar xxx
Hey i've booked the 2 lessons on sun liao...,ham,hey ive book lesson sun liao
Thank you. do you generally date the brothas?,ham,thank gener date brotha
"By the way, make sure u get train to worc foregate street not shrub hill. Have fun night x",ham,way make sure u get train worc foreg street shrub hill fun night x
"I thought i'd get him a watch, just cos thats the kind of thing u get4an18th. And he loves so much!",ham,thought id get watch co that kind thing u getanth love much
You have won a guaranteed 32000 award or maybe even £1000 cash to claim ur award call free on 0800 ..... (18+). Its a legitimat efreefone number wat do u think???,spam,guarante award mayb even £ cash claim ur award call free legitimat efreefon number wat u think
Good morning. At the repair shop--the ONLY reason i'm up at this hour.,ham,good morn repair shopth reason im hour
"And that's fine, I got enough bud to last most of the night at least",ham,that fine got enough bud last night least
I am back. Good journey! Let me know if you need any of the receipts. Shall i tell you like the pendent?,ham,back good journey let know need receipt shall tell like pendent
So that takes away some money worries,ham,take away money worri
"aight we can pick some up, you open before tonight?",ham,aight pick open tonight
"Latest News! Police station toilet stolen, cops have nothing to go on!",spam,latest news polic station toilet stolen cop noth go
Sac needs to carry on:),ham,sac need carri
Just sing HU. I think its also important to find someone female that know the place well preferably a citizen that is also smart to help you navigate through. Even things like choosing a phone plan require guidance. When in doubt ask especially girls.,ham,sing hu think also import find someon femal know place well prefer citizen also smart help navig even thing like choos phone plan requir guidanc doubt ask especi girl
What???? Hello wats talks email address?,ham,hello wat talk email address
Except theres a chick with huge boobs.,ham,except there chick huge boob
Im just wondering what your doing right now?,ham,im wonder right
Wishing you a beautiful day. Each moment revealing even more things to keep you smiling. Do enjoy it.,ham,wish beauti day moment reveal even thing keep smile enjoy
For the most sparkling shopping breaks from 45 per person; call 0121 2025050 or visit www.shortbreaks.org.uk,spam,sparkl shop break per person call visit wwwshortbreaksorguk
Arun can u transfr me d amt,ham,arun u transfr amt
"Sorry, I'll call later",ham,sorri ill call later
If you hear a loud scream in about &lt;#&gt; minutes its cause my Gyno will be shoving things up me that don't belong :/,ham,hear loud scream ltgt minut caus gyno shove thing dont belong
December only! Had your mobile 11mths+? You are entitled to update to the latest colour camera mobile for Free! Call The Mobile Update Co FREE on 08002986906,spam,decemb mobil mth entitl updat latest colour camera mobil free call mobil updat co free
Ok i thk i got it. Then u wan me 2 come now or wat?,ham,ok thk got u wan come wat
Txt: CALL to No: 86888 & claim your reward of 3 hours talk time to use from your phone now! Subscribe6GBP/mnth inc 3hrs 16 stop?txtStop www.gamb.tv,spam,txt call claim reward hour talk time use phone subscribegbpmnth inc hr stoptxtstop wwwgambtv
U GOIN OUT 2NITE?,ham,u goin nite
I will treasure every moment we spend together...,ham,treasur everi moment spend togeth
Shall I bring us a bottle of wine to keep us amused? Only joking! I‘ll bring one anyway,ham,shall bring us bottl wine keep us amus joke i‘ll bring one anyway
http//tms. widelive.com/index. wml?id=820554ad0a1705572711&first=true¡C C Ringtone¡,spam,httptm widelivecomindex wmlidadafirsttrue¡c c ringtone¡
Get your garden ready for summer with a FREE selection of summer bulbs and seeds worth £33:50 only with The Scotsman this Saturday. To stop go2 notxt.co.uk,spam,get garden readi summer free select summer bulb seed worth £ scotsman saturday stop go notxtcouk
"URGENT! Last weekend's draw shows that you have won £1000 cash or a Spanish holiday! CALL NOW 09050000332 to claim. T&C: RSTM, SW7 3SS. 150ppm",spam,urgent last weekend draw show £ cash spanish holiday call claim tc rstm sw ss ppm
Ok lor.,ham,ok lor
I thought slide is enough.,ham,thought slide enough
Yup,ham,yup
Well obviously not because all the people in my cool college life went home ;_;,ham,well obvious peopl cool colleg life went home
Ok lor ü reaching then message me.,ham,ok lor ü reach messag
Where's mummy's boy ? Is he being good or bad ? Is he being positive or negative ? Why is mummy being made to wait? Hmmmm?,ham,where mummi boy good bad posit neg mummi made wait hmmmm
Dhoni have luck to win some big title.so we will win:),ham,dhoni luck win big titleso win
Yes princess! I want to please you every night. Your wish is my command...,ham,ye princess want pleas everi night wish command
What Today-sunday..sunday is holiday..so no work..,ham,todaysundaysunday holidayso work
No probably  &lt;#&gt; %.,ham,probabl ltgt
Really do hope the work doesnt get stressful. Have a gr8 day.,ham,realli hope work doesnt get stress gr day
Have you seen who's back at Holby?!,ham,seen who back holbi
Shall call now dear having food,ham,shall call dear food
URGENT We are trying to contact you Last weekends draw shows u have won a £1000 prize GUARANTEED Call 09064017295 Claim code K52 Valid 12hrs 150p pm,spam,urgent tri contact last weekend draw show u £ prize guarante call claim code k valid hr p pm
So li hai... Me bored now da lecturer repeating last weeks stuff waste time... ,ham,li hai bore da lectur repeat last week stuff wast time
", ,  and  picking them up from various points | going 2 yeovil | and they will do the motor project 4 3 hours | and then u take them home. || 12 2 5.30 max. || Very easy",ham,pick variou point go yeovil motor project hour u take home max easi
Also fuck you and your family for going to rhode island or wherever the fuck and leaving me all alone the week I have a new bong &gt;:(,ham,also fuck famili go rhode island wherev fuck leav alon week new bong gt
Ofcourse I also upload some songs,ham,ofcours also upload song
2p per min to call Germany 08448350055 from your BT line. Just 2p per min. Check PlanetTalkInstant.com for info & T's & C's. Text stop to opt out,spam,p per min call germani bt line p per min check planettalkinstantcom info ts cs text stop opt
K. I will sent it again,ham,k sent
Oh thanks a lot..i already bought 2 eggs ..,ham,oh thank loti alreadi bought egg
K. I will sent it again,ham,k sent
U studying in sch or going home? Anyway i'll b going 2 sch later.,ham,u studi sch go home anyway ill b go sch later
Marvel Mobile Play the official Ultimate Spider-man game (£4.50) on ur mobile right now. Text SPIDER to 83338 for the game & we ll send u a FREE 8Ball wallpaper,spam,marvel mobil play offici ultim spiderman game £ ur mobil right text spider game send u free ball wallpap
I think if he rule tamilnadu..then its very tough for our people.,ham,think rule tamilnaduthen tough peopl
"Cool, we shall go and see, have to go to tip anyway. Are you at home, got something to drop in later? So lets go to town tonight! Maybe mum can take us in.",ham,cool shall go see go tip anyway home got someth drop later let go town tonight mayb mum take us
"Good afternoon, my love ... How goes your day ? How did you sleep ? I hope your well, my boytoy ... I think of you ...",ham,good afternoon love goe day sleep hope well boytoy think
Yes... I trust u to buy new stuff ASAP so I can try it out,ham,ye trust u buy new stuff asap tri
"SMS SERVICES. for your inclusive text credits, pls goto www.comuk.net login= 3qxj9 unsubscribe with STOP, no extra charge. help 08702840625.COMUK. 220-CM2 9AE",spam,sm servic inclus text credit pl goto wwwcomuknet login qxj unsubscrib stop extra charg help comuk cm ae
Why did I wake up on my own &gt;:(,ham,wake gt
Now get step 2 outta the way. Congrats again.,ham,get step outta way congrat
Love has one law; Make happy the person you love. In the same way friendship has one law; Never make ur friend feel alone until you are alive.... Gud night,ham,love one law make happi person love way friendship one law never make ur friend feel alon aliv gud night
PRIVATE! Your 2003 Account Statement for 07808247860 shows 800 un-redeemed S. I. M. points. Call 08719899229 Identifier Code: 40411 Expires 06/11/04,spam,privat account statement show unredeem point call identifi code expir
Apo all other are mokka players only,ham,apo mokka player
"Perhaps * is much easy give your account identification, so i will tomorrow at UNI",ham,perhap much easi give account identif tomorrow uni
Wait . I will msg after  &lt;#&gt;  min.,ham,wait msg ltgt min
What i told before i tell. Stupid hear after i wont tell anything to you. You dad called to my brother and spoken. Not with me.,ham,told tell stupid hear wont tell anyth dad call brother spoken
God's love has no limit. God's grace has no measure. God's power has no boundaries. May u have God's endless blessings always in ur life...!! Gud ni8,ham,god love limit god grace measur god power boundari may u god endless bless alway ur life gud ni
I want to be inside you every night...,ham,want insid everi night
"Machan you go to gym tomorrow,  i wil come late goodnight.",ham,machan go gym tomorrow wil come late goodnight
Lol they were mad at first but then they woke up and gave in.,ham,lol mad first woke gave
I went to project centre,ham,went project centr
"It‘s reassuring, in this crazy world.",ham,it‘ reassur crazi world
"Just making dinner, you ?",ham,make dinner
Yes. Please leave at  &lt;#&gt; . So that at  &lt;#&gt;  we can leave,ham,ye pleas leav ltgt ltgt leav
Oh... Okie lor...We go on sat... ,ham,oh oki lorw go sat
You are a great role model. You are giving so much and i really wish each day for a miracle but God as a reason for everything and i must say i wish i knew why but i dont. I've looked up to you since i was young and i still do. Have a great day.,ham,great role model give much realli wish day miracl god reason everyth must say wish knew dont ive look sinc young still great day
"Ya, i'm referin to mei's ex wat... No ah, waitin 4 u to treat, somebody shld b rich liao...So gd, den u dun have to work frm tmr onwards...",ham,ya im referin mei ex wat ah waitin u treat somebodi shld b rich liaoso gd den u dun work frm tmr onward
Miles and smiles r made frm same letters but do u know d difference..? smile on ur face keeps me happy even though I am miles away from u.. :-)keep smiling.. Good nyt,ham,mile smile r made frm letter u know differ smile ur face keep happi even though mile away u keep smile good nyt
"By the way, i've put a skip right outside the front of the house so you can see which house it is. Just pull up before it.",ham,way ive put skip right outsid front hous see hous pull
Can you pls send me that company name. In saibaba colany,ham,pl send compani name saibaba colani
No. I dont want to hear anything,ham,dont want hear anyth
You are a big chic. Common. Declare,ham,big chic common declar
Thats cool. I want to please you...,ham,that cool want pleas
Going to join tomorrow.,ham,go join tomorrow
You are awarded a SiPix Digital Camera! call 09061221061 from landline. Delivery within 28days. T Cs Box177. M221BP. 2yr warranty. 150ppm. 16 . p p£3.99,spam,award sipix digit camera call landlin deliveri within day cs box mbp yr warranti ppm p p£
I want to tell you how bad I feel that basically the only times I text you lately are when I need drugs,ham,want tell bad feel basic time text late need drug
PRIVATE! Your 2003 Account Statement for shows 800 un-redeemed S.I.M. points. Call 08718738001 Identifier Code: 49557 Expires 26/11/04,spam,privat account statement show unredeem sim point call identifi code expir
"Total disappointment, when I texted you was the craziest shit got :(",ham,total disappoint text craziest shit got
Its just the effect of irritation. Just ignore it,ham,effect irrit ignor
What about this one then.,ham,one
I think that tantrum's finished so yeah I'll be by at some point,ham,think tantrum finish yeah ill point
Compliments to you. Was away from the system. How your side.,ham,compliment away system side
happened here while you were adventuring,ham,happen adventur
"Hey chief, can you give me a bell when you get this. Need to talk to you about this royal visit on the 1st june. ",ham,hey chief give bell get need talk royal visit st june
Ok which your another number,ham,ok anoth number
"I know you are thinkin malaria. But relax, children cant handle malaria. She would have been worse and its gastroenteritis. If she takes enough to replace her loss her temp will reduce. And if you give her malaria meds now she will just vomit. Its a self limiting illness she has which means in a few days it will completely stop",ham,know thinkin malaria relax children cant handl malaria would wors gastroenter take enough replac loss temp reduc give malaria med vomit self limit ill mean day complet stop
Aiyah ok wat as long as got improve can already wat...,ham,aiyah ok wat long got improv alreadi wat
Want explicit SEX in 30 secs? Ring 02073162414 now! Costs 20p/min Gsex POBOX 2667 WC1N 3XX,spam,want explicit sex sec ring cost pmin gsex pobox wcn xx
I can't believe how attached I am to seeing you every day. I know you will do the best you can to get to me babe. I will go to teach my class at your midnight,ham,cant believ attach see everi day know best get babe go teach class midnight
Just sleeping..and surfing,ham,sleepingand surf
ASKED 3MOBILE IF 0870 CHATLINES INCLU IN FREE MINS. INDIA CUST SERVs SED YES. L8ER GOT MEGA BILL. 3 DONT GIV A SHIT. BAILIFF DUE IN DAYS. I O £250 3 WANT £800,spam,ask mobil chatlin inclu free min india cust serv sed ye ler got mega bill dont giv shit bailiff due day £ want £
Yeah it's jus rite...,ham,yeah ju rite
Armand says get your ass over to epsilon,ham,armand say get ass epsilon
U still havent got urself a jacket ah?,ham,u still havent got urself jacket ah
"I'm taking derek &amp; taylor to walmart, if I'm not back by the time you're done just leave the mouse on my desk and I'll text you when priscilla's ready",ham,im take derek amp taylor walmart im back time your done leav mous desk ill text priscilla readi
Hi its in durban are you still on this number,ham,hi durban still number
Ic. There are a lotta childporn cars then.,ham,ic lotta childporn car
"Had your contract mobile 11 Mnths? Latest Motorola, Nokia etc. all FREE! Double Mins & Text on Orange tariffs. TEXT YES for callback, no to remove from records.",spam,contract mobil mnth latest motorola nokia etc free doubl min text orang tariff text ye callback remov record
"No, I was trying it all weekend ;V",ham,tri weekend v
"You know, wot people wear. T shirts, jumpers, hat, belt, is all we know. We r at Cribbs",ham,know wot peopl wear shirt jumper hat belt know r cribb
"Cool, what time you think you can get here?",ham,cool time think get
Wen did you get so spiritual and deep. That's great,ham,wen get spiritu deep that great
Have a safe trip to Nigeria. Wish you happiness and very soon company to share moments with,ham,safe trip nigeria wish happi soon compani share moment
Hahaha..use your brain dear,ham,hahahaus brain dear
Well keep in mind I've only got enough gas for one more round trip barring a sudden influx of cash,ham,well keep mind ive got enough ga one round trip bar sudden influx cash
Yeh. Indians was nice. Tho it did kane me off a bit he he. We shud go out 4 a drink sometime soon. Mite hav 2 go 2 da works 4 a laugh soon. Love Pete x x,ham,yeh indian nice tho kane bit shud go drink sometim soon mite hav go da work laugh soon love pete x x
Yes i have. So that's why u texted. Pshew...missing you so much,ham,ye that u text pshewmiss much
No. I meant the calculation is the same. That  &lt;#&gt; units at  &lt;#&gt; . This school is really expensive. Have you started practicing your accent. Because its important. And have you decided if you are doing 4years of dental school or if you'll just do the nmde exam.,ham,meant calcul ltgt unit ltgt school realli expens start practic accent import decid year dental school youll nmde exam
"Sorry, I'll call later",ham,sorri ill call later
if you aren't here in the next  &lt;#&gt;  hours imma flip my shit,ham,arent next ltgt hour imma flip shit
Anything lor. Juz both of us lor.,ham,anyth lor juz us lor
Get me out of this dump heap. My mom decided to come to lowes. BORING.,ham,get dump heap mom decid come low bore
Ok lor... Sony ericsson salesman... I ask shuhui then she say quite gd 2 use so i considering...,ham,ok lor soni ericsson salesman ask shuhui say quit gd use consid
Ard 6 like dat lor.,ham,ard like dat lor
Why don't you wait 'til at least wednesday to see if you get your .,ham,dont wait til least wednesday see get
Huh y lei...,ham,huh lei
"REMINDER FROM O2: To get 2.50 pounds free call credit and details of great offers pls reply 2 this text with your valid name, house no and postcode",spam,remind get pound free call credit detail great offer pl repli text valid name hous postcod
"This is the 2nd time we have tried 2 contact u. U have won the £750 Pound prize. 2 claim is easy, call 087187272008 NOW1! Only 10p per minute. BT-national-rate.",spam,nd time tri contact u u £ pound prize claim easi call p per minut btnationalr
Will ü b going to esplanade fr home?,ham,ü b go esplanad fr home
"Pity, * was in mood for that. So...any other suggestions?",ham,piti mood soani suggest
The guy did some bitching but I acted like i'd be interested in buying something else next week and he gave it to us for free,ham,guy bitch act like id interest buy someth els next week gave us free
Rofl. Its true to its name,ham,rofl true name
